-- phpMyAdmin SQL Dump
-- version 4.5.4.1deb2ubuntu2
-- http://www.phpmyadmin.net
--
-- Host: localhost
-- Generation Time: 11 Jul 2018 pada 14.51
-- Versi Server: 5.7.22-0ubuntu0.16.04.1
-- PHP Version: 7.1.19-1+ubuntu16.04.1+deb.sury.org+1

SET SQL_MODE = "NO_AUTO_VALUE_ON_ZERO";
SET time_zone = "+00:00";


/*!40101 SET @OLD_CHARACTER_SET_CLIENT=@@CHARACTER_SET_CLIENT */;
/*!40101 SET @OLD_CHARACTER_SET_RESULTS=@@CHARACTER_SET_RESULTS */;
/*!40101 SET @OLD_COLLATION_CONNECTION=@@COLLATION_CONNECTION */;
/*!40101 SET NAMES utf8mb4 */;

--
-- Database: `wedding_planner`
--

-- --------------------------------------------------------

--
-- Struktur dari tabel `concept`
--

CREATE TABLE `concept` (
  `id` int(11) NOT NULL,
  `name` varchar(255) NOT NULL,
  `description` text,
  `status` smallint(6) NOT NULL DEFAULT '1',
  `order` smallint(6) NOT NULL,
  `created_at` timestamp NULL DEFAULT NULL,
  `updated_at` timestamp NULL DEFAULT NULL
) ENGINE=InnoDB DEFAULT CHARSET=latin1;

--
-- Dumping data untuk tabel `concept`
--

INSERT INTO `concept` (`id`, `name`, `description`, `status`, `order`, `created_at`, `updated_at`) VALUES
(1, 'Acara Lamaran', NULL, 1, 0, '2018-02-20 03:00:00', '2018-02-21 02:33:06'),
(2, 'Acara Pengajian', NULL, 1, 1, '2018-02-20 03:00:01', NULL),
(3, 'Acara Siraman / Pra Nikah', NULL, 1, 2, '2018-02-20 03:00:02', '2018-05-21 23:41:22'),
(4, 'Pre Wedding', NULL, 1, 3, '2018-02-20 03:00:03', NULL),
(5, 'Acara Akad Nikah', NULL, 1, 4, '2018-02-20 03:00:04', NULL),
(6, 'Acara Resepsi', NULL, 1, 5, '2018-02-20 03:00:05', NULL),
(7, 'Bulan Madu', NULL, 1, 6, '2018-02-20 03:00:06', NULL);

-- --------------------------------------------------------

--
-- Struktur dari tabel `content`
--

CREATE TABLE `content` (
  `id` int(11) NOT NULL,
  `concept_id` int(11) DEFAULT NULL,
  `user_relation_concept_id` int(11) DEFAULT NULL,
  `grouping` int(11) NOT NULL,
  `user_relation_id` bigint(20) NOT NULL,
  `user_id` bigint(20) UNSIGNED NOT NULL,
  `name` varchar(255) NOT NULL,
  `description` varchar(600) DEFAULT NULL,
  `status` smallint(6) NOT NULL DEFAULT '1',
  `order` smallint(6) NOT NULL,
  `is_not_deleted` smallint(6) NOT NULL DEFAULT '1',
  `created_at` timestamp NULL DEFAULT NULL,
  `updated_at` timestamp NULL DEFAULT NULL
) ENGINE=InnoDB DEFAULT CHARSET=latin1;

--
-- Dumping data untuk tabel `content`
--

INSERT INTO `content` (`id`, `concept_id`, `user_relation_concept_id`, `grouping`, `user_relation_id`, `user_id`, `name`, `description`, `status`, `order`, `is_not_deleted`, `created_at`, `updated_at`) VALUES
(1, 1, NULL, 1, 1, 3, 'Pengurus Pernikahan', NULL, 1, 0, 1, '2018-07-11 00:51:18', '2018-07-11 00:51:18'),
(2, 1, NULL, 2, 1, 3, 'Dekorasi', NULL, 1, 0, 1, '2018-07-11 00:51:18', '2018-07-11 00:51:18'),
(3, 1, NULL, 3, 1, 3, 'Lokasi Acara', NULL, 1, 0, 1, '2018-07-11 00:51:18', '2018-07-11 00:51:18'),
(4, 1, NULL, 4, 1, 3, 'Foto', NULL, 1, 0, 1, '2018-07-11 00:51:18', '2018-07-11 00:51:18'),
(5, 1, NULL, 5, 1, 3, 'Video', NULL, 1, 0, 1, '2018-07-11 00:51:18', '2018-07-11 00:51:18'),
(6, 1, NULL, 6, 1, 3, 'Busana Pengantin', NULL, 1, 0, 1, '2018-07-11 00:51:18', '2018-07-11 00:51:18'),
(7, 1, NULL, 7, 1, 3, 'Busana Keluarga', NULL, 1, 0, 1, '2018-07-11 00:51:18', '2018-07-11 00:51:18'),
(8, 1, NULL, 8, 1, 3, 'Busana Panitia', NULL, 1, 0, 1, '2018-07-11 00:51:18', '2018-07-11 00:51:18'),
(9, 1, NULL, 9, 1, 3, 'Aksesoris', NULL, 1, 0, 1, '2018-07-11 00:51:18', '2018-07-11 00:51:18'),
(10, 1, NULL, 10, 1, 3, 'Perias Wajah', NULL, 1, 0, 1, '2018-07-11 00:51:18', '2018-07-11 00:51:18'),
(11, 1, NULL, 11, 1, 3, 'Katering', NULL, 1, 0, 1, '2018-07-11 00:51:18', '2018-07-11 00:51:18'),
(12, 1, NULL, 12, 1, 3, 'Undangan', NULL, 1, 0, 1, '2018-07-11 00:51:18', '2018-07-11 00:51:18'),
(13, 1, NULL, 14, 1, 3, 'Seserahan', NULL, 1, 0, 1, '2018-07-11 00:51:18', '2018-07-11 00:51:18'),
(14, 1, NULL, 13, 1, 3, 'Kenang-kenangan', NULL, 1, 0, 1, '2018-07-11 00:51:18', '2018-07-11 00:51:18'),
(15, 1, NULL, 16, 1, 3, 'Pengisi Acara, MC', NULL, 1, 0, 1, '2018-07-11 00:51:18', '2018-07-11 00:51:18'),
(16, 2, NULL, 1, 1, 3, 'Pengurus Pernikahan', NULL, 1, 0, 1, '2018-07-11 00:51:18', '2018-07-11 00:51:18'),
(17, 2, NULL, 2, 1, 3, 'Dekorasi', NULL, 1, 0, 1, '2018-07-11 00:51:18', '2018-07-11 00:51:18'),
(18, 2, NULL, 3, 1, 3, 'Lokasi Acara', NULL, 1, 0, 1, '2018-07-11 00:51:18', '2018-07-11 00:51:18'),
(19, 2, NULL, 4, 1, 3, 'Foto', NULL, 1, 0, 1, '2018-07-11 00:51:18', '2018-07-11 00:51:18'),
(20, 2, NULL, 5, 1, 3, 'Video', NULL, 1, 0, 1, '2018-07-11 00:51:18', '2018-07-11 00:51:18'),
(21, 2, NULL, 6, 1, 3, 'Busana Pengantin', NULL, 1, 0, 1, '2018-07-11 00:51:18', '2018-07-11 00:51:18'),
(22, 2, NULL, 7, 1, 3, 'Busana Keluarga', NULL, 1, 0, 1, '2018-07-11 00:51:18', '2018-07-11 00:51:18'),
(23, 2, NULL, 8, 1, 3, 'Busana Panitia', NULL, 1, 0, 1, '2018-07-11 00:51:18', '2018-07-11 00:51:18'),
(24, 2, NULL, 9, 1, 3, 'Aksesoris', NULL, 1, 0, 1, '2018-07-11 00:51:18', '2018-07-11 00:51:18'),
(25, 2, NULL, 10, 1, 3, 'Perias Wajah', NULL, 1, 0, 1, '2018-07-11 00:51:18', '2018-07-11 00:51:18'),
(26, 2, NULL, 11, 1, 3, 'Katering', NULL, 1, 0, 1, '2018-07-11 00:51:18', '2018-07-11 00:51:18'),
(27, 2, NULL, 12, 1, 3, 'Undangan', NULL, 1, 0, 1, '2018-07-11 00:51:18', '2018-07-11 00:51:18'),
(28, 2, NULL, 13, 1, 3, 'Kenang-kenangan', NULL, 1, 0, 1, '2018-07-11 00:51:18', '2018-07-11 00:51:18'),
(29, 2, NULL, 16, 1, 3, 'Pengisi Acara, MC', NULL, 1, 0, 1, '2018-07-11 00:51:18', '2018-07-11 00:51:18'),
(30, 3, NULL, 1, 1, 3, 'Pengurus Pernikahan', NULL, 1, 0, 1, '2018-07-11 00:51:18', '2018-07-11 00:51:18'),
(31, 3, NULL, 2, 1, 3, 'Dekorasi', NULL, 1, 0, 1, '2018-07-11 00:51:18', '2018-07-11 00:51:18'),
(32, 3, NULL, 3, 1, 3, 'Lokasi Acara', NULL, 1, 0, 1, '2018-07-11 00:51:18', '2018-07-11 00:51:18'),
(33, 3, NULL, 4, 1, 3, 'Foto', NULL, 1, 0, 1, '2018-07-11 00:51:18', '2018-07-11 00:51:18'),
(34, 3, NULL, 5, 1, 3, 'Video', NULL, 1, 0, 1, '2018-07-11 00:51:18', '2018-07-11 00:51:18'),
(35, 3, NULL, 6, 1, 3, 'Busana Pengantin', NULL, 1, 0, 1, '2018-07-11 00:51:18', '2018-07-11 00:51:18'),
(36, 3, NULL, 7, 1, 3, 'Busana Keluarga', NULL, 1, 0, 1, '2018-07-11 00:51:18', '2018-07-11 00:51:18'),
(37, 3, NULL, 8, 1, 3, 'Busana Panitia', NULL, 1, 0, 1, '2018-07-11 00:51:18', '2018-07-11 00:51:18'),
(38, 3, NULL, 9, 1, 3, 'Aksesoris', NULL, 1, 0, 1, '2018-07-11 00:51:18', '2018-07-11 00:51:18'),
(39, 3, NULL, 10, 1, 3, 'Perias Wajah', NULL, 1, 0, 1, '2018-07-11 00:51:18', '2018-07-11 00:51:18'),
(40, 3, NULL, 11, 1, 3, 'Katering', NULL, 1, 0, 1, '2018-07-11 00:51:18', '2018-07-11 00:51:18'),
(41, 3, NULL, 12, 1, 3, 'Undangan', NULL, 1, 0, 1, '2018-07-11 00:51:18', '2018-07-11 00:51:18'),
(42, 3, NULL, 13, 1, 3, 'Kenang-kenangan', NULL, 1, 0, 1, '2018-07-11 00:51:18', '2018-07-11 00:51:18'),
(43, 3, NULL, 16, 1, 3, 'Pengisi Acara, MC', NULL, 1, 0, 1, '2018-07-11 00:51:18', '2018-07-11 00:51:18'),
(44, 4, NULL, 1, 1, 3, 'Pengurus Pernikahan', NULL, 1, 0, 1, '2018-07-11 00:51:18', '2018-07-11 00:51:18'),
(45, 4, NULL, 2, 1, 3, 'Dekorasi', NULL, 1, 0, 1, '2018-07-11 00:51:18', '2018-07-11 00:51:18'),
(46, 4, NULL, 3, 1, 3, 'Lokasi Acara', NULL, 1, 0, 1, '2018-07-11 00:51:18', '2018-07-11 00:51:18'),
(47, 4, NULL, 4, 1, 3, 'Foto', NULL, 1, 0, 1, '2018-07-11 00:51:18', '2018-07-11 00:51:18'),
(48, 4, NULL, 5, 1, 3, 'Video', NULL, 1, 0, 1, '2018-07-11 00:51:18', '2018-07-11 00:51:18'),
(49, 4, NULL, 6, 1, 3, 'Busana Pengantin', NULL, 1, 0, 1, '2018-07-11 00:51:18', '2018-07-11 00:51:18'),
(50, 4, NULL, 7, 1, 3, 'Busana Keluarga', NULL, 1, 0, 1, '2018-07-11 00:51:18', '2018-07-11 00:51:18'),
(51, 4, NULL, 8, 1, 3, 'Busana Panitia', NULL, 1, 0, 1, '2018-07-11 00:51:18', '2018-07-11 00:51:18'),
(52, 4, NULL, 9, 1, 3, 'Aksesoris', NULL, 1, 0, 1, '2018-07-11 00:51:18', '2018-07-11 00:51:18'),
(53, 4, NULL, 10, 1, 3, 'Perias Wajah', NULL, 1, 0, 1, '2018-07-11 00:51:18', '2018-07-11 00:51:18'),
(54, 4, NULL, 11, 1, 3, 'Makanan', NULL, 1, 0, 1, '2018-07-11 00:51:18', '2018-07-11 00:51:18'),
(55, 5, NULL, 1, 1, 3, 'Pengurus Pernikahan', NULL, 1, 0, 1, '2018-07-11 00:51:18', '2018-07-11 00:51:18'),
(56, 5, NULL, 2, 1, 3, 'Dekorasi', NULL, 1, 0, 1, '2018-07-11 00:51:18', '2018-07-11 00:51:18'),
(57, 5, NULL, 3, 1, 3, 'Lokasi Acara', NULL, 1, 0, 1, '2018-07-11 00:51:18', '2018-07-11 00:51:18'),
(58, 5, NULL, 4, 1, 3, 'Foto', NULL, 1, 0, 1, '2018-07-11 00:51:18', '2018-07-11 00:51:18'),
(59, 5, NULL, 5, 1, 3, 'Video', NULL, 1, 0, 1, '2018-07-11 00:51:18', '2018-07-11 00:51:18'),
(60, 5, NULL, 6, 1, 3, 'Busana Pengantin', NULL, 1, 0, 1, '2018-07-11 00:51:18', '2018-07-11 00:51:18'),
(61, 5, NULL, 7, 1, 3, 'Busana Keluarga', NULL, 1, 0, 1, '2018-07-11 00:51:18', '2018-07-11 00:51:18'),
(62, 5, NULL, 8, 1, 3, 'Busana Panitia', NULL, 1, 0, 1, '2018-07-11 00:51:18', '2018-07-11 00:51:18'),
(63, 5, NULL, 9, 1, 3, 'Aksesoris', NULL, 1, 0, 1, '2018-07-11 00:51:18', '2018-07-11 00:51:18'),
(64, 5, NULL, 10, 1, 3, 'Perias Wajah', NULL, 1, 0, 1, '2018-07-11 00:51:18', '2018-07-11 00:51:18'),
(65, 5, NULL, 11, 1, 3, 'Makanan', NULL, 1, 0, 1, '2018-07-11 00:51:18', '2018-07-11 00:51:18'),
(66, 5, NULL, 12, 1, 3, 'Undangan', NULL, 1, 0, 1, '2018-07-11 00:51:18', '2018-07-11 00:51:18'),
(67, 5, NULL, 13, 1, 3, 'Kenang-kenangan', NULL, 1, 0, 1, '2018-07-11 00:51:18', '2018-07-11 00:51:18'),
(68, 5, NULL, 16, 1, 3, 'Pengisi Acara, MC', NULL, 1, 0, 1, '2018-07-11 00:51:18', '2018-07-11 00:51:18'),
(69, 6, NULL, 1, 1, 3, 'Pengurus Pernikahan', NULL, 1, 0, 1, '2018-07-11 00:51:18', '2018-07-11 00:51:18'),
(70, 6, NULL, 2, 1, 3, 'Dekorasi', NULL, 1, 0, 1, '2018-07-11 00:51:18', '2018-07-11 00:51:18'),
(71, 6, NULL, 3, 1, 3, 'Lokasi Acara', NULL, 1, 0, 1, '2018-07-11 00:51:18', '2018-07-11 00:51:18'),
(72, 6, NULL, 4, 1, 3, 'Foto', NULL, 1, 0, 1, '2018-07-11 00:51:18', '2018-07-11 00:51:18'),
(73, 6, NULL, 5, 1, 3, 'Video', NULL, 1, 0, 1, '2018-07-11 00:51:18', '2018-07-11 00:51:18'),
(74, 6, NULL, 6, 1, 3, 'Busana Pengantin', NULL, 1, 0, 1, '2018-07-11 00:51:18', '2018-07-11 00:51:18'),
(75, 6, NULL, 7, 1, 3, 'Busana Keluarga', NULL, 1, 0, 1, '2018-07-11 00:51:18', '2018-07-11 00:51:18'),
(76, 6, NULL, 8, 1, 3, 'Busana Panitia', NULL, 1, 0, 1, '2018-07-11 00:51:18', '2018-07-11 00:51:18'),
(77, 6, NULL, 9, 1, 3, 'Aksesoris', NULL, 1, 0, 1, '2018-07-11 00:51:18', '2018-07-11 00:51:18'),
(78, 6, NULL, 10, 1, 3, 'Perias Wajah', NULL, 1, 0, 1, '2018-07-11 00:51:18', '2018-07-11 00:51:18'),
(79, 6, NULL, 11, 1, 3, 'Makanan', NULL, 1, 0, 1, '2018-07-11 00:51:18', '2018-07-11 00:51:18'),
(80, 6, NULL, 12, 1, 3, 'Undangan', NULL, 1, 0, 1, '2018-07-11 00:51:18', '2018-07-11 00:51:18'),
(81, 6, NULL, 14, 1, 3, 'Seserahan', NULL, 1, 0, 1, '2018-07-11 00:51:19', '2018-07-11 00:51:19'),
(82, 6, NULL, 13, 1, 3, 'Kenang-kenangan', NULL, 1, 0, 1, '2018-07-11 00:51:19', '2018-07-11 00:51:19'),
(83, 6, NULL, 16, 1, 3, 'Pengisi Acara, MC', NULL, 1, 0, 1, '2018-07-11 00:51:19', '2018-07-11 00:51:19'),
(84, 7, NULL, 15, 1, 3, 'Bulan Madu', NULL, 1, 0, 1, '2018-07-11 00:51:19', '2018-07-11 00:51:19'),
(85, 1, NULL, 1, 2, 5, 'Pengurus Pernikahan', NULL, 1, 0, 1, '2018-07-11 00:51:19', '2018-07-11 00:51:19'),
(86, 1, NULL, 2, 2, 5, 'Dekorasi', NULL, 1, 0, 1, '2018-07-11 00:51:19', '2018-07-11 00:51:19'),
(87, 1, NULL, 3, 2, 5, 'Lokasi Acara', NULL, 1, 0, 1, '2018-07-11 00:51:19', '2018-07-11 00:51:19'),
(88, 1, NULL, 4, 2, 5, 'Foto', NULL, 1, 0, 1, '2018-07-11 00:51:19', '2018-07-11 00:51:19'),
(89, 1, NULL, 5, 2, 5, 'Video', NULL, 1, 0, 1, '2018-07-11 00:51:19', '2018-07-11 00:51:19'),
(90, 1, NULL, 6, 2, 5, 'Busana Pengantin', NULL, 1, 0, 1, '2018-07-11 00:51:19', '2018-07-11 00:51:19'),
(91, 1, NULL, 7, 2, 5, 'Busana Keluarga', NULL, 1, 0, 1, '2018-07-11 00:51:19', '2018-07-11 00:51:19'),
(92, 1, NULL, 8, 2, 5, 'Busana Panitia', NULL, 1, 0, 1, '2018-07-11 00:51:19', '2018-07-11 00:51:19'),
(93, 1, NULL, 9, 2, 5, 'Aksesoris', NULL, 1, 0, 1, '2018-07-11 00:51:19', '2018-07-11 00:51:19'),
(94, 1, NULL, 10, 2, 5, 'Perias Wajah', NULL, 1, 0, 1, '2018-07-11 00:51:19', '2018-07-11 00:51:19'),
(95, 1, NULL, 11, 2, 5, 'Katering', NULL, 1, 0, 1, '2018-07-11 00:51:19', '2018-07-11 00:51:19'),
(96, 1, NULL, 12, 2, 5, 'Undangan', NULL, 1, 0, 1, '2018-07-11 00:51:19', '2018-07-11 00:51:19'),
(97, 1, NULL, 14, 2, 5, 'Seserahan', NULL, 1, 0, 1, '2018-07-11 00:51:19', '2018-07-11 00:51:19'),
(98, 1, NULL, 13, 2, 5, 'Kenang-kenangan', NULL, 1, 0, 1, '2018-07-11 00:51:19', '2018-07-11 00:51:19'),
(99, 1, NULL, 16, 2, 5, 'Pengisi Acara, MC', NULL, 1, 0, 1, '2018-07-11 00:51:19', '2018-07-11 00:51:19'),
(100, 2, NULL, 1, 2, 5, 'Pengurus Pernikahan', NULL, 1, 0, 1, '2018-07-11 00:51:19', '2018-07-11 00:51:19'),
(101, 2, NULL, 2, 2, 5, 'Dekorasi', NULL, 1, 0, 1, '2018-07-11 00:51:19', '2018-07-11 00:51:19'),
(102, 2, NULL, 3, 2, 5, 'Lokasi Acara', NULL, 1, 0, 1, '2018-07-11 00:51:19', '2018-07-11 00:51:19'),
(103, 2, NULL, 4, 2, 5, 'Foto', NULL, 1, 0, 1, '2018-07-11 00:51:19', '2018-07-11 00:51:19'),
(104, 2, NULL, 5, 2, 5, 'Video', NULL, 1, 0, 1, '2018-07-11 00:51:19', '2018-07-11 00:51:19'),
(105, 2, NULL, 6, 2, 5, 'Busana Pengantin', NULL, 1, 0, 1, '2018-07-11 00:51:19', '2018-07-11 00:51:19'),
(106, 2, NULL, 7, 2, 5, 'Busana Keluarga', NULL, 1, 0, 1, '2018-07-11 00:51:19', '2018-07-11 00:51:19'),
(107, 2, NULL, 8, 2, 5, 'Busana Panitia', NULL, 1, 0, 1, '2018-07-11 00:51:19', '2018-07-11 00:51:19'),
(108, 2, NULL, 9, 2, 5, 'Aksesoris', NULL, 1, 0, 1, '2018-07-11 00:51:19', '2018-07-11 00:51:19'),
(109, 2, NULL, 10, 2, 5, 'Perias Wajah', NULL, 1, 0, 1, '2018-07-11 00:51:19', '2018-07-11 00:51:19'),
(110, 2, NULL, 11, 2, 5, 'Katering', NULL, 1, 0, 1, '2018-07-11 00:51:19', '2018-07-11 00:51:19'),
(111, 2, NULL, 12, 2, 5, 'Undangan', NULL, 1, 0, 1, '2018-07-11 00:51:19', '2018-07-11 00:51:19'),
(112, 2, NULL, 13, 2, 5, 'Kenang-kenangan', NULL, 1, 0, 1, '2018-07-11 00:51:19', '2018-07-11 00:51:19'),
(113, 2, NULL, 16, 2, 5, 'Pengisi Acara, MC', NULL, 1, 0, 1, '2018-07-11 00:51:19', '2018-07-11 00:51:19'),
(114, 3, NULL, 1, 2, 5, 'Pengurus Pernikahan', NULL, 1, 0, 1, '2018-07-11 00:51:19', '2018-07-11 00:51:19'),
(115, 3, NULL, 2, 2, 5, 'Dekorasi', NULL, 1, 0, 1, '2018-07-11 00:51:19', '2018-07-11 00:51:19'),
(116, 3, NULL, 3, 2, 5, 'Lokasi Acara', NULL, 1, 0, 1, '2018-07-11 00:51:19', '2018-07-11 00:51:19'),
(117, 3, NULL, 4, 2, 5, 'Foto', NULL, 1, 0, 1, '2018-07-11 00:51:19', '2018-07-11 00:51:19'),
(118, 3, NULL, 5, 2, 5, 'Video', NULL, 1, 0, 1, '2018-07-11 00:51:19', '2018-07-11 00:51:19'),
(119, 3, NULL, 6, 2, 5, 'Busana Pengantin', NULL, 1, 0, 1, '2018-07-11 00:51:19', '2018-07-11 00:51:19'),
(120, 3, NULL, 7, 2, 5, 'Busana Keluarga', NULL, 1, 0, 1, '2018-07-11 00:51:19', '2018-07-11 00:51:19'),
(121, 3, NULL, 8, 2, 5, 'Busana Panitia', NULL, 1, 0, 1, '2018-07-11 00:51:19', '2018-07-11 00:51:19'),
(122, 3, NULL, 9, 2, 5, 'Aksesoris', NULL, 1, 0, 1, '2018-07-11 00:51:19', '2018-07-11 00:51:19'),
(123, 3, NULL, 10, 2, 5, 'Perias Wajah', NULL, 1, 0, 1, '2018-07-11 00:51:19', '2018-07-11 00:51:19'),
(124, 3, NULL, 11, 2, 5, 'Katering', NULL, 1, 0, 1, '2018-07-11 00:51:19', '2018-07-11 00:51:19'),
(125, 3, NULL, 12, 2, 5, 'Undangan', NULL, 1, 0, 1, '2018-07-11 00:51:19', '2018-07-11 00:51:19'),
(126, 3, NULL, 13, 2, 5, 'Kenang-kenangan', NULL, 1, 0, 1, '2018-07-11 00:51:19', '2018-07-11 00:51:19'),
(127, 3, NULL, 16, 2, 5, 'Pengisi Acara, MC', NULL, 1, 0, 1, '2018-07-11 00:51:19', '2018-07-11 00:51:19'),
(128, 4, NULL, 1, 2, 5, 'Pengurus Pernikahan', NULL, 1, 0, 1, '2018-07-11 00:51:19', '2018-07-11 00:51:19'),
(129, 4, NULL, 2, 2, 5, 'Dekorasi', NULL, 1, 0, 1, '2018-07-11 00:51:19', '2018-07-11 00:51:19'),
(130, 4, NULL, 3, 2, 5, 'Lokasi Acara', NULL, 1, 0, 1, '2018-07-11 00:51:19', '2018-07-11 00:51:19'),
(131, 4, NULL, 4, 2, 5, 'Foto', NULL, 1, 0, 1, '2018-07-11 00:51:19', '2018-07-11 00:51:19'),
(132, 4, NULL, 5, 2, 5, 'Video', NULL, 1, 0, 1, '2018-07-11 00:51:19', '2018-07-11 00:51:19'),
(133, 4, NULL, 6, 2, 5, 'Busana Pengantin', NULL, 1, 0, 1, '2018-07-11 00:51:19', '2018-07-11 00:51:19'),
(134, 4, NULL, 7, 2, 5, 'Busana Keluarga', NULL, 1, 0, 1, '2018-07-11 00:51:19', '2018-07-11 00:51:19'),
(135, 4, NULL, 8, 2, 5, 'Busana Panitia', NULL, 1, 0, 1, '2018-07-11 00:51:19', '2018-07-11 00:51:19'),
(136, 4, NULL, 9, 2, 5, 'Aksesoris', NULL, 1, 0, 1, '2018-07-11 00:51:19', '2018-07-11 00:51:19'),
(137, 4, NULL, 10, 2, 5, 'Perias Wajah', NULL, 1, 0, 1, '2018-07-11 00:51:19', '2018-07-11 00:51:19'),
(138, 4, NULL, 11, 2, 5, 'Makanan', NULL, 1, 0, 1, '2018-07-11 00:51:19', '2018-07-11 00:51:19'),
(139, 5, NULL, 1, 2, 5, 'Pengurus Pernikahan', NULL, 1, 0, 1, '2018-07-11 00:51:19', '2018-07-11 00:51:19'),
(140, 5, NULL, 2, 2, 5, 'Dekorasi', NULL, 1, 0, 1, '2018-07-11 00:51:19', '2018-07-11 00:51:19'),
(141, 5, NULL, 3, 2, 5, 'Lokasi Acara', NULL, 1, 0, 1, '2018-07-11 00:51:19', '2018-07-11 00:51:19'),
(142, 5, NULL, 4, 2, 5, 'Foto', NULL, 1, 0, 1, '2018-07-11 00:51:19', '2018-07-11 00:51:19'),
(143, 5, NULL, 5, 2, 5, 'Video', NULL, 1, 0, 1, '2018-07-11 00:51:19', '2018-07-11 00:51:19'),
(144, 5, NULL, 6, 2, 5, 'Busana Pengantin', NULL, 1, 0, 1, '2018-07-11 00:51:19', '2018-07-11 00:51:19'),
(145, 5, NULL, 7, 2, 5, 'Busana Keluarga', NULL, 1, 0, 1, '2018-07-11 00:51:19', '2018-07-11 00:51:19'),
(146, 5, NULL, 8, 2, 5, 'Busana Panitia', NULL, 1, 0, 1, '2018-07-11 00:51:19', '2018-07-11 00:51:19'),
(147, 5, NULL, 9, 2, 5, 'Aksesoris', NULL, 1, 0, 1, '2018-07-11 00:51:19', '2018-07-11 00:51:19'),
(148, 5, NULL, 10, 2, 5, 'Perias Wajah', NULL, 1, 0, 1, '2018-07-11 00:51:19', '2018-07-11 00:51:19'),
(149, 5, NULL, 11, 2, 5, 'Makanan', NULL, 1, 0, 1, '2018-07-11 00:51:19', '2018-07-11 00:51:19'),
(150, 5, NULL, 12, 2, 5, 'Undangan', NULL, 1, 0, 1, '2018-07-11 00:51:19', '2018-07-11 00:51:19'),
(151, 5, NULL, 13, 2, 5, 'Kenang-kenangan', NULL, 1, 0, 1, '2018-07-11 00:51:19', '2018-07-11 00:51:19'),
(152, 5, NULL, 16, 2, 5, 'Pengisi Acara, MC', NULL, 1, 0, 1, '2018-07-11 00:51:19', '2018-07-11 00:51:19'),
(153, 6, NULL, 1, 2, 5, 'Pengurus Pernikahan', NULL, 1, 0, 1, '2018-07-11 00:51:19', '2018-07-11 00:51:19'),
(154, 6, NULL, 2, 2, 5, 'Dekorasi', NULL, 1, 0, 1, '2018-07-11 00:51:19', '2018-07-11 00:51:19'),
(155, 6, NULL, 3, 2, 5, 'Lokasi Acara', NULL, 1, 0, 1, '2018-07-11 00:51:19', '2018-07-11 00:51:19'),
(156, 6, NULL, 4, 2, 5, 'Foto', NULL, 1, 0, 1, '2018-07-11 00:51:19', '2018-07-11 00:51:19'),
(157, 6, NULL, 5, 2, 5, 'Video', NULL, 1, 0, 1, '2018-07-11 00:51:19', '2018-07-11 00:51:19'),
(158, 6, NULL, 6, 2, 5, 'Busana Pengantin', NULL, 1, 0, 1, '2018-07-11 00:51:19', '2018-07-11 00:51:19'),
(159, 6, NULL, 7, 2, 5, 'Busana Keluarga', NULL, 1, 0, 1, '2018-07-11 00:51:19', '2018-07-11 00:51:19'),
(160, 6, NULL, 8, 2, 5, 'Busana Panitia', NULL, 1, 0, 1, '2018-07-11 00:51:19', '2018-07-11 00:51:19'),
(161, 6, NULL, 9, 2, 5, 'Aksesoris', NULL, 1, 0, 1, '2018-07-11 00:51:19', '2018-07-11 00:51:19'),
(162, 6, NULL, 10, 2, 5, 'Perias Wajah', NULL, 1, 0, 1, '2018-07-11 00:51:19', '2018-07-11 00:51:19'),
(163, 6, NULL, 11, 2, 5, 'Makanan', NULL, 1, 0, 1, '2018-07-11 00:51:19', '2018-07-11 00:51:19'),
(164, 6, NULL, 12, 2, 5, 'Undangan', NULL, 1, 0, 1, '2018-07-11 00:51:19', '2018-07-11 00:51:19'),
(165, 6, NULL, 14, 2, 5, 'Seserahan', NULL, 1, 0, 1, '2018-07-11 00:51:19', '2018-07-11 00:51:19'),
(166, 6, NULL, 13, 2, 5, 'Kenang-kenangan', NULL, 1, 0, 1, '2018-07-11 00:51:19', '2018-07-11 00:51:19'),
(167, 6, NULL, 16, 2, 5, 'Pengisi Acara, MC', NULL, 1, 0, 1, '2018-07-11 00:51:19', '2018-07-11 00:51:19'),
(168, 7, NULL, 15, 2, 5, 'Bulan Madu', NULL, 1, 0, 1, '2018-07-11 00:51:19', '2018-07-11 00:51:19'),
(169, 1, NULL, 1, 3, 6, 'Pengurus Pernikahan', NULL, 1, 0, 1, '2018-07-11 00:51:19', '2018-07-11 00:51:19'),
(170, 1, NULL, 2, 3, 6, 'Dekorasi', NULL, 1, 0, 1, '2018-07-11 00:51:19', '2018-07-11 00:51:19'),
(171, 1, NULL, 3, 3, 6, 'Lokasi Acara', NULL, 1, 0, 1, '2018-07-11 00:51:19', '2018-07-11 00:51:19'),
(172, 1, NULL, 4, 3, 6, 'Foto', NULL, 1, 0, 1, '2018-07-11 00:51:19', '2018-07-11 00:51:19'),
(173, 1, NULL, 5, 3, 6, 'Video', NULL, 1, 0, 1, '2018-07-11 00:51:19', '2018-07-11 00:51:19'),
(174, 1, NULL, 6, 3, 6, 'Busana Pengantin', NULL, 1, 0, 1, '2018-07-11 00:51:19', '2018-07-11 00:51:19'),
(175, 1, NULL, 7, 3, 6, 'Busana Keluarga', NULL, 1, 0, 1, '2018-07-11 00:51:19', '2018-07-11 00:51:19'),
(176, 1, NULL, 8, 3, 6, 'Busana Panitia', NULL, 1, 0, 1, '2018-07-11 00:51:19', '2018-07-11 00:51:19'),
(177, 1, NULL, 9, 3, 6, 'Aksesoris', NULL, 1, 0, 1, '2018-07-11 00:51:19', '2018-07-11 00:51:19'),
(178, 1, NULL, 10, 3, 6, 'Perias Wajah', NULL, 1, 0, 1, '2018-07-11 00:51:19', '2018-07-11 00:51:19'),
(179, 1, NULL, 11, 3, 6, 'Katering', NULL, 1, 0, 1, '2018-07-11 00:51:19', '2018-07-11 00:51:19'),
(180, 1, NULL, 12, 3, 6, 'Undangan', NULL, 1, 0, 1, '2018-07-11 00:51:19', '2018-07-11 00:51:19'),
(181, 1, NULL, 14, 3, 6, 'Seserahan', NULL, 1, 0, 1, '2018-07-11 00:51:19', '2018-07-11 00:51:19'),
(182, 1, NULL, 13, 3, 6, 'Kenang-kenangan', NULL, 1, 0, 1, '2018-07-11 00:51:19', '2018-07-11 00:51:19'),
(183, 1, NULL, 16, 3, 6, 'Pengisi Acara, MC', NULL, 1, 0, 1, '2018-07-11 00:51:19', '2018-07-11 00:51:19'),
(184, 2, NULL, 1, 3, 6, 'Pengurus Pernikahan', NULL, 1, 0, 1, '2018-07-11 00:51:19', '2018-07-11 00:51:19'),
(185, 2, NULL, 2, 3, 6, 'Dekorasi', NULL, 1, 0, 1, '2018-07-11 00:51:19', '2018-07-11 00:51:19'),
(186, 2, NULL, 3, 3, 6, 'Lokasi Acara', NULL, 1, 0, 1, '2018-07-11 00:51:19', '2018-07-11 00:51:19'),
(187, 2, NULL, 4, 3, 6, 'Foto', NULL, 1, 0, 1, '2018-07-11 00:51:19', '2018-07-11 00:51:19'),
(188, 2, NULL, 5, 3, 6, 'Video', NULL, 1, 0, 1, '2018-07-11 00:51:19', '2018-07-11 00:51:19'),
(189, 2, NULL, 6, 3, 6, 'Busana Pengantin', NULL, 1, 0, 1, '2018-07-11 00:51:19', '2018-07-11 00:51:19'),
(190, 2, NULL, 7, 3, 6, 'Busana Keluarga', NULL, 1, 0, 1, '2018-07-11 00:51:19', '2018-07-11 00:51:19'),
(191, 2, NULL, 8, 3, 6, 'Busana Panitia', NULL, 1, 0, 1, '2018-07-11 00:51:19', '2018-07-11 00:51:19'),
(192, 2, NULL, 9, 3, 6, 'Aksesoris', NULL, 1, 0, 1, '2018-07-11 00:51:19', '2018-07-11 00:51:19'),
(193, 2, NULL, 10, 3, 6, 'Perias Wajah', NULL, 1, 0, 1, '2018-07-11 00:51:19', '2018-07-11 00:51:19'),
(194, 2, NULL, 11, 3, 6, 'Katering', NULL, 1, 0, 1, '2018-07-11 00:51:19', '2018-07-11 00:51:19'),
(195, 2, NULL, 12, 3, 6, 'Undangan', NULL, 1, 0, 1, '2018-07-11 00:51:19', '2018-07-11 00:51:19'),
(196, 2, NULL, 13, 3, 6, 'Kenang-kenangan', NULL, 1, 0, 1, '2018-07-11 00:51:19', '2018-07-11 00:51:19'),
(197, 2, NULL, 16, 3, 6, 'Pengisi Acara, MC', NULL, 1, 0, 1, '2018-07-11 00:51:19', '2018-07-11 00:51:19'),
(198, 3, NULL, 1, 3, 6, 'Pengurus Pernikahan', NULL, 1, 0, 1, '2018-07-11 00:51:19', '2018-07-11 00:51:19'),
(199, 3, NULL, 2, 3, 6, 'Dekorasi', NULL, 1, 0, 1, '2018-07-11 00:51:19', '2018-07-11 00:51:19'),
(200, 3, NULL, 3, 3, 6, 'Lokasi Acara', NULL, 1, 0, 1, '2018-07-11 00:51:19', '2018-07-11 00:51:19'),
(201, 3, NULL, 4, 3, 6, 'Foto', NULL, 1, 0, 1, '2018-07-11 00:51:19', '2018-07-11 00:51:19'),
(202, 3, NULL, 5, 3, 6, 'Video', NULL, 1, 0, 1, '2018-07-11 00:51:19', '2018-07-11 00:51:19'),
(203, 3, NULL, 6, 3, 6, 'Busana Pengantin', NULL, 1, 0, 1, '2018-07-11 00:51:19', '2018-07-11 00:51:19'),
(204, 3, NULL, 7, 3, 6, 'Busana Keluarga', NULL, 1, 0, 1, '2018-07-11 00:51:19', '2018-07-11 00:51:19'),
(205, 3, NULL, 8, 3, 6, 'Busana Panitia', NULL, 1, 0, 1, '2018-07-11 00:51:19', '2018-07-11 00:51:19'),
(206, 3, NULL, 9, 3, 6, 'Aksesoris', NULL, 1, 0, 1, '2018-07-11 00:51:19', '2018-07-11 00:51:19'),
(207, 3, NULL, 10, 3, 6, 'Perias Wajah', NULL, 1, 0, 1, '2018-07-11 00:51:19', '2018-07-11 00:51:19'),
(208, 3, NULL, 11, 3, 6, 'Katering', NULL, 1, 0, 1, '2018-07-11 00:51:19', '2018-07-11 00:51:19'),
(209, 3, NULL, 12, 3, 6, 'Undangan', NULL, 1, 0, 1, '2018-07-11 00:51:19', '2018-07-11 00:51:19'),
(210, 3, NULL, 13, 3, 6, 'Kenang-kenangan', NULL, 1, 0, 1, '2018-07-11 00:51:19', '2018-07-11 00:51:19'),
(211, 3, NULL, 16, 3, 6, 'Pengisi Acara, MC', NULL, 1, 0, 1, '2018-07-11 00:51:19', '2018-07-11 00:51:19'),
(212, 4, NULL, 1, 3, 6, 'Pengurus Pernikahan', NULL, 1, 0, 1, '2018-07-11 00:51:19', '2018-07-11 00:51:19'),
(213, 4, NULL, 2, 3, 6, 'Dekorasi', NULL, 1, 0, 1, '2018-07-11 00:51:19', '2018-07-11 00:51:19'),
(214, 4, NULL, 3, 3, 6, 'Lokasi Acara', NULL, 1, 0, 1, '2018-07-11 00:51:19', '2018-07-11 00:51:19'),
(215, 4, NULL, 4, 3, 6, 'Foto', NULL, 1, 0, 1, '2018-07-11 00:51:19', '2018-07-11 00:51:19'),
(216, 4, NULL, 5, 3, 6, 'Video', NULL, 1, 0, 1, '2018-07-11 00:51:19', '2018-07-11 00:51:19'),
(217, 4, NULL, 6, 3, 6, 'Busana Pengantin', NULL, 1, 0, 1, '2018-07-11 00:51:19', '2018-07-11 00:51:19'),
(218, 4, NULL, 7, 3, 6, 'Busana Keluarga', NULL, 1, 0, 1, '2018-07-11 00:51:19', '2018-07-11 00:51:19'),
(219, 4, NULL, 8, 3, 6, 'Busana Panitia', NULL, 1, 0, 1, '2018-07-11 00:51:19', '2018-07-11 00:51:19'),
(220, 4, NULL, 9, 3, 6, 'Aksesoris', NULL, 1, 0, 1, '2018-07-11 00:51:19', '2018-07-11 00:51:19'),
(221, 4, NULL, 10, 3, 6, 'Perias Wajah', NULL, 1, 0, 1, '2018-07-11 00:51:19', '2018-07-11 00:51:19'),
(222, 4, NULL, 11, 3, 6, 'Makanan', NULL, 1, 0, 1, '2018-07-11 00:51:19', '2018-07-11 00:51:19'),
(223, 5, NULL, 1, 3, 6, 'Pengurus Pernikahan', NULL, 1, 0, 1, '2018-07-11 00:51:19', '2018-07-11 00:51:19'),
(224, 5, NULL, 2, 3, 6, 'Dekorasi', NULL, 1, 0, 1, '2018-07-11 00:51:19', '2018-07-11 00:51:19'),
(225, 5, NULL, 3, 3, 6, 'Lokasi Acara', NULL, 1, 0, 1, '2018-07-11 00:51:19', '2018-07-11 00:51:19'),
(226, 5, NULL, 4, 3, 6, 'Foto', NULL, 1, 0, 1, '2018-07-11 00:51:19', '2018-07-11 00:51:19'),
(227, 5, NULL, 5, 3, 6, 'Video', NULL, 1, 0, 1, '2018-07-11 00:51:19', '2018-07-11 00:51:19'),
(228, 5, NULL, 6, 3, 6, 'Busana Pengantin', NULL, 1, 0, 1, '2018-07-11 00:51:19', '2018-07-11 00:51:19'),
(229, 5, NULL, 7, 3, 6, 'Busana Keluarga', NULL, 1, 0, 1, '2018-07-11 00:51:19', '2018-07-11 00:51:19'),
(230, 5, NULL, 8, 3, 6, 'Busana Panitia', NULL, 1, 0, 1, '2018-07-11 00:51:19', '2018-07-11 00:51:19'),
(231, 5, NULL, 9, 3, 6, 'Aksesoris', NULL, 1, 0, 1, '2018-07-11 00:51:19', '2018-07-11 00:51:19'),
(232, 5, NULL, 10, 3, 6, 'Perias Wajah', NULL, 1, 0, 1, '2018-07-11 00:51:19', '2018-07-11 00:51:19'),
(233, 5, NULL, 11, 3, 6, 'Makanan', NULL, 1, 0, 1, '2018-07-11 00:51:19', '2018-07-11 00:51:19'),
(234, 5, NULL, 12, 3, 6, 'Undangan', NULL, 1, 0, 1, '2018-07-11 00:51:19', '2018-07-11 00:51:19'),
(235, 5, NULL, 13, 3, 6, 'Kenang-kenangan', NULL, 1, 0, 1, '2018-07-11 00:51:19', '2018-07-11 00:51:19'),
(236, 5, NULL, 16, 3, 6, 'Pengisi Acara, MC', NULL, 1, 0, 1, '2018-07-11 00:51:19', '2018-07-11 00:51:19'),
(237, 6, NULL, 1, 3, 6, 'Pengurus Pernikahan', NULL, 1, 0, 1, '2018-07-11 00:51:19', '2018-07-11 00:51:19'),
(238, 6, NULL, 2, 3, 6, 'Dekorasi', NULL, 1, 0, 1, '2018-07-11 00:51:19', '2018-07-11 00:51:19'),
(239, 6, NULL, 3, 3, 6, 'Lokasi Acara', NULL, 1, 0, 1, '2018-07-11 00:51:19', '2018-07-11 00:51:19'),
(240, 6, NULL, 4, 3, 6, 'Foto', NULL, 1, 0, 1, '2018-07-11 00:51:19', '2018-07-11 00:51:19'),
(241, 6, NULL, 5, 3, 6, 'Video', NULL, 1, 0, 1, '2018-07-11 00:51:19', '2018-07-11 00:51:19'),
(242, 6, NULL, 6, 3, 6, 'Busana Pengantin', NULL, 1, 0, 1, '2018-07-11 00:51:19', '2018-07-11 00:51:19'),
(243, 6, NULL, 7, 3, 6, 'Busana Keluarga', NULL, 1, 0, 1, '2018-07-11 00:51:19', '2018-07-11 00:51:19'),
(244, 6, NULL, 8, 3, 6, 'Busana Panitia', NULL, 1, 0, 1, '2018-07-11 00:51:19', '2018-07-11 00:51:19'),
(245, 6, NULL, 9, 3, 6, 'Aksesoris', NULL, 1, 0, 1, '2018-07-11 00:51:19', '2018-07-11 00:51:19'),
(246, 6, NULL, 10, 3, 6, 'Perias Wajah', NULL, 1, 0, 1, '2018-07-11 00:51:19', '2018-07-11 00:51:19'),
(247, 6, NULL, 11, 3, 6, 'Makanan', NULL, 1, 0, 1, '2018-07-11 00:51:19', '2018-07-11 00:51:19'),
(248, 6, NULL, 12, 3, 6, 'Undangan', NULL, 1, 0, 1, '2018-07-11 00:51:19', '2018-07-11 00:51:19'),
(249, 6, NULL, 14, 3, 6, 'Seserahan', NULL, 1, 0, 1, '2018-07-11 00:51:19', '2018-07-11 00:51:19'),
(250, 6, NULL, 13, 3, 6, 'Kenang-kenangan', NULL, 1, 0, 1, '2018-07-11 00:51:19', '2018-07-11 00:51:19'),
(251, 6, NULL, 16, 3, 6, 'Pengisi Acara, MC', NULL, 1, 0, 1, '2018-07-11 00:51:19', '2018-07-11 00:51:19'),
(252, 7, NULL, 15, 3, 6, 'Bulan Madu', NULL, 1, 0, 1, '2018-07-11 00:51:19', '2018-07-11 00:51:19');

-- --------------------------------------------------------

--
-- Struktur dari tabel `content_detail`
--

CREATE TABLE `content_detail` (
  `id` int(11) NOT NULL,
  `content_id` int(11) NOT NULL,
  `name` varchar(255) NOT NULL,
  `value` text,
  `is_noted` smallint(6) NOT NULL DEFAULT '0',
  `is_photo` smallint(6) NOT NULL DEFAULT '0',
  `is_video` smallint(6) NOT NULL DEFAULT '0',
  `is_link` smallint(6) NOT NULL DEFAULT '0',
  `is_cost` smallint(6) NOT NULL DEFAULT '0',
  `is_not_deleted` smallint(6) NOT NULL DEFAULT '1',
  `status` smallint(6) NOT NULL DEFAULT '1',
  `order` smallint(6) NOT NULL,
  `created_at` timestamp NULL DEFAULT NULL,
  `updated_at` timestamp NULL DEFAULT NULL
) ENGINE=InnoDB DEFAULT CHARSET=latin1;

--
-- Dumping data untuk tabel `content_detail`
--

INSERT INTO `content_detail` (`id`, `content_id`, `name`, `value`, `is_noted`, `is_photo`, `is_video`, `is_link`, `is_cost`, `is_not_deleted`, `status`, `order`, `created_at`, `updated_at`) VALUES
(1, 1, 'Nama Vendor', NULL, 0, 0, 0, 0, 0, 1, 1, 0, '2018-07-11 00:51:18', '2018-07-11 00:51:18'),
(2, 1, 'Kontak', NULL, 0, 0, 0, 0, 0, 1, 1, 1, '2018-07-11 00:51:18', '2018-07-11 00:51:18'),
(3, 1, 'Alamat', NULL, 0, 0, 0, 0, 0, 1, 1, 2, '2018-07-11 00:51:18', '2018-07-11 00:51:18'),
(4, 1, 'Biaya', NULL, 0, 0, 0, 0, 1, 1, 1, 3, '2018-07-11 00:51:18', '2018-07-11 00:51:18'),
(5, 1, 'Catatan', NULL, 1, 0, 0, 1, 0, 1, 1, 4, '2018-07-11 00:51:18', '2018-07-11 00:51:18'),
(6, 2, 'Nama Dekorator', NULL, 0, 0, 0, 0, 0, 1, 1, 0, '2018-07-11 00:51:18', '2018-07-11 00:51:18'),
(7, 2, 'Kontak', NULL, 0, 0, 0, 0, 0, 1, 1, 1, '2018-07-11 00:51:18', '2018-07-11 00:51:18'),
(8, 2, 'Alamat', NULL, 0, 0, 0, 0, 0, 1, 1, 2, '2018-07-11 00:51:18', '2018-07-11 00:51:18'),
(9, 2, 'Biaya', NULL, 0, 0, 0, 0, 1, 1, 1, 3, '2018-07-11 00:51:18', '2018-07-11 00:51:18'),
(10, 2, 'Foto Acuan Dekorasi', NULL, 0, 1, 0, 1, 0, 1, 1, 4, '2018-07-11 00:51:18', '2018-07-11 00:51:18'),
(11, 2, 'Tema Dekorasi', NULL, 0, 0, 0, 0, 0, 1, 1, 5, '2018-07-11 00:51:18', '2018-07-11 00:51:18'),
(12, 2, 'Nuansa Warna Bunga', NULL, 0, 0, 0, 0, 0, 1, 1, 6, '2018-07-11 00:51:18', '2018-07-11 00:51:18'),
(13, 2, 'Nuansa Warna Dekorasi', NULL, 0, 0, 0, 0, 0, 1, 1, 7, '2018-07-11 00:51:18', '2018-07-11 00:51:18'),
(14, 2, 'Kain Dekorasi', NULL, 0, 0, 0, 0, 0, 1, 1, 8, '2018-07-11 00:51:18', '2018-07-11 00:51:18'),
(15, 2, 'Catatan', NULL, 1, 0, 0, 1, 0, 1, 1, 9, '2018-07-11 00:51:18', '2018-07-11 00:51:18'),
(16, 3, 'Nama', NULL, 0, 0, 0, 0, 0, 1, 1, 0, '2018-07-11 00:51:18', '2018-07-11 00:51:18'),
(17, 3, 'Kontak', NULL, 0, 0, 0, 0, 0, 1, 1, 1, '2018-07-11 00:51:18', '2018-07-11 00:51:18'),
(18, 3, 'Alamat', NULL, 0, 0, 0, 0, 0, 1, 1, 2, '2018-07-11 00:51:18', '2018-07-11 00:51:18'),
(19, 3, 'Biaya', NULL, 0, 0, 0, 0, 1, 1, 1, 3, '2018-07-11 00:51:18', '2018-07-11 00:51:18'),
(20, 3, 'Foto Lokasi Acara', NULL, 0, 1, 0, 1, 0, 1, 1, 4, '2018-07-11 00:51:18', '2018-07-11 00:51:18'),
(21, 3, 'Catatan', NULL, 1, 0, 0, 1, 0, 1, 1, 5, '2018-07-11 00:51:18', '2018-07-11 00:51:18'),
(22, 4, 'Nama', NULL, 0, 0, 0, 0, 0, 1, 1, 0, '2018-07-11 00:51:18', '2018-07-11 00:51:18'),
(23, 4, 'Kontak', NULL, 0, 0, 0, 0, 0, 1, 1, 1, '2018-07-11 00:51:18', '2018-07-11 00:51:18'),
(24, 4, 'Alamat', NULL, 0, 0, 0, 0, 0, 1, 1, 2, '2018-07-11 00:51:18', '2018-07-11 00:51:18'),
(25, 4, 'Biaya', NULL, 0, 0, 0, 0, 1, 1, 1, 3, '2018-07-11 00:51:18', '2018-07-11 00:51:18'),
(26, 4, 'Foto Acuan Pernikahan', NULL, 0, 1, 0, 1, 0, 1, 1, 4, '2018-07-11 00:51:18', '2018-07-11 00:51:18'),
(27, 4, 'Catatan', NULL, 1, 0, 0, 1, 0, 1, 1, 5, '2018-07-11 00:51:18', '2018-07-11 00:51:18'),
(28, 5, 'Nama', NULL, 0, 0, 0, 0, 0, 1, 1, 0, '2018-07-11 00:51:18', '2018-07-11 00:51:18'),
(29, 5, 'Kontak', NULL, 0, 0, 0, 0, 0, 1, 1, 1, '2018-07-11 00:51:18', '2018-07-11 00:51:18'),
(30, 5, 'Alamat', NULL, 0, 0, 0, 0, 0, 1, 1, 2, '2018-07-11 00:51:18', '2018-07-11 00:51:18'),
(31, 5, 'Biaya', NULL, 0, 0, 0, 0, 1, 1, 1, 3, '2018-07-11 00:51:18', '2018-07-11 00:51:18'),
(32, 5, 'Video Acuan Pernikahan', NULL, 0, 0, 1, 1, 0, 1, 1, 4, '2018-07-11 00:51:18', '2018-07-11 00:51:18'),
(33, 5, 'Tema Video', NULL, 0, 0, 0, 0, 0, 1, 1, 5, '2018-07-11 00:51:18', '2018-07-11 00:51:18'),
(34, 5, 'Catatan', NULL, 1, 0, 0, 1, 0, 1, 1, 6, '2018-07-11 00:51:18', '2018-07-11 00:51:18'),
(35, 6, 'Nama', NULL, 0, 0, 0, 0, 0, 1, 1, 0, '2018-07-11 00:51:18', '2018-07-11 00:51:18'),
(36, 6, 'Kontak', NULL, 0, 0, 0, 0, 0, 1, 1, 1, '2018-07-11 00:51:18', '2018-07-11 00:51:18'),
(37, 6, 'Alamat', NULL, 0, 0, 0, 0, 0, 1, 1, 2, '2018-07-11 00:51:18', '2018-07-11 00:51:18'),
(38, 6, 'Biaya', NULL, 0, 0, 0, 0, 1, 1, 1, 3, '2018-07-11 00:51:18', '2018-07-11 00:51:18'),
(39, 6, 'Tema Busana', NULL, 0, 0, 0, 0, 0, 1, 1, 4, '2018-07-11 00:51:18', '2018-07-11 00:51:18'),
(40, 6, 'Nuansa Warna', NULL, 0, 0, 0, 0, 0, 1, 1, 5, '2018-07-11 00:51:18', '2018-07-11 00:51:18'),
(41, 6, 'Catatan', NULL, 1, 0, 0, 1, 0, 1, 1, 6, '2018-07-11 00:51:18', '2018-07-11 00:51:18'),
(42, 7, 'Nama', NULL, 0, 0, 0, 0, 0, 1, 1, 0, '2018-07-11 00:51:18', '2018-07-11 00:51:18'),
(43, 7, 'Kontak', NULL, 0, 0, 0, 0, 0, 1, 1, 1, '2018-07-11 00:51:18', '2018-07-11 00:51:18'),
(44, 7, 'Alamat', NULL, 0, 0, 0, 0, 0, 1, 1, 2, '2018-07-11 00:51:18', '2018-07-11 00:51:18'),
(45, 7, 'Biaya', NULL, 0, 0, 0, 0, 1, 1, 1, 3, '2018-07-11 00:51:18', '2018-07-11 00:51:18'),
(46, 7, 'Tema Busana', NULL, 0, 0, 0, 0, 0, 1, 1, 4, '2018-07-11 00:51:18', '2018-07-11 00:51:18'),
(47, 7, 'Nuansa Warna', NULL, 0, 0, 0, 0, 0, 1, 1, 5, '2018-07-11 00:51:18', '2018-07-11 00:51:18'),
(48, 7, 'Catatan', NULL, 1, 0, 0, 1, 0, 1, 1, 6, '2018-07-11 00:51:18', '2018-07-11 00:51:18'),
(49, 8, 'Nama', NULL, 0, 0, 0, 0, 0, 1, 1, 0, '2018-07-11 00:51:18', '2018-07-11 00:51:18'),
(50, 8, 'Kontak', NULL, 0, 0, 0, 0, 0, 1, 1, 1, '2018-07-11 00:51:18', '2018-07-11 00:51:18'),
(51, 8, 'Alamat', NULL, 0, 0, 0, 0, 0, 1, 1, 2, '2018-07-11 00:51:18', '2018-07-11 00:51:18'),
(52, 8, 'Biaya', NULL, 0, 0, 0, 0, 1, 1, 1, 3, '2018-07-11 00:51:18', '2018-07-11 00:51:18'),
(53, 8, 'Tema Busana', NULL, 0, 0, 0, 0, 0, 1, 1, 4, '2018-07-11 00:51:18', '2018-07-11 00:51:18'),
(54, 8, 'Nuansa Warna', NULL, 0, 0, 0, 0, 0, 1, 1, 5, '2018-07-11 00:51:18', '2018-07-11 00:51:18'),
(55, 8, 'Catatan', NULL, 1, 0, 0, 1, 0, 1, 1, 6, '2018-07-11 00:51:18', '2018-07-11 00:51:18'),
(56, 9, 'Nama', NULL, 0, 0, 0, 0, 0, 1, 1, 0, '2018-07-11 00:51:18', '2018-07-11 00:51:18'),
(57, 9, 'Kontak', NULL, 0, 0, 0, 0, 0, 1, 1, 1, '2018-07-11 00:51:18', '2018-07-11 00:51:18'),
(58, 9, 'Alamat', NULL, 0, 0, 0, 0, 0, 1, 1, 2, '2018-07-11 00:51:18', '2018-07-11 00:51:18'),
(59, 9, 'Biaya', NULL, 0, 0, 0, 0, 1, 1, 1, 3, '2018-07-11 00:51:18', '2018-07-11 00:51:18'),
(60, 9, 'Contoh Aksesoris', NULL, 0, 1, 0, 1, 0, 1, 1, 4, '2018-07-11 00:51:18', '2018-07-11 00:51:18'),
(61, 9, 'Tema', NULL, 0, 0, 0, 0, 0, 1, 1, 5, '2018-07-11 00:51:18', '2018-07-11 00:51:18'),
(62, 9, 'Catatan', NULL, 1, 0, 0, 1, 0, 1, 1, 6, '2018-07-11 00:51:18', '2018-07-11 00:51:18'),
(63, 10, 'Nama', NULL, 0, 0, 0, 0, 0, 1, 1, 0, '2018-07-11 00:51:18', '2018-07-11 00:51:18'),
(64, 10, 'Kontak', NULL, 0, 0, 0, 0, 0, 1, 1, 1, '2018-07-11 00:51:18', '2018-07-11 00:51:18'),
(65, 10, 'Alamat', NULL, 0, 0, 0, 0, 0, 1, 1, 2, '2018-07-11 00:51:18', '2018-07-11 00:51:18'),
(66, 10, 'Biaya', NULL, 0, 0, 0, 0, 1, 1, 1, 3, '2018-07-11 00:51:18', '2018-07-11 00:51:18'),
(67, 10, 'Contoh Perias Wajah', NULL, 0, 1, 0, 1, 0, 1, 1, 4, '2018-07-11 00:51:18', '2018-07-11 00:51:18'),
(68, 10, 'Tema', NULL, 0, 0, 0, 0, 0, 1, 1, 5, '2018-07-11 00:51:18', '2018-07-11 00:51:18'),
(69, 10, 'Catatan', NULL, 1, 0, 0, 1, 0, 1, 1, 6, '2018-07-11 00:51:18', '2018-07-11 00:51:18'),
(70, 11, 'Nama', NULL, 0, 0, 0, 0, 0, 1, 1, 0, '2018-07-11 00:51:18', '2018-07-11 00:51:18'),
(71, 11, 'Kontak', NULL, 0, 0, 0, 0, 0, 1, 1, 1, '2018-07-11 00:51:18', '2018-07-11 00:51:18'),
(72, 11, 'Alamat', NULL, 0, 0, 0, 0, 0, 1, 1, 2, '2018-07-11 00:51:18', '2018-07-11 00:51:18'),
(73, 11, 'Biaya', NULL, 0, 0, 0, 0, 1, 1, 1, 3, '2018-07-11 00:51:18', '2018-07-11 00:51:18'),
(74, 11, 'Contoh Makanan', NULL, 0, 1, 0, 1, 0, 1, 1, 4, '2018-07-11 00:51:18', '2018-07-11 00:51:18'),
(75, 11, 'Catatan', NULL, 1, 0, 0, 1, 0, 1, 1, 5, '2018-07-11 00:51:18', '2018-07-11 00:51:18'),
(76, 12, 'Nama', NULL, 0, 0, 0, 0, 0, 1, 1, 0, '2018-07-11 00:51:18', '2018-07-11 00:51:18'),
(77, 12, 'Kontak', NULL, 0, 0, 0, 0, 0, 1, 1, 1, '2018-07-11 00:51:18', '2018-07-11 00:51:18'),
(78, 12, 'Alamat', NULL, 0, 0, 0, 0, 0, 1, 1, 2, '2018-07-11 00:51:18', '2018-07-11 00:51:18'),
(79, 12, 'Biaya', NULL, 0, 0, 0, 0, 1, 1, 1, 3, '2018-07-11 00:51:18', '2018-07-11 00:51:18'),
(80, 12, 'Contoh', NULL, 0, 1, 0, 1, 0, 1, 1, 4, '2018-07-11 00:51:18', '2018-07-11 00:51:18'),
(81, 12, 'Isi Undangan', NULL, 0, 0, 0, 0, 0, 1, 1, 5, '2018-07-11 00:51:18', '2018-07-11 00:51:18'),
(82, 12, 'Catatan', NULL, 1, 0, 0, 1, 0, 1, 1, 6, '2018-07-11 00:51:18', '2018-07-11 00:51:18'),
(83, 13, 'Lokasi', NULL, 0, 0, 0, 0, 0, 1, 1, 0, '2018-07-11 00:51:18', '2018-07-11 00:51:18'),
(84, 13, 'Tanggal', NULL, 0, 0, 0, 0, 0, 1, 1, 1, '2018-07-11 00:51:18', '2018-07-11 00:51:18'),
(85, 13, 'Alamat', NULL, 0, 0, 0, 0, 0, 1, 1, 2, '2018-07-11 00:51:18', '2018-07-11 00:51:18'),
(86, 13, 'Biaya', NULL, 0, 0, 0, 0, 1, 1, 1, 3, '2018-07-11 00:51:18', '2018-07-11 00:51:18'),
(87, 13, 'Foto', NULL, 0, 1, 0, 1, 0, 1, 1, 4, '2018-07-11 00:51:18', '2018-07-11 00:51:18'),
(88, 13, 'Catatan', NULL, 1, 0, 0, 1, 0, 1, 1, 5, '2018-07-11 00:51:18', '2018-07-11 00:51:18'),
(89, 14, 'Nama', NULL, 0, 0, 0, 0, 0, 1, 1, 0, '2018-07-11 00:51:18', '2018-07-11 00:51:18'),
(90, 14, 'Kontak', NULL, 0, 0, 0, 0, 0, 1, 1, 1, '2018-07-11 00:51:18', '2018-07-11 00:51:18'),
(91, 14, 'Alamat', NULL, 0, 0, 0, 0, 0, 1, 1, 2, '2018-07-11 00:51:18', '2018-07-11 00:51:18'),
(92, 14, 'Biaya', NULL, 0, 0, 0, 0, 1, 1, 1, 3, '2018-07-11 00:51:18', '2018-07-11 00:51:18'),
(93, 14, 'Foto', NULL, 0, 1, 0, 1, 0, 1, 1, 4, '2018-07-11 00:51:18', '2018-07-11 00:51:18'),
(94, 14, 'Catatan', NULL, 1, 0, 0, 1, 0, 1, 1, 5, '2018-07-11 00:51:18', '2018-07-11 00:51:18'),
(95, 15, 'Nama', NULL, 0, 0, 0, 0, 0, 1, 1, 0, '2018-07-11 00:51:18', '2018-07-11 00:51:18'),
(96, 15, 'Kontak', NULL, 0, 0, 0, 0, 0, 1, 1, 1, '2018-07-11 00:51:18', '2018-07-11 00:51:18'),
(97, 15, 'Alamat', NULL, 0, 0, 0, 0, 0, 1, 1, 2, '2018-07-11 00:51:18', '2018-07-11 00:51:18'),
(98, 15, 'Biaya', NULL, 0, 0, 0, 0, 1, 1, 1, 3, '2018-07-11 00:51:18', '2018-07-11 00:51:18'),
(99, 15, 'Foto', NULL, 0, 1, 0, 1, 0, 1, 1, 4, '2018-07-11 00:51:18', '2018-07-11 00:51:18'),
(100, 15, 'Catatan', NULL, 1, 0, 0, 1, 0, 1, 1, 5, '2018-07-11 00:51:18', '2018-07-11 00:51:18'),
(101, 16, 'Nama Vendor', NULL, 0, 0, 0, 0, 0, 1, 1, 0, '2018-07-11 00:51:18', '2018-07-11 00:51:18'),
(102, 16, 'Kontak', NULL, 0, 0, 0, 0, 0, 1, 1, 1, '2018-07-11 00:51:18', '2018-07-11 00:51:18'),
(103, 16, 'Alamat', NULL, 0, 0, 0, 0, 0, 1, 1, 2, '2018-07-11 00:51:18', '2018-07-11 00:51:18'),
(104, 16, 'Biaya', NULL, 0, 0, 0, 0, 1, 1, 1, 3, '2018-07-11 00:51:18', '2018-07-11 00:51:18'),
(105, 16, 'Catatan', NULL, 1, 0, 0, 1, 0, 1, 1, 4, '2018-07-11 00:51:18', '2018-07-11 00:51:18'),
(106, 17, 'Nama Dekorator', NULL, 0, 0, 0, 0, 0, 1, 1, 0, '2018-07-11 00:51:18', '2018-07-11 00:51:18'),
(107, 17, 'Kontak', NULL, 0, 0, 0, 0, 0, 1, 1, 1, '2018-07-11 00:51:18', '2018-07-11 00:51:18'),
(108, 17, 'Alamat', NULL, 0, 0, 0, 0, 0, 1, 1, 2, '2018-07-11 00:51:18', '2018-07-11 00:51:18'),
(109, 17, 'Biaya', NULL, 0, 0, 0, 0, 1, 1, 1, 3, '2018-07-11 00:51:18', '2018-07-11 00:51:18'),
(110, 17, 'Foto Acuan Dekorasi', NULL, 0, 1, 0, 1, 0, 1, 1, 4, '2018-07-11 00:51:18', '2018-07-11 00:51:18'),
(111, 17, 'Tema Dekorasi', NULL, 0, 0, 0, 0, 0, 1, 1, 5, '2018-07-11 00:51:18', '2018-07-11 00:51:18'),
(112, 17, 'Nuansa Warna Bunga', NULL, 0, 0, 0, 0, 0, 1, 1, 6, '2018-07-11 00:51:18', '2018-07-11 00:51:18'),
(113, 17, 'Nuansa Warna Dekorasi', NULL, 0, 0, 0, 0, 0, 1, 1, 7, '2018-07-11 00:51:18', '2018-07-11 00:51:18'),
(114, 17, 'Kain Dekorasi', NULL, 0, 0, 0, 0, 0, 1, 1, 8, '2018-07-11 00:51:18', '2018-07-11 00:51:18'),
(115, 17, 'Catatan', NULL, 1, 0, 0, 1, 0, 1, 1, 9, '2018-07-11 00:51:18', '2018-07-11 00:51:18'),
(116, 18, 'Nama', NULL, 0, 0, 0, 0, 0, 1, 1, 0, '2018-07-11 00:51:18', '2018-07-11 00:51:18'),
(117, 18, 'Kontak', NULL, 0, 0, 0, 0, 0, 1, 1, 1, '2018-07-11 00:51:18', '2018-07-11 00:51:18'),
(118, 18, 'Alamat', NULL, 0, 0, 0, 0, 0, 1, 1, 2, '2018-07-11 00:51:18', '2018-07-11 00:51:18'),
(119, 18, 'Biaya', NULL, 0, 0, 0, 0, 1, 1, 1, 3, '2018-07-11 00:51:18', '2018-07-11 00:51:18'),
(120, 18, 'Foto Lokasi Acara', NULL, 0, 1, 0, 1, 0, 1, 1, 4, '2018-07-11 00:51:18', '2018-07-11 00:51:18'),
(121, 18, 'Catatan', NULL, 1, 0, 0, 1, 0, 1, 1, 5, '2018-07-11 00:51:18', '2018-07-11 00:51:18'),
(122, 19, 'Nama', NULL, 0, 0, 0, 0, 0, 1, 1, 0, '2018-07-11 00:51:18', '2018-07-11 00:51:18'),
(123, 19, 'Kontak', NULL, 0, 0, 0, 0, 0, 1, 1, 1, '2018-07-11 00:51:18', '2018-07-11 00:51:18'),
(124, 19, 'Alamat', NULL, 0, 0, 0, 0, 0, 1, 1, 2, '2018-07-11 00:51:18', '2018-07-11 00:51:18'),
(125, 19, 'Biaya', NULL, 0, 0, 0, 0, 1, 1, 1, 3, '2018-07-11 00:51:18', '2018-07-11 00:51:18'),
(126, 19, 'Foto Acuan Pernikahan', NULL, 0, 1, 0, 1, 0, 1, 1, 4, '2018-07-11 00:51:18', '2018-07-11 00:51:18'),
(127, 19, 'Catatan', NULL, 1, 0, 0, 1, 0, 1, 1, 5, '2018-07-11 00:51:18', '2018-07-11 00:51:18'),
(128, 20, 'Nama', NULL, 0, 0, 0, 0, 0, 1, 1, 0, '2018-07-11 00:51:18', '2018-07-11 00:51:18'),
(129, 20, 'Kontak', NULL, 0, 0, 0, 0, 0, 1, 1, 1, '2018-07-11 00:51:18', '2018-07-11 00:51:18'),
(130, 20, 'Alamat', NULL, 0, 0, 0, 0, 0, 1, 1, 2, '2018-07-11 00:51:18', '2018-07-11 00:51:18'),
(131, 20, 'Biaya', NULL, 0, 0, 0, 0, 1, 1, 1, 3, '2018-07-11 00:51:18', '2018-07-11 00:51:18'),
(132, 20, 'Video Acuan Pernikahan', NULL, 0, 0, 1, 1, 0, 1, 1, 4, '2018-07-11 00:51:18', '2018-07-11 00:51:18'),
(133, 20, 'Tema Video', NULL, 0, 0, 0, 0, 0, 1, 1, 5, '2018-07-11 00:51:18', '2018-07-11 00:51:18'),
(134, 20, 'Catatan', NULL, 1, 0, 0, 1, 0, 1, 1, 6, '2018-07-11 00:51:18', '2018-07-11 00:51:18'),
(135, 21, 'Nama', NULL, 0, 0, 0, 0, 0, 1, 1, 0, '2018-07-11 00:51:18', '2018-07-11 00:51:18'),
(136, 21, 'Kontak', NULL, 0, 0, 0, 0, 0, 1, 1, 1, '2018-07-11 00:51:18', '2018-07-11 00:51:18'),
(137, 21, 'Alamat', NULL, 0, 0, 0, 0, 0, 1, 1, 2, '2018-07-11 00:51:18', '2018-07-11 00:51:18'),
(138, 21, 'Biaya', NULL, 0, 0, 0, 0, 1, 1, 1, 3, '2018-07-11 00:51:18', '2018-07-11 00:51:18'),
(139, 21, 'Tema Busana', NULL, 0, 0, 0, 0, 0, 1, 1, 4, '2018-07-11 00:51:18', '2018-07-11 00:51:18'),
(140, 21, 'Nuansa Warna', NULL, 0, 0, 0, 0, 0, 1, 1, 5, '2018-07-11 00:51:18', '2018-07-11 00:51:18'),
(141, 21, 'Catatan', NULL, 1, 0, 0, 1, 0, 1, 1, 6, '2018-07-11 00:51:18', '2018-07-11 00:51:18'),
(142, 22, 'Nama', NULL, 0, 0, 0, 0, 0, 1, 1, 0, '2018-07-11 00:51:18', '2018-07-11 00:51:18'),
(143, 22, 'Kontak', NULL, 0, 0, 0, 0, 0, 1, 1, 1, '2018-07-11 00:51:18', '2018-07-11 00:51:18'),
(144, 22, 'Alamat', NULL, 0, 0, 0, 0, 0, 1, 1, 2, '2018-07-11 00:51:18', '2018-07-11 00:51:18'),
(145, 22, 'Biaya', NULL, 0, 0, 0, 0, 1, 1, 1, 3, '2018-07-11 00:51:18', '2018-07-11 00:51:18'),
(146, 22, 'Tema Busana', NULL, 0, 0, 0, 0, 0, 1, 1, 4, '2018-07-11 00:51:18', '2018-07-11 00:51:18'),
(147, 22, 'Nuansa Warna', NULL, 0, 0, 0, 0, 0, 1, 1, 5, '2018-07-11 00:51:18', '2018-07-11 00:51:18'),
(148, 22, 'Catatan', NULL, 1, 0, 0, 1, 0, 1, 1, 6, '2018-07-11 00:51:18', '2018-07-11 00:51:18'),
(149, 23, 'Nama', NULL, 0, 0, 0, 0, 0, 1, 1, 0, '2018-07-11 00:51:18', '2018-07-11 00:51:18'),
(150, 23, 'Kontak', NULL, 0, 0, 0, 0, 0, 1, 1, 1, '2018-07-11 00:51:18', '2018-07-11 00:51:18'),
(151, 23, 'Alamat', NULL, 0, 0, 0, 0, 0, 1, 1, 2, '2018-07-11 00:51:18', '2018-07-11 00:51:18'),
(152, 23, 'Biaya', NULL, 0, 0, 0, 0, 1, 1, 1, 3, '2018-07-11 00:51:18', '2018-07-11 00:51:18'),
(153, 23, 'Tema Busana', NULL, 0, 0, 0, 0, 0, 1, 1, 4, '2018-07-11 00:51:18', '2018-07-11 00:51:18'),
(154, 23, 'Nuansa Warna', NULL, 0, 0, 0, 0, 0, 1, 1, 5, '2018-07-11 00:51:18', '2018-07-11 00:51:18'),
(155, 23, 'Catatan', NULL, 1, 0, 0, 1, 0, 1, 1, 6, '2018-07-11 00:51:18', '2018-07-11 00:51:18'),
(156, 24, 'Nama', NULL, 0, 0, 0, 0, 0, 1, 1, 0, '2018-07-11 00:51:18', '2018-07-11 00:51:18'),
(157, 24, 'Kontak', NULL, 0, 0, 0, 0, 0, 1, 1, 1, '2018-07-11 00:51:18', '2018-07-11 00:51:18'),
(158, 24, 'Alamat', NULL, 0, 0, 0, 0, 0, 1, 1, 2, '2018-07-11 00:51:18', '2018-07-11 00:51:18'),
(159, 24, 'Biaya', NULL, 0, 0, 0, 0, 1, 1, 1, 3, '2018-07-11 00:51:18', '2018-07-11 00:51:18'),
(160, 24, 'Contoh Aksesoris', NULL, 0, 1, 0, 1, 0, 1, 1, 4, '2018-07-11 00:51:18', '2018-07-11 00:51:18'),
(161, 24, 'Tema', NULL, 0, 0, 0, 0, 0, 1, 1, 5, '2018-07-11 00:51:18', '2018-07-11 00:51:18'),
(162, 24, 'Catatan', NULL, 1, 0, 0, 1, 0, 1, 1, 6, '2018-07-11 00:51:18', '2018-07-11 00:51:18'),
(163, 25, 'Nama', NULL, 0, 0, 0, 0, 0, 1, 1, 0, '2018-07-11 00:51:18', '2018-07-11 00:51:18'),
(164, 25, 'Kontak', NULL, 0, 0, 0, 0, 0, 1, 1, 1, '2018-07-11 00:51:18', '2018-07-11 00:51:18'),
(165, 25, 'Alamat', NULL, 0, 0, 0, 0, 0, 1, 1, 2, '2018-07-11 00:51:18', '2018-07-11 00:51:18'),
(166, 25, 'Biaya', NULL, 0, 0, 0, 0, 1, 1, 1, 3, '2018-07-11 00:51:18', '2018-07-11 00:51:18'),
(167, 25, 'Contoh Perias Wajah', NULL, 0, 1, 0, 1, 0, 1, 1, 4, '2018-07-11 00:51:18', '2018-07-11 00:51:18'),
(168, 25, 'Tema', NULL, 0, 0, 0, 0, 0, 1, 1, 5, '2018-07-11 00:51:18', '2018-07-11 00:51:18'),
(169, 25, 'Catatan', NULL, 1, 0, 0, 1, 0, 1, 1, 6, '2018-07-11 00:51:18', '2018-07-11 00:51:18'),
(170, 26, 'Nama', NULL, 0, 0, 0, 0, 0, 1, 1, 0, '2018-07-11 00:51:18', '2018-07-11 00:51:18'),
(171, 26, 'Kontak', NULL, 0, 0, 0, 0, 0, 1, 1, 1, '2018-07-11 00:51:18', '2018-07-11 00:51:18'),
(172, 26, 'Alamat', NULL, 0, 0, 0, 0, 0, 1, 1, 2, '2018-07-11 00:51:18', '2018-07-11 00:51:18'),
(173, 26, 'Biaya', NULL, 0, 0, 0, 0, 1, 1, 1, 3, '2018-07-11 00:51:18', '2018-07-11 00:51:18'),
(174, 26, 'Contoh Makanan', NULL, 0, 1, 0, 1, 0, 1, 1, 4, '2018-07-11 00:51:18', '2018-07-11 00:51:18'),
(175, 26, 'Catatan', NULL, 1, 0, 0, 1, 0, 1, 1, 5, '2018-07-11 00:51:18', '2018-07-11 00:51:18'),
(176, 27, 'Nama', NULL, 0, 0, 0, 0, 0, 1, 1, 0, '2018-07-11 00:51:18', '2018-07-11 00:51:18'),
(177, 27, 'Kontak', NULL, 0, 0, 0, 0, 0, 1, 1, 1, '2018-07-11 00:51:18', '2018-07-11 00:51:18'),
(178, 27, 'Alamat', NULL, 0, 0, 0, 0, 0, 1, 1, 2, '2018-07-11 00:51:18', '2018-07-11 00:51:18'),
(179, 27, 'Biaya', NULL, 0, 0, 0, 0, 1, 1, 1, 3, '2018-07-11 00:51:18', '2018-07-11 00:51:18'),
(180, 27, 'Contoh', NULL, 0, 1, 0, 1, 0, 1, 1, 4, '2018-07-11 00:51:18', '2018-07-11 00:51:18'),
(181, 27, 'Isi Undangan', NULL, 0, 0, 0, 0, 0, 1, 1, 5, '2018-07-11 00:51:18', '2018-07-11 00:51:18'),
(182, 27, 'Catatan', NULL, 1, 0, 0, 1, 0, 1, 1, 6, '2018-07-11 00:51:18', '2018-07-11 00:51:18'),
(183, 28, 'Nama', NULL, 0, 0, 0, 0, 0, 1, 1, 0, '2018-07-11 00:51:18', '2018-07-11 00:51:18'),
(184, 28, 'Kontak', NULL, 0, 0, 0, 0, 0, 1, 1, 1, '2018-07-11 00:51:18', '2018-07-11 00:51:18'),
(185, 28, 'Alamat', NULL, 0, 0, 0, 0, 0, 1, 1, 2, '2018-07-11 00:51:18', '2018-07-11 00:51:18'),
(186, 28, 'Biaya', NULL, 0, 0, 0, 0, 1, 1, 1, 3, '2018-07-11 00:51:18', '2018-07-11 00:51:18'),
(187, 28, 'Foto', NULL, 0, 1, 0, 1, 0, 1, 1, 4, '2018-07-11 00:51:18', '2018-07-11 00:51:18'),
(188, 28, 'Catatan', NULL, 1, 0, 0, 1, 0, 1, 1, 5, '2018-07-11 00:51:18', '2018-07-11 00:51:18'),
(189, 29, 'Nama', NULL, 0, 0, 0, 0, 0, 1, 1, 0, '2018-07-11 00:51:18', '2018-07-11 00:51:18'),
(190, 29, 'Kontak', NULL, 0, 0, 0, 0, 0, 1, 1, 1, '2018-07-11 00:51:18', '2018-07-11 00:51:18'),
(191, 29, 'Alamat', NULL, 0, 0, 0, 0, 0, 1, 1, 2, '2018-07-11 00:51:18', '2018-07-11 00:51:18'),
(192, 29, 'Biaya', NULL, 0, 0, 0, 0, 1, 1, 1, 3, '2018-07-11 00:51:18', '2018-07-11 00:51:18'),
(193, 29, 'Foto', NULL, 0, 1, 0, 1, 0, 1, 1, 4, '2018-07-11 00:51:18', '2018-07-11 00:51:18'),
(194, 29, 'Catatan', NULL, 1, 0, 0, 1, 0, 1, 1, 5, '2018-07-11 00:51:18', '2018-07-11 00:51:18'),
(195, 30, 'Nama Vendor', NULL, 0, 0, 0, 0, 0, 1, 1, 0, '2018-07-11 00:51:18', '2018-07-11 00:51:18'),
(196, 30, 'Kontak', NULL, 0, 0, 0, 0, 0, 1, 1, 1, '2018-07-11 00:51:18', '2018-07-11 00:51:18'),
(197, 30, 'Alamat', NULL, 0, 0, 0, 0, 0, 1, 1, 2, '2018-07-11 00:51:18', '2018-07-11 00:51:18'),
(198, 30, 'Biaya', NULL, 0, 0, 0, 0, 1, 1, 1, 3, '2018-07-11 00:51:18', '2018-07-11 00:51:18'),
(199, 30, 'Catatan', NULL, 1, 0, 0, 1, 0, 1, 1, 4, '2018-07-11 00:51:18', '2018-07-11 00:51:18'),
(200, 31, 'Nama Dekorator', NULL, 0, 0, 0, 0, 0, 1, 1, 0, '2018-07-11 00:51:18', '2018-07-11 00:51:18'),
(201, 31, 'Kontak', NULL, 0, 0, 0, 0, 0, 1, 1, 1, '2018-07-11 00:51:18', '2018-07-11 00:51:18'),
(202, 31, 'Alamat', NULL, 0, 0, 0, 0, 0, 1, 1, 2, '2018-07-11 00:51:18', '2018-07-11 00:51:18'),
(203, 31, 'Biaya', NULL, 0, 0, 0, 0, 1, 1, 1, 3, '2018-07-11 00:51:18', '2018-07-11 00:51:18'),
(204, 31, 'Foto Acuan Dekorasi', NULL, 0, 1, 0, 1, 0, 1, 1, 4, '2018-07-11 00:51:18', '2018-07-11 00:51:18'),
(205, 31, 'Tema Dekorasi', NULL, 0, 0, 0, 0, 0, 1, 1, 5, '2018-07-11 00:51:18', '2018-07-11 00:51:18'),
(206, 31, 'Nuansa Warna Bunga', NULL, 0, 0, 0, 0, 0, 1, 1, 6, '2018-07-11 00:51:18', '2018-07-11 00:51:18'),
(207, 31, 'Nuansa Warna Dekorasi', NULL, 0, 0, 0, 0, 0, 1, 1, 7, '2018-07-11 00:51:18', '2018-07-11 00:51:18'),
(208, 31, 'Kain Dekorasi', NULL, 0, 0, 0, 0, 0, 1, 1, 8, '2018-07-11 00:51:18', '2018-07-11 00:51:18'),
(209, 31, 'Catatan', NULL, 1, 0, 0, 1, 0, 1, 1, 9, '2018-07-11 00:51:18', '2018-07-11 00:51:18'),
(210, 32, 'Nama', NULL, 0, 0, 0, 0, 0, 1, 1, 0, '2018-07-11 00:51:18', '2018-07-11 00:51:18'),
(211, 32, 'Kontak', NULL, 0, 0, 0, 0, 0, 1, 1, 1, '2018-07-11 00:51:18', '2018-07-11 00:51:18'),
(212, 32, 'Alamat', NULL, 0, 0, 0, 0, 0, 1, 1, 2, '2018-07-11 00:51:18', '2018-07-11 00:51:18'),
(213, 32, 'Biaya', NULL, 0, 0, 0, 0, 1, 1, 1, 3, '2018-07-11 00:51:18', '2018-07-11 00:51:18'),
(214, 32, 'Foto Lokasi Acara', NULL, 0, 1, 0, 1, 0, 1, 1, 4, '2018-07-11 00:51:18', '2018-07-11 00:51:18'),
(215, 32, 'Catatan', NULL, 1, 0, 0, 1, 0, 1, 1, 5, '2018-07-11 00:51:18', '2018-07-11 00:51:18'),
(216, 33, 'Nama', NULL, 0, 0, 0, 0, 0, 1, 1, 0, '2018-07-11 00:51:18', '2018-07-11 00:51:18'),
(217, 33, 'Kontak', NULL, 0, 0, 0, 0, 0, 1, 1, 1, '2018-07-11 00:51:18', '2018-07-11 00:51:18'),
(218, 33, 'Alamat', NULL, 0, 0, 0, 0, 0, 1, 1, 2, '2018-07-11 00:51:18', '2018-07-11 00:51:18'),
(219, 33, 'Biaya', NULL, 0, 0, 0, 0, 1, 1, 1, 3, '2018-07-11 00:51:18', '2018-07-11 00:51:18'),
(220, 33, 'Foto Acuan Pernikahan', NULL, 0, 1, 0, 1, 0, 1, 1, 4, '2018-07-11 00:51:18', '2018-07-11 00:51:18'),
(221, 33, 'Catatan', NULL, 1, 0, 0, 1, 0, 1, 1, 5, '2018-07-11 00:51:18', '2018-07-11 00:51:18'),
(222, 34, 'Nama', NULL, 0, 0, 0, 0, 0, 1, 1, 0, '2018-07-11 00:51:18', '2018-07-11 00:51:18'),
(223, 34, 'Kontak', NULL, 0, 0, 0, 0, 0, 1, 1, 1, '2018-07-11 00:51:18', '2018-07-11 00:51:18'),
(224, 34, 'Alamat', NULL, 0, 0, 0, 0, 0, 1, 1, 2, '2018-07-11 00:51:18', '2018-07-11 00:51:18'),
(225, 34, 'Biaya', NULL, 0, 0, 0, 0, 1, 1, 1, 3, '2018-07-11 00:51:18', '2018-07-11 00:51:18'),
(226, 34, 'Video Acuan Pernikahan', NULL, 0, 0, 1, 1, 0, 1, 1, 4, '2018-07-11 00:51:18', '2018-07-11 00:51:18'),
(227, 34, 'Tema Video', NULL, 0, 0, 0, 0, 0, 1, 1, 5, '2018-07-11 00:51:18', '2018-07-11 00:51:18'),
(228, 34, 'Catatan', NULL, 1, 0, 0, 1, 0, 1, 1, 6, '2018-07-11 00:51:18', '2018-07-11 00:51:18'),
(229, 35, 'Nama', NULL, 0, 0, 0, 0, 0, 1, 1, 0, '2018-07-11 00:51:18', '2018-07-11 00:51:18'),
(230, 35, 'Kontak', NULL, 0, 0, 0, 0, 0, 1, 1, 1, '2018-07-11 00:51:18', '2018-07-11 00:51:18'),
(231, 35, 'Alamat', NULL, 0, 0, 0, 0, 0, 1, 1, 2, '2018-07-11 00:51:18', '2018-07-11 00:51:18'),
(232, 35, 'Biaya', NULL, 0, 0, 0, 0, 1, 1, 1, 3, '2018-07-11 00:51:18', '2018-07-11 00:51:18'),
(233, 35, 'Tema Busana', NULL, 0, 0, 0, 0, 0, 1, 1, 4, '2018-07-11 00:51:18', '2018-07-11 00:51:18'),
(234, 35, 'Nuansa Warna', NULL, 0, 0, 0, 0, 0, 1, 1, 5, '2018-07-11 00:51:18', '2018-07-11 00:51:18'),
(235, 35, 'Catatan', NULL, 1, 0, 0, 1, 0, 1, 1, 6, '2018-07-11 00:51:18', '2018-07-11 00:51:18'),
(236, 36, 'Nama', NULL, 0, 0, 0, 0, 0, 1, 1, 0, '2018-07-11 00:51:18', '2018-07-11 00:51:18'),
(237, 36, 'Kontak', NULL, 0, 0, 0, 0, 0, 1, 1, 1, '2018-07-11 00:51:18', '2018-07-11 00:51:18'),
(238, 36, 'Alamat', NULL, 0, 0, 0, 0, 0, 1, 1, 2, '2018-07-11 00:51:18', '2018-07-11 00:51:18'),
(239, 36, 'Biaya', NULL, 0, 0, 0, 0, 1, 1, 1, 3, '2018-07-11 00:51:18', '2018-07-11 00:51:18'),
(240, 36, 'Tema Busana', NULL, 0, 0, 0, 0, 0, 1, 1, 4, '2018-07-11 00:51:18', '2018-07-11 00:51:18'),
(241, 36, 'Nuansa Warna', NULL, 0, 0, 0, 0, 0, 1, 1, 5, '2018-07-11 00:51:18', '2018-07-11 00:51:18'),
(242, 36, 'Catatan', NULL, 1, 0, 0, 1, 0, 1, 1, 6, '2018-07-11 00:51:18', '2018-07-11 00:51:18'),
(243, 37, 'Nama', NULL, 0, 0, 0, 0, 0, 1, 1, 0, '2018-07-11 00:51:18', '2018-07-11 00:51:18'),
(244, 37, 'Kontak', NULL, 0, 0, 0, 0, 0, 1, 1, 1, '2018-07-11 00:51:18', '2018-07-11 00:51:18'),
(245, 37, 'Alamat', NULL, 0, 0, 0, 0, 0, 1, 1, 2, '2018-07-11 00:51:18', '2018-07-11 00:51:18'),
(246, 37, 'Biaya', NULL, 0, 0, 0, 0, 1, 1, 1, 3, '2018-07-11 00:51:18', '2018-07-11 00:51:18'),
(247, 37, 'Tema Busana', NULL, 0, 0, 0, 0, 0, 1, 1, 4, '2018-07-11 00:51:18', '2018-07-11 00:51:18'),
(248, 37, 'Nuansa Warna', NULL, 0, 0, 0, 0, 0, 1, 1, 5, '2018-07-11 00:51:18', '2018-07-11 00:51:18'),
(249, 37, 'Catatan', NULL, 1, 0, 0, 1, 0, 1, 1, 6, '2018-07-11 00:51:18', '2018-07-11 00:51:18'),
(250, 38, 'Nama', NULL, 0, 0, 0, 0, 0, 1, 1, 0, '2018-07-11 00:51:18', '2018-07-11 00:51:18'),
(251, 38, 'Kontak', NULL, 0, 0, 0, 0, 0, 1, 1, 1, '2018-07-11 00:51:18', '2018-07-11 00:51:18'),
(252, 38, 'Alamat', NULL, 0, 0, 0, 0, 0, 1, 1, 2, '2018-07-11 00:51:18', '2018-07-11 00:51:18'),
(253, 38, 'Biaya', NULL, 0, 0, 0, 0, 1, 1, 1, 3, '2018-07-11 00:51:18', '2018-07-11 00:51:18'),
(254, 38, 'Contoh Aksesoris', NULL, 0, 1, 0, 1, 0, 1, 1, 4, '2018-07-11 00:51:18', '2018-07-11 00:51:18'),
(255, 38, 'Tema', NULL, 0, 0, 0, 0, 0, 1, 1, 5, '2018-07-11 00:51:18', '2018-07-11 00:51:18'),
(256, 38, 'Catatan', NULL, 1, 0, 0, 1, 0, 1, 1, 6, '2018-07-11 00:51:18', '2018-07-11 00:51:18'),
(257, 39, 'Nama', NULL, 0, 0, 0, 0, 0, 1, 1, 0, '2018-07-11 00:51:18', '2018-07-11 00:51:18'),
(258, 39, 'Kontak', NULL, 0, 0, 0, 0, 0, 1, 1, 1, '2018-07-11 00:51:18', '2018-07-11 00:51:18'),
(259, 39, 'Alamat', NULL, 0, 0, 0, 0, 0, 1, 1, 2, '2018-07-11 00:51:18', '2018-07-11 00:51:18'),
(260, 39, 'Biaya', NULL, 0, 0, 0, 0, 1, 1, 1, 3, '2018-07-11 00:51:18', '2018-07-11 00:51:18'),
(261, 39, 'Contoh Perias Wajah', NULL, 0, 1, 0, 1, 0, 1, 1, 4, '2018-07-11 00:51:18', '2018-07-11 00:51:18'),
(262, 39, 'Tema', NULL, 0, 0, 0, 0, 0, 1, 1, 5, '2018-07-11 00:51:18', '2018-07-11 00:51:18'),
(263, 39, 'Catatan', NULL, 1, 0, 0, 1, 0, 1, 1, 6, '2018-07-11 00:51:18', '2018-07-11 00:51:18'),
(264, 40, 'Nama', NULL, 0, 0, 0, 0, 0, 1, 1, 0, '2018-07-11 00:51:18', '2018-07-11 00:51:18'),
(265, 40, 'Kontak', NULL, 0, 0, 0, 0, 0, 1, 1, 1, '2018-07-11 00:51:18', '2018-07-11 00:51:18'),
(266, 40, 'Alamat', NULL, 0, 0, 0, 0, 0, 1, 1, 2, '2018-07-11 00:51:18', '2018-07-11 00:51:18'),
(267, 40, 'Biaya', NULL, 0, 0, 0, 0, 1, 1, 1, 3, '2018-07-11 00:51:18', '2018-07-11 00:51:18'),
(268, 40, 'Contoh Makanan', NULL, 0, 1, 0, 1, 0, 1, 1, 4, '2018-07-11 00:51:18', '2018-07-11 00:51:18'),
(269, 40, 'Catatan', NULL, 1, 0, 0, 1, 0, 1, 1, 5, '2018-07-11 00:51:18', '2018-07-11 00:51:18'),
(270, 41, 'Nama', NULL, 0, 0, 0, 0, 0, 1, 1, 0, '2018-07-11 00:51:18', '2018-07-11 00:51:18'),
(271, 41, 'Kontak', NULL, 0, 0, 0, 0, 0, 1, 1, 1, '2018-07-11 00:51:18', '2018-07-11 00:51:18'),
(272, 41, 'Alamat', NULL, 0, 0, 0, 0, 0, 1, 1, 2, '2018-07-11 00:51:18', '2018-07-11 00:51:18'),
(273, 41, 'Biaya', NULL, 0, 0, 0, 0, 1, 1, 1, 3, '2018-07-11 00:51:18', '2018-07-11 00:51:18'),
(274, 41, 'Contoh', NULL, 0, 1, 0, 1, 0, 1, 1, 4, '2018-07-11 00:51:18', '2018-07-11 00:51:18'),
(275, 41, 'Isi Undangan', NULL, 0, 0, 0, 0, 0, 1, 1, 5, '2018-07-11 00:51:18', '2018-07-11 00:51:18'),
(276, 41, 'Catatan', NULL, 1, 0, 0, 1, 0, 1, 1, 6, '2018-07-11 00:51:18', '2018-07-11 00:51:18'),
(277, 42, 'Nama', NULL, 0, 0, 0, 0, 0, 1, 1, 0, '2018-07-11 00:51:18', '2018-07-11 00:51:18'),
(278, 42, 'Kontak', NULL, 0, 0, 0, 0, 0, 1, 1, 1, '2018-07-11 00:51:18', '2018-07-11 00:51:18'),
(279, 42, 'Alamat', NULL, 0, 0, 0, 0, 0, 1, 1, 2, '2018-07-11 00:51:18', '2018-07-11 00:51:18'),
(280, 42, 'Biaya', NULL, 0, 0, 0, 0, 1, 1, 1, 3, '2018-07-11 00:51:18', '2018-07-11 00:51:18'),
(281, 42, 'Foto', NULL, 0, 1, 0, 1, 0, 1, 1, 4, '2018-07-11 00:51:18', '2018-07-11 00:51:18'),
(282, 42, 'Catatan', NULL, 1, 0, 0, 1, 0, 1, 1, 5, '2018-07-11 00:51:18', '2018-07-11 00:51:18'),
(283, 43, 'Nama', NULL, 0, 0, 0, 0, 0, 1, 1, 0, '2018-07-11 00:51:18', '2018-07-11 00:51:18'),
(284, 43, 'Kontak', NULL, 0, 0, 0, 0, 0, 1, 1, 1, '2018-07-11 00:51:18', '2018-07-11 00:51:18'),
(285, 43, 'Alamat', NULL, 0, 0, 0, 0, 0, 1, 1, 2, '2018-07-11 00:51:18', '2018-07-11 00:51:18'),
(286, 43, 'Biaya', NULL, 0, 0, 0, 0, 1, 1, 1, 3, '2018-07-11 00:51:18', '2018-07-11 00:51:18'),
(287, 43, 'Foto', NULL, 0, 1, 0, 1, 0, 1, 1, 4, '2018-07-11 00:51:18', '2018-07-11 00:51:18'),
(288, 43, 'Catatan', NULL, 1, 0, 0, 1, 0, 1, 1, 5, '2018-07-11 00:51:18', '2018-07-11 00:51:18'),
(289, 44, 'Nama Vendor', NULL, 0, 0, 0, 0, 0, 1, 1, 0, '2018-07-11 00:51:18', '2018-07-11 00:51:18'),
(290, 44, 'Kontak', NULL, 0, 0, 0, 0, 0, 1, 1, 1, '2018-07-11 00:51:18', '2018-07-11 00:51:18'),
(291, 44, 'Alamat', NULL, 0, 0, 0, 0, 0, 1, 1, 2, '2018-07-11 00:51:18', '2018-07-11 00:51:18'),
(292, 44, 'Biaya', NULL, 0, 0, 0, 0, 1, 1, 1, 3, '2018-07-11 00:51:18', '2018-07-11 00:51:18'),
(293, 44, 'Catatan', NULL, 1, 0, 0, 1, 0, 1, 1, 4, '2018-07-11 00:51:18', '2018-07-11 00:51:18'),
(294, 45, 'Nama Dekorator', NULL, 0, 0, 0, 0, 0, 1, 1, 0, '2018-07-11 00:51:18', '2018-07-11 00:51:18'),
(295, 45, 'Kontak', NULL, 0, 0, 0, 0, 0, 1, 1, 1, '2018-07-11 00:51:18', '2018-07-11 00:51:18'),
(296, 45, 'Alamat', NULL, 0, 0, 0, 0, 0, 1, 1, 2, '2018-07-11 00:51:18', '2018-07-11 00:51:18'),
(297, 45, 'Biaya', NULL, 0, 0, 0, 0, 1, 1, 1, 3, '2018-07-11 00:51:18', '2018-07-11 00:51:18'),
(298, 45, 'Foto Acuan Dekorasi', NULL, 0, 1, 0, 1, 0, 1, 1, 4, '2018-07-11 00:51:18', '2018-07-11 00:51:18'),
(299, 45, 'Tema Dekorasi', NULL, 0, 0, 0, 0, 0, 1, 1, 5, '2018-07-11 00:51:18', '2018-07-11 00:51:18'),
(300, 45, 'Nuansa Warna Bunga', NULL, 0, 0, 0, 0, 0, 1, 1, 6, '2018-07-11 00:51:18', '2018-07-11 00:51:18'),
(301, 45, 'Nuansa Warna Dekorasi', NULL, 0, 0, 0, 0, 0, 1, 1, 7, '2018-07-11 00:51:18', '2018-07-11 00:51:18'),
(302, 45, 'Kain Dekorasi', NULL, 0, 0, 0, 0, 0, 1, 1, 8, '2018-07-11 00:51:18', '2018-07-11 00:51:18'),
(303, 45, 'Catatan', NULL, 1, 0, 0, 1, 0, 1, 1, 9, '2018-07-11 00:51:18', '2018-07-11 00:51:18'),
(304, 46, 'Nama', NULL, 0, 0, 0, 0, 0, 1, 1, 0, '2018-07-11 00:51:18', '2018-07-11 00:51:18'),
(305, 46, 'Kontak', NULL, 0, 0, 0, 0, 0, 1, 1, 1, '2018-07-11 00:51:18', '2018-07-11 00:51:18'),
(306, 46, 'Alamat', NULL, 0, 0, 0, 0, 0, 1, 1, 2, '2018-07-11 00:51:18', '2018-07-11 00:51:18'),
(307, 46, 'Biaya', NULL, 0, 0, 0, 0, 1, 1, 1, 3, '2018-07-11 00:51:18', '2018-07-11 00:51:18'),
(308, 46, 'Foto Lokasi Acara', NULL, 0, 1, 0, 1, 0, 1, 1, 4, '2018-07-11 00:51:18', '2018-07-11 00:51:18'),
(309, 46, 'Catatan', NULL, 1, 0, 0, 1, 0, 1, 1, 5, '2018-07-11 00:51:18', '2018-07-11 00:51:18'),
(310, 47, 'Nama', NULL, 0, 0, 0, 0, 0, 1, 1, 0, '2018-07-11 00:51:18', '2018-07-11 00:51:18'),
(311, 47, 'Kontak', NULL, 0, 0, 0, 0, 0, 1, 1, 1, '2018-07-11 00:51:18', '2018-07-11 00:51:18'),
(312, 47, 'Alamat', NULL, 0, 0, 0, 0, 0, 1, 1, 2, '2018-07-11 00:51:18', '2018-07-11 00:51:18'),
(313, 47, 'Biaya', NULL, 0, 0, 0, 0, 1, 1, 1, 3, '2018-07-11 00:51:18', '2018-07-11 00:51:18'),
(314, 47, 'Foto Acuan Pernikahan', NULL, 0, 1, 0, 1, 0, 1, 1, 4, '2018-07-11 00:51:18', '2018-07-11 00:51:18'),
(315, 47, 'Catatan', NULL, 1, 0, 0, 1, 0, 1, 1, 5, '2018-07-11 00:51:18', '2018-07-11 00:51:18'),
(316, 48, 'Nama', NULL, 0, 0, 0, 0, 0, 1, 1, 0, '2018-07-11 00:51:18', '2018-07-11 00:51:18'),
(317, 48, 'Kontak', NULL, 0, 0, 0, 0, 0, 1, 1, 1, '2018-07-11 00:51:18', '2018-07-11 00:51:18'),
(318, 48, 'Alamat', NULL, 0, 0, 0, 0, 0, 1, 1, 2, '2018-07-11 00:51:18', '2018-07-11 00:51:18'),
(319, 48, 'Biaya', NULL, 0, 0, 0, 0, 1, 1, 1, 3, '2018-07-11 00:51:18', '2018-07-11 00:51:18'),
(320, 48, 'Video Acuan Pernikahan', NULL, 0, 0, 1, 1, 0, 1, 1, 4, '2018-07-11 00:51:18', '2018-07-11 00:51:18'),
(321, 48, 'Tema Video', NULL, 0, 0, 0, 0, 0, 1, 1, 5, '2018-07-11 00:51:18', '2018-07-11 00:51:18'),
(322, 48, 'Catatan', NULL, 1, 0, 0, 1, 0, 1, 1, 6, '2018-07-11 00:51:18', '2018-07-11 00:51:18'),
(323, 49, 'Nama', NULL, 0, 0, 0, 0, 0, 1, 1, 0, '2018-07-11 00:51:18', '2018-07-11 00:51:18'),
(324, 49, 'Kontak', NULL, 0, 0, 0, 0, 0, 1, 1, 1, '2018-07-11 00:51:18', '2018-07-11 00:51:18'),
(325, 49, 'Alamat', NULL, 0, 0, 0, 0, 0, 1, 1, 2, '2018-07-11 00:51:18', '2018-07-11 00:51:18'),
(326, 49, 'Biaya', NULL, 0, 0, 0, 0, 1, 1, 1, 3, '2018-07-11 00:51:18', '2018-07-11 00:51:18'),
(327, 49, 'Tema Busana', NULL, 0, 0, 0, 0, 0, 1, 1, 4, '2018-07-11 00:51:18', '2018-07-11 00:51:18'),
(328, 49, 'Nuansa Warna', NULL, 0, 0, 0, 0, 0, 1, 1, 5, '2018-07-11 00:51:18', '2018-07-11 00:51:18'),
(329, 49, 'Catatan', NULL, 1, 0, 0, 1, 0, 1, 1, 6, '2018-07-11 00:51:18', '2018-07-11 00:51:18'),
(330, 50, 'Nama', NULL, 0, 0, 0, 0, 0, 1, 1, 0, '2018-07-11 00:51:18', '2018-07-11 00:51:18'),
(331, 50, 'Kontak', NULL, 0, 0, 0, 0, 0, 1, 1, 1, '2018-07-11 00:51:18', '2018-07-11 00:51:18'),
(332, 50, 'Alamat', NULL, 0, 0, 0, 0, 0, 1, 1, 2, '2018-07-11 00:51:18', '2018-07-11 00:51:18'),
(333, 50, 'Biaya', NULL, 0, 0, 0, 0, 1, 1, 1, 3, '2018-07-11 00:51:18', '2018-07-11 00:51:18'),
(334, 50, 'Tema Busana', NULL, 0, 0, 0, 0, 0, 1, 1, 4, '2018-07-11 00:51:18', '2018-07-11 00:51:18'),
(335, 50, 'Nuansa Warna', NULL, 0, 0, 0, 0, 0, 1, 1, 5, '2018-07-11 00:51:18', '2018-07-11 00:51:18'),
(336, 50, 'Catatan', NULL, 1, 0, 0, 1, 0, 1, 1, 6, '2018-07-11 00:51:18', '2018-07-11 00:51:18'),
(337, 51, 'Nama', NULL, 0, 0, 0, 0, 0, 1, 1, 0, '2018-07-11 00:51:18', '2018-07-11 00:51:18'),
(338, 51, 'Kontak', NULL, 0, 0, 0, 0, 0, 1, 1, 1, '2018-07-11 00:51:18', '2018-07-11 00:51:18'),
(339, 51, 'Alamat', NULL, 0, 0, 0, 0, 0, 1, 1, 2, '2018-07-11 00:51:18', '2018-07-11 00:51:18'),
(340, 51, 'Biaya', NULL, 0, 0, 0, 0, 1, 1, 1, 3, '2018-07-11 00:51:18', '2018-07-11 00:51:18'),
(341, 51, 'Tema Busana', NULL, 0, 0, 0, 0, 0, 1, 1, 4, '2018-07-11 00:51:18', '2018-07-11 00:51:18'),
(342, 51, 'Nuansa Warna', NULL, 0, 0, 0, 0, 0, 1, 1, 5, '2018-07-11 00:51:18', '2018-07-11 00:51:18'),
(343, 51, 'Catatan', NULL, 1, 0, 0, 1, 0, 1, 1, 6, '2018-07-11 00:51:18', '2018-07-11 00:51:18'),
(344, 52, 'Nama', NULL, 0, 0, 0, 0, 0, 1, 1, 0, '2018-07-11 00:51:18', '2018-07-11 00:51:18'),
(345, 52, 'Kontak', NULL, 0, 0, 0, 0, 0, 1, 1, 1, '2018-07-11 00:51:18', '2018-07-11 00:51:18'),
(346, 52, 'Alamat', NULL, 0, 0, 0, 0, 0, 1, 1, 2, '2018-07-11 00:51:18', '2018-07-11 00:51:18'),
(347, 52, 'Biaya', NULL, 0, 0, 0, 0, 1, 1, 1, 3, '2018-07-11 00:51:18', '2018-07-11 00:51:18'),
(348, 52, 'Contoh Aksesoris', NULL, 0, 1, 0, 1, 0, 1, 1, 4, '2018-07-11 00:51:18', '2018-07-11 00:51:18'),
(349, 52, 'Tema', NULL, 0, 0, 0, 0, 0, 1, 1, 5, '2018-07-11 00:51:18', '2018-07-11 00:51:18'),
(350, 52, 'Catatan', NULL, 1, 0, 0, 1, 0, 1, 1, 6, '2018-07-11 00:51:18', '2018-07-11 00:51:18'),
(351, 53, 'Nama', NULL, 0, 0, 0, 0, 0, 1, 1, 0, '2018-07-11 00:51:18', '2018-07-11 00:51:18'),
(352, 53, 'Kontak', NULL, 0, 0, 0, 0, 0, 1, 1, 1, '2018-07-11 00:51:18', '2018-07-11 00:51:18'),
(353, 53, 'Alamat', NULL, 0, 0, 0, 0, 0, 1, 1, 2, '2018-07-11 00:51:18', '2018-07-11 00:51:18'),
(354, 53, 'Biaya', NULL, 0, 0, 0, 0, 1, 1, 1, 3, '2018-07-11 00:51:18', '2018-07-11 00:51:18'),
(355, 53, 'Contoh Perias Wajah', NULL, 0, 1, 0, 1, 0, 1, 1, 4, '2018-07-11 00:51:18', '2018-07-11 00:51:18'),
(356, 53, 'Tema', NULL, 0, 0, 0, 0, 0, 1, 1, 5, '2018-07-11 00:51:18', '2018-07-11 00:51:18'),
(357, 53, 'Catatan', NULL, 1, 0, 0, 1, 0, 1, 1, 6, '2018-07-11 00:51:18', '2018-07-11 00:51:18'),
(358, 54, 'Nama', NULL, 0, 0, 0, 0, 0, 1, 1, 0, '2018-07-11 00:51:18', '2018-07-11 00:51:18'),
(359, 54, 'Kontak', NULL, 0, 0, 0, 0, 0, 1, 1, 1, '2018-07-11 00:51:18', '2018-07-11 00:51:18'),
(360, 54, 'Alamat', NULL, 0, 0, 0, 0, 0, 1, 1, 2, '2018-07-11 00:51:18', '2018-07-11 00:51:18'),
(361, 54, 'Biaya', NULL, 0, 0, 0, 0, 1, 1, 1, 3, '2018-07-11 00:51:18', '2018-07-11 00:51:18'),
(362, 54, 'Contoh Makanan', NULL, 0, 1, 0, 1, 0, 1, 1, 4, '2018-07-11 00:51:18', '2018-07-11 00:51:18'),
(363, 54, 'Nama Makanan', NULL, 0, 0, 0, 0, 0, 1, 1, 5, '2018-07-11 00:51:18', '2018-07-11 00:51:18'),
(364, 54, 'Catatan', NULL, 1, 0, 0, 1, 0, 1, 1, 6, '2018-07-11 00:51:18', '2018-07-11 00:51:18'),
(365, 55, 'Nama Vendor', NULL, 0, 0, 0, 0, 0, 1, 1, 0, '2018-07-11 00:51:18', '2018-07-11 00:51:18'),
(366, 55, 'Kontak', NULL, 0, 0, 0, 0, 0, 1, 1, 1, '2018-07-11 00:51:18', '2018-07-11 00:51:18'),
(367, 55, 'Alamat', NULL, 0, 0, 0, 0, 0, 1, 1, 2, '2018-07-11 00:51:18', '2018-07-11 00:51:18'),
(368, 55, 'Biaya', NULL, 0, 0, 0, 0, 1, 1, 1, 3, '2018-07-11 00:51:18', '2018-07-11 00:51:18'),
(369, 55, 'Catatan', NULL, 1, 0, 0, 1, 0, 1, 1, 4, '2018-07-11 00:51:18', '2018-07-11 00:51:18'),
(370, 56, 'Nama Dekorator', NULL, 0, 0, 0, 0, 0, 1, 1, 0, '2018-07-11 00:51:18', '2018-07-11 00:51:18'),
(371, 56, 'Kontak', NULL, 0, 0, 0, 0, 0, 1, 1, 1, '2018-07-11 00:51:18', '2018-07-11 00:51:18'),
(372, 56, 'Alamat', NULL, 0, 0, 0, 0, 0, 1, 1, 2, '2018-07-11 00:51:18', '2018-07-11 00:51:18'),
(373, 56, 'Biaya', NULL, 0, 0, 0, 0, 1, 1, 1, 3, '2018-07-11 00:51:18', '2018-07-11 00:51:18'),
(374, 56, 'Foto Acuan Dekorasi', NULL, 0, 1, 0, 1, 0, 1, 1, 4, '2018-07-11 00:51:18', '2018-07-11 00:51:18'),
(375, 56, 'Tema Dekorasi', NULL, 0, 0, 0, 0, 0, 1, 1, 5, '2018-07-11 00:51:18', '2018-07-11 00:51:18'),
(376, 56, 'Nuansa Warna Bunga', NULL, 0, 0, 0, 0, 0, 1, 1, 6, '2018-07-11 00:51:18', '2018-07-11 00:51:18'),
(377, 56, 'Nuansa Warna Dekorasi', NULL, 0, 0, 0, 0, 0, 1, 1, 7, '2018-07-11 00:51:18', '2018-07-11 00:51:18'),
(378, 56, 'Kain Dekorasi', NULL, 0, 0, 0, 0, 0, 1, 1, 8, '2018-07-11 00:51:18', '2018-07-11 00:51:18'),
(379, 56, 'Catatan', NULL, 1, 0, 0, 1, 0, 1, 1, 9, '2018-07-11 00:51:18', '2018-07-11 00:51:18'),
(380, 57, 'Nama', NULL, 0, 0, 0, 0, 0, 1, 1, 0, '2018-07-11 00:51:18', '2018-07-11 00:51:18'),
(381, 57, 'Kontak', NULL, 0, 0, 0, 0, 0, 1, 1, 1, '2018-07-11 00:51:18', '2018-07-11 00:51:18'),
(382, 57, 'Alamat', NULL, 0, 0, 0, 0, 0, 1, 1, 2, '2018-07-11 00:51:18', '2018-07-11 00:51:18'),
(383, 57, 'Biaya', NULL, 0, 0, 0, 0, 1, 1, 1, 3, '2018-07-11 00:51:18', '2018-07-11 00:51:18'),
(384, 57, 'Foto Lokasi Acara', NULL, 0, 1, 0, 1, 0, 1, 1, 4, '2018-07-11 00:51:18', '2018-07-11 00:51:18'),
(385, 57, 'Catatan', NULL, 1, 0, 0, 1, 0, 1, 1, 5, '2018-07-11 00:51:18', '2018-07-11 00:51:18'),
(386, 58, 'Nama', NULL, 0, 0, 0, 0, 0, 1, 1, 0, '2018-07-11 00:51:18', '2018-07-11 00:51:18'),
(387, 58, 'Kontak', NULL, 0, 0, 0, 0, 0, 1, 1, 1, '2018-07-11 00:51:18', '2018-07-11 00:51:18'),
(388, 58, 'Alamat', NULL, 0, 0, 0, 0, 0, 1, 1, 2, '2018-07-11 00:51:18', '2018-07-11 00:51:18'),
(389, 58, 'Biaya', NULL, 0, 0, 0, 0, 1, 1, 1, 3, '2018-07-11 00:51:18', '2018-07-11 00:51:18'),
(390, 58, 'Foto Acuan Pernikahan', NULL, 0, 1, 0, 1, 0, 1, 1, 4, '2018-07-11 00:51:18', '2018-07-11 00:51:18'),
(391, 58, 'Catatan', NULL, 1, 0, 0, 1, 0, 1, 1, 5, '2018-07-11 00:51:18', '2018-07-11 00:51:18'),
(392, 59, 'Nama', NULL, 0, 0, 0, 0, 0, 1, 1, 0, '2018-07-11 00:51:18', '2018-07-11 00:51:18'),
(393, 59, 'Kontak', NULL, 0, 0, 0, 0, 0, 1, 1, 1, '2018-07-11 00:51:18', '2018-07-11 00:51:18'),
(394, 59, 'Alamat', NULL, 0, 0, 0, 0, 0, 1, 1, 2, '2018-07-11 00:51:18', '2018-07-11 00:51:18'),
(395, 59, 'Biaya', NULL, 0, 0, 0, 0, 1, 1, 1, 3, '2018-07-11 00:51:18', '2018-07-11 00:51:18'),
(396, 59, 'Video Acuan Pernikahan', NULL, 0, 0, 1, 1, 0, 1, 1, 4, '2018-07-11 00:51:18', '2018-07-11 00:51:18'),
(397, 59, 'Tema Video', NULL, 0, 0, 0, 0, 0, 1, 1, 5, '2018-07-11 00:51:18', '2018-07-11 00:51:18'),
(398, 59, 'Catatan', NULL, 1, 0, 0, 1, 0, 1, 1, 6, '2018-07-11 00:51:18', '2018-07-11 00:51:18'),
(399, 60, 'Nama', NULL, 0, 0, 0, 0, 0, 1, 1, 0, '2018-07-11 00:51:18', '2018-07-11 00:51:18'),
(400, 60, 'Kontak', NULL, 0, 0, 0, 0, 0, 1, 1, 1, '2018-07-11 00:51:18', '2018-07-11 00:51:18'),
(401, 60, 'Alamat', NULL, 0, 0, 0, 0, 0, 1, 1, 2, '2018-07-11 00:51:18', '2018-07-11 00:51:18'),
(402, 60, 'Biaya', NULL, 0, 0, 0, 0, 1, 1, 1, 3, '2018-07-11 00:51:18', '2018-07-11 00:51:18'),
(403, 60, 'Tema Busana', NULL, 0, 0, 0, 0, 0, 1, 1, 4, '2018-07-11 00:51:18', '2018-07-11 00:51:18'),
(404, 60, 'Nuansa Warna', NULL, 0, 0, 0, 0, 0, 1, 1, 5, '2018-07-11 00:51:18', '2018-07-11 00:51:18'),
(405, 60, 'Catatan', NULL, 1, 0, 0, 1, 0, 1, 1, 6, '2018-07-11 00:51:18', '2018-07-11 00:51:18'),
(406, 61, 'Nama', NULL, 0, 0, 0, 0, 0, 1, 1, 0, '2018-07-11 00:51:18', '2018-07-11 00:51:18'),
(407, 61, 'Kontak', NULL, 0, 0, 0, 0, 0, 1, 1, 1, '2018-07-11 00:51:18', '2018-07-11 00:51:18'),
(408, 61, 'Alamat', NULL, 0, 0, 0, 0, 0, 1, 1, 2, '2018-07-11 00:51:18', '2018-07-11 00:51:18'),
(409, 61, 'Biaya', NULL, 0, 0, 0, 0, 1, 1, 1, 3, '2018-07-11 00:51:18', '2018-07-11 00:51:18'),
(410, 61, 'Tema Busana', NULL, 0, 0, 0, 0, 0, 1, 1, 4, '2018-07-11 00:51:18', '2018-07-11 00:51:18'),
(411, 61, 'Nuansa Warna', NULL, 0, 0, 0, 0, 0, 1, 1, 5, '2018-07-11 00:51:18', '2018-07-11 00:51:18'),
(412, 61, 'Catatan', NULL, 1, 0, 0, 1, 0, 1, 1, 6, '2018-07-11 00:51:18', '2018-07-11 00:51:18'),
(413, 62, 'Nama', NULL, 0, 0, 0, 0, 0, 1, 1, 0, '2018-07-11 00:51:18', '2018-07-11 00:51:18'),
(414, 62, 'Kontak', NULL, 0, 0, 0, 0, 0, 1, 1, 1, '2018-07-11 00:51:18', '2018-07-11 00:51:18'),
(415, 62, 'Alamat', NULL, 0, 0, 0, 0, 0, 1, 1, 2, '2018-07-11 00:51:18', '2018-07-11 00:51:18'),
(416, 62, 'Biaya', NULL, 0, 0, 0, 0, 1, 1, 1, 3, '2018-07-11 00:51:18', '2018-07-11 00:51:18'),
(417, 62, 'Tema Busana', NULL, 0, 0, 0, 0, 0, 1, 1, 4, '2018-07-11 00:51:18', '2018-07-11 00:51:18'),
(418, 62, 'Nuansa Warna', NULL, 0, 0, 0, 0, 0, 1, 1, 5, '2018-07-11 00:51:18', '2018-07-11 00:51:18'),
(419, 62, 'Catatan', NULL, 1, 0, 0, 1, 0, 1, 1, 6, '2018-07-11 00:51:18', '2018-07-11 00:51:18'),
(420, 63, 'Nama', NULL, 0, 0, 0, 0, 0, 1, 1, 0, '2018-07-11 00:51:18', '2018-07-11 00:51:18'),
(421, 63, 'Kontak', NULL, 0, 0, 0, 0, 0, 1, 1, 1, '2018-07-11 00:51:18', '2018-07-11 00:51:18'),
(422, 63, 'Alamat', NULL, 0, 0, 0, 0, 0, 1, 1, 2, '2018-07-11 00:51:18', '2018-07-11 00:51:18'),
(423, 63, 'Biaya', NULL, 0, 0, 0, 0, 1, 1, 1, 3, '2018-07-11 00:51:18', '2018-07-11 00:51:18'),
(424, 63, 'Contoh Aksesoris', NULL, 0, 1, 0, 1, 0, 1, 1, 4, '2018-07-11 00:51:18', '2018-07-11 00:51:18'),
(425, 63, 'Tema', NULL, 0, 0, 0, 0, 0, 1, 1, 5, '2018-07-11 00:51:18', '2018-07-11 00:51:18'),
(426, 63, 'Catatan', NULL, 1, 0, 0, 1, 0, 1, 1, 6, '2018-07-11 00:51:18', '2018-07-11 00:51:18'),
(427, 64, 'Nama', NULL, 0, 0, 0, 0, 0, 1, 1, 0, '2018-07-11 00:51:18', '2018-07-11 00:51:18'),
(428, 64, 'Kontak', NULL, 0, 0, 0, 0, 0, 1, 1, 1, '2018-07-11 00:51:18', '2018-07-11 00:51:18'),
(429, 64, 'Alamat', NULL, 0, 0, 0, 0, 0, 1, 1, 2, '2018-07-11 00:51:18', '2018-07-11 00:51:18'),
(430, 64, 'Biaya', NULL, 0, 0, 0, 0, 1, 1, 1, 3, '2018-07-11 00:51:18', '2018-07-11 00:51:18'),
(431, 64, 'Contoh Perias Wajah', NULL, 0, 1, 0, 1, 0, 1, 1, 4, '2018-07-11 00:51:18', '2018-07-11 00:51:18'),
(432, 64, 'Tema', NULL, 0, 0, 0, 0, 0, 1, 1, 5, '2018-07-11 00:51:18', '2018-07-11 00:51:18'),
(433, 64, 'Catatan', NULL, 1, 0, 0, 1, 0, 1, 1, 6, '2018-07-11 00:51:18', '2018-07-11 00:51:18'),
(434, 65, 'Nama', NULL, 0, 0, 0, 0, 0, 1, 1, 0, '2018-07-11 00:51:18', '2018-07-11 00:51:18'),
(435, 65, 'Kontak', NULL, 0, 0, 0, 0, 0, 1, 1, 1, '2018-07-11 00:51:18', '2018-07-11 00:51:18'),
(436, 65, 'Alamat', NULL, 0, 0, 0, 0, 0, 1, 1, 2, '2018-07-11 00:51:18', '2018-07-11 00:51:18'),
(437, 65, 'Biaya', NULL, 0, 0, 0, 0, 1, 1, 1, 3, '2018-07-11 00:51:18', '2018-07-11 00:51:18'),
(438, 65, 'Contoh Makanan', NULL, 0, 1, 0, 1, 0, 1, 1, 4, '2018-07-11 00:51:18', '2018-07-11 00:51:18'),
(439, 65, 'Nama Makanan', NULL, 0, 0, 0, 0, 0, 1, 1, 5, '2018-07-11 00:51:18', '2018-07-11 00:51:18'),
(440, 65, 'Catatan', NULL, 1, 0, 0, 1, 0, 1, 1, 6, '2018-07-11 00:51:18', '2018-07-11 00:51:18'),
(441, 66, 'Nama', NULL, 0, 0, 0, 0, 0, 1, 1, 0, '2018-07-11 00:51:18', '2018-07-11 00:51:18'),
(442, 66, 'Kontak', NULL, 0, 0, 0, 0, 0, 1, 1, 1, '2018-07-11 00:51:18', '2018-07-11 00:51:18'),
(443, 66, 'Alamat', NULL, 0, 0, 0, 0, 0, 1, 1, 2, '2018-07-11 00:51:18', '2018-07-11 00:51:18'),
(444, 66, 'Biaya', NULL, 0, 0, 0, 0, 1, 1, 1, 3, '2018-07-11 00:51:18', '2018-07-11 00:51:18'),
(445, 66, 'Contoh', NULL, 0, 1, 0, 1, 0, 1, 1, 4, '2018-07-11 00:51:18', '2018-07-11 00:51:18'),
(446, 66, 'Isi Undangan', NULL, 0, 0, 0, 0, 0, 1, 1, 5, '2018-07-11 00:51:18', '2018-07-11 00:51:18'),
(447, 66, 'Catatan', NULL, 1, 0, 0, 1, 0, 1, 1, 6, '2018-07-11 00:51:18', '2018-07-11 00:51:18'),
(448, 67, 'Nama', NULL, 0, 0, 0, 0, 0, 1, 1, 0, '2018-07-11 00:51:18', '2018-07-11 00:51:18'),
(449, 67, 'Kontak', NULL, 0, 0, 0, 0, 0, 1, 1, 1, '2018-07-11 00:51:18', '2018-07-11 00:51:18'),
(450, 67, 'Alamat', NULL, 0, 0, 0, 0, 0, 1, 1, 2, '2018-07-11 00:51:18', '2018-07-11 00:51:18'),
(451, 67, 'Biaya', NULL, 0, 0, 0, 0, 1, 1, 1, 3, '2018-07-11 00:51:18', '2018-07-11 00:51:18'),
(452, 67, 'Foto', NULL, 0, 1, 0, 1, 0, 1, 1, 4, '2018-07-11 00:51:18', '2018-07-11 00:51:18'),
(453, 67, 'Catatan', NULL, 1, 0, 0, 1, 0, 1, 1, 5, '2018-07-11 00:51:18', '2018-07-11 00:51:18'),
(454, 68, 'Nama', NULL, 0, 0, 0, 0, 0, 1, 1, 0, '2018-07-11 00:51:18', '2018-07-11 00:51:18'),
(455, 68, 'Kontak', NULL, 0, 0, 0, 0, 0, 1, 1, 1, '2018-07-11 00:51:18', '2018-07-11 00:51:18'),
(456, 68, 'Alamat', NULL, 0, 0, 0, 0, 0, 1, 1, 2, '2018-07-11 00:51:18', '2018-07-11 00:51:18'),
(457, 68, 'Biaya', NULL, 0, 0, 0, 0, 1, 1, 1, 3, '2018-07-11 00:51:18', '2018-07-11 00:51:18'),
(458, 68, 'Foto', NULL, 0, 1, 0, 1, 0, 1, 1, 4, '2018-07-11 00:51:18', '2018-07-11 00:51:18'),
(459, 68, 'Catatan', NULL, 1, 0, 0, 1, 0, 1, 1, 5, '2018-07-11 00:51:18', '2018-07-11 00:51:18'),
(460, 69, 'Nama Vendor', NULL, 0, 0, 0, 0, 0, 1, 1, 0, '2018-07-11 00:51:18', '2018-07-11 00:51:18'),
(461, 69, 'Kontak', NULL, 0, 0, 0, 0, 0, 1, 1, 1, '2018-07-11 00:51:18', '2018-07-11 00:51:18'),
(462, 69, 'Alamat', NULL, 0, 0, 0, 0, 0, 1, 1, 2, '2018-07-11 00:51:18', '2018-07-11 00:51:18'),
(463, 69, 'Biaya', NULL, 0, 0, 0, 0, 1, 1, 1, 3, '2018-07-11 00:51:18', '2018-07-11 00:51:18'),
(464, 69, 'Catatan', NULL, 1, 0, 0, 1, 0, 1, 1, 4, '2018-07-11 00:51:18', '2018-07-11 00:51:18'),
(465, 70, 'Nama Dekorator', NULL, 0, 0, 0, 0, 0, 1, 1, 0, '2018-07-11 00:51:18', '2018-07-11 00:51:18'),
(466, 70, 'Kontak', NULL, 0, 0, 0, 0, 0, 1, 1, 1, '2018-07-11 00:51:18', '2018-07-11 00:51:18'),
(467, 70, 'Alamat', NULL, 0, 0, 0, 0, 0, 1, 1, 2, '2018-07-11 00:51:18', '2018-07-11 00:51:18'),
(468, 70, 'Biaya', NULL, 0, 0, 0, 0, 1, 1, 1, 3, '2018-07-11 00:51:18', '2018-07-11 00:51:18'),
(469, 70, 'Foto Acuan Dekorasi', NULL, 0, 1, 0, 1, 0, 1, 1, 4, '2018-07-11 00:51:18', '2018-07-11 00:51:18'),
(470, 70, 'Tema Dekorasi', NULL, 0, 0, 0, 0, 0, 1, 1, 5, '2018-07-11 00:51:18', '2018-07-11 00:51:18'),
(471, 70, 'Nuansa Warna Bunga', NULL, 0, 0, 0, 0, 0, 1, 1, 6, '2018-07-11 00:51:18', '2018-07-11 00:51:18'),
(472, 70, 'Nuansa Warna Dekorasi', NULL, 0, 0, 0, 0, 0, 1, 1, 7, '2018-07-11 00:51:18', '2018-07-11 00:51:18'),
(473, 70, 'Kain Dekorasi', NULL, 0, 0, 0, 0, 0, 1, 1, 8, '2018-07-11 00:51:18', '2018-07-11 00:51:18'),
(474, 70, 'Catatan', NULL, 1, 0, 0, 1, 0, 1, 1, 9, '2018-07-11 00:51:18', '2018-07-11 00:51:18'),
(475, 71, 'Nama', NULL, 0, 0, 0, 0, 0, 1, 1, 0, '2018-07-11 00:51:18', '2018-07-11 00:51:18'),
(476, 71, 'Kontak', NULL, 0, 0, 0, 0, 0, 1, 1, 1, '2018-07-11 00:51:18', '2018-07-11 00:51:18'),
(477, 71, 'Alamat', NULL, 0, 0, 0, 0, 0, 1, 1, 2, '2018-07-11 00:51:18', '2018-07-11 00:51:18'),
(478, 71, 'Biaya', NULL, 0, 0, 0, 0, 1, 1, 1, 3, '2018-07-11 00:51:18', '2018-07-11 00:51:18'),
(479, 71, 'Foto Lokasi Acara', NULL, 0, 1, 0, 1, 0, 1, 1, 4, '2018-07-11 00:51:18', '2018-07-11 00:51:18'),
(480, 71, 'Catatan', NULL, 1, 0, 0, 1, 0, 1, 1, 5, '2018-07-11 00:51:18', '2018-07-11 00:51:18'),
(481, 72, 'Nama', NULL, 0, 0, 0, 0, 0, 1, 1, 0, '2018-07-11 00:51:18', '2018-07-11 00:51:18'),
(482, 72, 'Kontak', NULL, 0, 0, 0, 0, 0, 1, 1, 1, '2018-07-11 00:51:18', '2018-07-11 00:51:18'),
(483, 72, 'Alamat', NULL, 0, 0, 0, 0, 0, 1, 1, 2, '2018-07-11 00:51:18', '2018-07-11 00:51:18'),
(484, 72, 'Biaya', NULL, 0, 0, 0, 0, 1, 1, 1, 3, '2018-07-11 00:51:18', '2018-07-11 00:51:18'),
(485, 72, 'Foto Acuan Pernikahan', NULL, 0, 1, 0, 1, 0, 1, 1, 4, '2018-07-11 00:51:18', '2018-07-11 00:51:18'),
(486, 72, 'Catatan', NULL, 1, 0, 0, 1, 0, 1, 1, 5, '2018-07-11 00:51:18', '2018-07-11 00:51:18'),
(487, 73, 'Nama', NULL, 0, 0, 0, 0, 0, 1, 1, 0, '2018-07-11 00:51:18', '2018-07-11 00:51:18'),
(488, 73, 'Kontak', NULL, 0, 0, 0, 0, 0, 1, 1, 1, '2018-07-11 00:51:18', '2018-07-11 00:51:18'),
(489, 73, 'Alamat', NULL, 0, 0, 0, 0, 0, 1, 1, 2, '2018-07-11 00:51:18', '2018-07-11 00:51:18'),
(490, 73, 'Biaya', NULL, 0, 0, 0, 0, 1, 1, 1, 3, '2018-07-11 00:51:18', '2018-07-11 00:51:18'),
(491, 73, 'Video Acuan Pernikahan', NULL, 0, 0, 1, 1, 0, 1, 1, 4, '2018-07-11 00:51:18', '2018-07-11 00:51:18'),
(492, 73, 'Tema Video', NULL, 0, 0, 0, 0, 0, 1, 1, 5, '2018-07-11 00:51:18', '2018-07-11 00:51:18'),
(493, 73, 'Catatan', NULL, 1, 0, 0, 1, 0, 1, 1, 6, '2018-07-11 00:51:18', '2018-07-11 00:51:18'),
(494, 74, 'Nama', NULL, 0, 0, 0, 0, 0, 1, 1, 0, '2018-07-11 00:51:18', '2018-07-11 00:51:18'),
(495, 74, 'Kontak', NULL, 0, 0, 0, 0, 0, 1, 1, 1, '2018-07-11 00:51:18', '2018-07-11 00:51:18'),
(496, 74, 'Alamat', NULL, 0, 0, 0, 0, 0, 1, 1, 2, '2018-07-11 00:51:18', '2018-07-11 00:51:18'),
(497, 74, 'Biaya', NULL, 0, 0, 0, 0, 1, 1, 1, 3, '2018-07-11 00:51:18', '2018-07-11 00:51:18'),
(498, 74, 'Tema Busana', NULL, 0, 0, 0, 0, 0, 1, 1, 4, '2018-07-11 00:51:18', '2018-07-11 00:51:18'),
(499, 74, 'Nuansa Warna', NULL, 0, 0, 0, 0, 0, 1, 1, 5, '2018-07-11 00:51:18', '2018-07-11 00:51:18'),
(500, 74, 'Catatan', NULL, 1, 0, 0, 1, 0, 1, 1, 6, '2018-07-11 00:51:18', '2018-07-11 00:51:18'),
(501, 75, 'Nama', NULL, 0, 0, 0, 0, 0, 1, 1, 0, '2018-07-11 00:51:18', '2018-07-11 00:51:18'),
(502, 75, 'Kontak', NULL, 0, 0, 0, 0, 0, 1, 1, 1, '2018-07-11 00:51:18', '2018-07-11 00:51:18'),
(503, 75, 'Alamat', NULL, 0, 0, 0, 0, 0, 1, 1, 2, '2018-07-11 00:51:18', '2018-07-11 00:51:18'),
(504, 75, 'Biaya', NULL, 0, 0, 0, 0, 1, 1, 1, 3, '2018-07-11 00:51:18', '2018-07-11 00:51:18'),
(505, 75, 'Tema Busana', NULL, 0, 0, 0, 0, 0, 1, 1, 4, '2018-07-11 00:51:18', '2018-07-11 00:51:18'),
(506, 75, 'Nuansa Warna', NULL, 0, 0, 0, 0, 0, 1, 1, 5, '2018-07-11 00:51:18', '2018-07-11 00:51:18'),
(507, 75, 'Catatan', NULL, 1, 0, 0, 1, 0, 1, 1, 6, '2018-07-11 00:51:18', '2018-07-11 00:51:18'),
(508, 76, 'Nama', NULL, 0, 0, 0, 0, 0, 1, 1, 0, '2018-07-11 00:51:18', '2018-07-11 00:51:18'),
(509, 76, 'Kontak', NULL, 0, 0, 0, 0, 0, 1, 1, 1, '2018-07-11 00:51:18', '2018-07-11 00:51:18'),
(510, 76, 'Alamat', NULL, 0, 0, 0, 0, 0, 1, 1, 2, '2018-07-11 00:51:18', '2018-07-11 00:51:18'),
(511, 76, 'Biaya', NULL, 0, 0, 0, 0, 1, 1, 1, 3, '2018-07-11 00:51:18', '2018-07-11 00:51:18'),
(512, 76, 'Tema Busana', NULL, 0, 0, 0, 0, 0, 1, 1, 4, '2018-07-11 00:51:18', '2018-07-11 00:51:18'),
(513, 76, 'Nuansa Warna', NULL, 0, 0, 0, 0, 0, 1, 1, 5, '2018-07-11 00:51:18', '2018-07-11 00:51:18'),
(514, 76, 'Catatan', NULL, 1, 0, 0, 1, 0, 1, 1, 6, '2018-07-11 00:51:18', '2018-07-11 00:51:18'),
(515, 77, 'Nama', NULL, 0, 0, 0, 0, 0, 1, 1, 0, '2018-07-11 00:51:18', '2018-07-11 00:51:18'),
(516, 77, 'Kontak', NULL, 0, 0, 0, 0, 0, 1, 1, 1, '2018-07-11 00:51:18', '2018-07-11 00:51:18');
INSERT INTO `content_detail` (`id`, `content_id`, `name`, `value`, `is_noted`, `is_photo`, `is_video`, `is_link`, `is_cost`, `is_not_deleted`, `status`, `order`, `created_at`, `updated_at`) VALUES
(517, 77, 'Alamat', NULL, 0, 0, 0, 0, 0, 1, 1, 2, '2018-07-11 00:51:18', '2018-07-11 00:51:18'),
(518, 77, 'Biaya', NULL, 0, 0, 0, 0, 1, 1, 1, 3, '2018-07-11 00:51:18', '2018-07-11 00:51:18'),
(519, 77, 'Contoh Aksesoris', NULL, 0, 1, 0, 1, 0, 1, 1, 4, '2018-07-11 00:51:18', '2018-07-11 00:51:18'),
(520, 77, 'Tema', NULL, 0, 0, 0, 0, 0, 1, 1, 5, '2018-07-11 00:51:18', '2018-07-11 00:51:18'),
(521, 77, 'Catatan', NULL, 1, 0, 0, 1, 0, 1, 1, 6, '2018-07-11 00:51:18', '2018-07-11 00:51:18'),
(522, 78, 'Nama', NULL, 0, 0, 0, 0, 0, 1, 1, 0, '2018-07-11 00:51:18', '2018-07-11 00:51:18'),
(523, 78, 'Kontak', NULL, 0, 0, 0, 0, 0, 1, 1, 1, '2018-07-11 00:51:18', '2018-07-11 00:51:18'),
(524, 78, 'Alamat', NULL, 0, 0, 0, 0, 0, 1, 1, 2, '2018-07-11 00:51:18', '2018-07-11 00:51:18'),
(525, 78, 'Biaya', NULL, 0, 0, 0, 0, 1, 1, 1, 3, '2018-07-11 00:51:18', '2018-07-11 00:51:18'),
(526, 78, 'Contoh Perias Wajah', NULL, 0, 1, 0, 1, 0, 1, 1, 4, '2018-07-11 00:51:18', '2018-07-11 00:51:18'),
(527, 78, 'Tema', NULL, 0, 0, 0, 0, 0, 1, 1, 5, '2018-07-11 00:51:18', '2018-07-11 00:51:18'),
(528, 78, 'Catatan', NULL, 1, 0, 0, 1, 0, 1, 1, 6, '2018-07-11 00:51:18', '2018-07-11 00:51:18'),
(529, 79, 'Nama', NULL, 0, 0, 0, 0, 0, 1, 1, 0, '2018-07-11 00:51:18', '2018-07-11 00:51:18'),
(530, 79, 'Kontak', NULL, 0, 0, 0, 0, 0, 1, 1, 1, '2018-07-11 00:51:18', '2018-07-11 00:51:18'),
(531, 79, 'Alamat', NULL, 0, 0, 0, 0, 0, 1, 1, 2, '2018-07-11 00:51:18', '2018-07-11 00:51:18'),
(532, 79, 'Biaya', NULL, 0, 0, 0, 0, 1, 1, 1, 3, '2018-07-11 00:51:18', '2018-07-11 00:51:18'),
(533, 79, 'Contoh Makanan', NULL, 0, 1, 0, 1, 0, 1, 1, 4, '2018-07-11 00:51:18', '2018-07-11 00:51:18'),
(534, 79, 'Nama Makanan', NULL, 0, 0, 0, 0, 0, 1, 1, 5, '2018-07-11 00:51:18', '2018-07-11 00:51:18'),
(535, 79, 'Catatan', NULL, 1, 0, 0, 1, 0, 1, 1, 6, '2018-07-11 00:51:18', '2018-07-11 00:51:18'),
(536, 80, 'Nama', NULL, 0, 0, 0, 0, 0, 1, 1, 0, '2018-07-11 00:51:18', '2018-07-11 00:51:18'),
(537, 80, 'Kontak', NULL, 0, 0, 0, 0, 0, 1, 1, 1, '2018-07-11 00:51:18', '2018-07-11 00:51:18'),
(538, 80, 'Alamat', NULL, 0, 0, 0, 0, 0, 1, 1, 2, '2018-07-11 00:51:19', '2018-07-11 00:51:19'),
(539, 80, 'Biaya', NULL, 0, 0, 0, 0, 1, 1, 1, 3, '2018-07-11 00:51:19', '2018-07-11 00:51:19'),
(540, 80, 'Contoh', NULL, 0, 1, 0, 1, 0, 1, 1, 4, '2018-07-11 00:51:19', '2018-07-11 00:51:19'),
(541, 80, 'Isi Undangan', NULL, 0, 0, 0, 0, 0, 1, 1, 5, '2018-07-11 00:51:19', '2018-07-11 00:51:19'),
(542, 80, 'Catatan', NULL, 1, 0, 0, 1, 0, 1, 1, 6, '2018-07-11 00:51:19', '2018-07-11 00:51:19'),
(543, 81, 'Lokasi', NULL, 0, 0, 0, 0, 0, 1, 1, 0, '2018-07-11 00:51:19', '2018-07-11 00:51:19'),
(544, 81, 'Tanggal', NULL, 0, 0, 0, 0, 0, 1, 1, 1, '2018-07-11 00:51:19', '2018-07-11 00:51:19'),
(545, 81, 'Alamat', NULL, 0, 0, 0, 0, 0, 1, 1, 2, '2018-07-11 00:51:19', '2018-07-11 00:51:19'),
(546, 81, 'Biaya', NULL, 0, 0, 0, 0, 1, 1, 1, 3, '2018-07-11 00:51:19', '2018-07-11 00:51:19'),
(547, 81, 'Foto', NULL, 0, 1, 0, 1, 0, 1, 1, 4, '2018-07-11 00:51:19', '2018-07-11 00:51:19'),
(548, 81, 'Catatan', NULL, 1, 0, 0, 1, 0, 1, 1, 5, '2018-07-11 00:51:19', '2018-07-11 00:51:19'),
(549, 82, 'Nama', NULL, 0, 0, 0, 0, 0, 1, 1, 0, '2018-07-11 00:51:19', '2018-07-11 00:51:19'),
(550, 82, 'Kontak', NULL, 0, 0, 0, 0, 0, 1, 1, 1, '2018-07-11 00:51:19', '2018-07-11 00:51:19'),
(551, 82, 'Alamat', NULL, 0, 0, 0, 0, 0, 1, 1, 2, '2018-07-11 00:51:19', '2018-07-11 00:51:19'),
(552, 82, 'Biaya', NULL, 0, 0, 0, 0, 1, 1, 1, 3, '2018-07-11 00:51:19', '2018-07-11 00:51:19'),
(553, 82, 'Foto', NULL, 0, 1, 0, 1, 0, 1, 1, 4, '2018-07-11 00:51:19', '2018-07-11 00:51:19'),
(554, 82, 'Catatan', NULL, 1, 0, 0, 1, 0, 1, 1, 5, '2018-07-11 00:51:19', '2018-07-11 00:51:19'),
(555, 83, 'Nama', NULL, 0, 0, 0, 0, 0, 1, 1, 0, '2018-07-11 00:51:19', '2018-07-11 00:51:19'),
(556, 83, 'Kontak', NULL, 0, 0, 0, 0, 0, 1, 1, 1, '2018-07-11 00:51:19', '2018-07-11 00:51:19'),
(557, 83, 'Alamat', NULL, 0, 0, 0, 0, 0, 1, 1, 2, '2018-07-11 00:51:19', '2018-07-11 00:51:19'),
(558, 83, 'Biaya', NULL, 0, 0, 0, 0, 1, 1, 1, 3, '2018-07-11 00:51:19', '2018-07-11 00:51:19'),
(559, 83, 'Foto', NULL, 0, 1, 0, 1, 0, 1, 1, 4, '2018-07-11 00:51:19', '2018-07-11 00:51:19'),
(560, 83, 'Catatan', NULL, 1, 0, 0, 1, 0, 1, 1, 5, '2018-07-11 00:51:19', '2018-07-11 00:51:19'),
(561, 84, 'Lokasi', NULL, 0, 0, 0, 0, 0, 1, 1, 0, '2018-07-11 00:51:19', '2018-07-11 00:51:19'),
(562, 84, 'Tanggal', NULL, 0, 0, 0, 0, 0, 1, 1, 1, '2018-07-11 00:51:19', '2018-07-11 00:51:19'),
(563, 84, 'Hotel', NULL, 0, 0, 0, 0, 0, 1, 1, 2, '2018-07-11 00:51:19', '2018-07-11 00:51:19'),
(564, 84, 'Biaya', NULL, 0, 0, 0, 0, 1, 1, 1, 3, '2018-07-11 00:51:19', '2018-07-11 00:51:19'),
(565, 84, 'Foto Lokasi', NULL, 0, 1, 0, 1, 0, 1, 1, 4, '2018-07-11 00:51:19', '2018-07-11 00:51:19'),
(566, 84, 'Catatan', NULL, 1, 0, 0, 1, 0, 1, 1, 5, '2018-07-11 00:51:19', '2018-07-11 00:51:19'),
(567, 85, 'Nama Vendor', NULL, 0, 0, 0, 0, 0, 1, 1, 0, '2018-07-11 00:51:19', '2018-07-11 00:51:19'),
(568, 85, 'Kontak', NULL, 0, 0, 0, 0, 0, 1, 1, 1, '2018-07-11 00:51:19', '2018-07-11 00:51:19'),
(569, 85, 'Alamat', NULL, 0, 0, 0, 0, 0, 1, 1, 2, '2018-07-11 00:51:19', '2018-07-11 00:51:19'),
(570, 85, 'Biaya', NULL, 0, 0, 0, 0, 1, 1, 1, 3, '2018-07-11 00:51:19', '2018-07-11 00:51:19'),
(571, 85, 'Catatan', NULL, 1, 0, 0, 1, 0, 1, 1, 4, '2018-07-11 00:51:19', '2018-07-11 00:51:19'),
(572, 86, 'Nama Dekorator', NULL, 0, 0, 0, 0, 0, 1, 1, 0, '2018-07-11 00:51:19', '2018-07-11 00:51:19'),
(573, 86, 'Kontak', NULL, 0, 0, 0, 0, 0, 1, 1, 1, '2018-07-11 00:51:19', '2018-07-11 00:51:19'),
(574, 86, 'Alamat', NULL, 0, 0, 0, 0, 0, 1, 1, 2, '2018-07-11 00:51:19', '2018-07-11 00:51:19'),
(575, 86, 'Biaya', NULL, 0, 0, 0, 0, 1, 1, 1, 3, '2018-07-11 00:51:19', '2018-07-11 00:51:19'),
(576, 86, 'Foto Acuan Dekorasi', NULL, 0, 1, 0, 1, 0, 1, 1, 4, '2018-07-11 00:51:19', '2018-07-11 00:51:19'),
(577, 86, 'Tema Dekorasi', NULL, 0, 0, 0, 0, 0, 1, 1, 5, '2018-07-11 00:51:19', '2018-07-11 00:51:19'),
(578, 86, 'Nuansa Warna Bunga', NULL, 0, 0, 0, 0, 0, 1, 1, 6, '2018-07-11 00:51:19', '2018-07-11 00:51:19'),
(579, 86, 'Nuansa Warna Dekorasi', NULL, 0, 0, 0, 0, 0, 1, 1, 7, '2018-07-11 00:51:19', '2018-07-11 00:51:19'),
(580, 86, 'Kain Dekorasi', NULL, 0, 0, 0, 0, 0, 1, 1, 8, '2018-07-11 00:51:19', '2018-07-11 00:51:19'),
(581, 86, 'Catatan', NULL, 1, 0, 0, 1, 0, 1, 1, 9, '2018-07-11 00:51:19', '2018-07-11 00:51:19'),
(582, 87, 'Nama', NULL, 0, 0, 0, 0, 0, 1, 1, 0, '2018-07-11 00:51:19', '2018-07-11 00:51:19'),
(583, 87, 'Kontak', NULL, 0, 0, 0, 0, 0, 1, 1, 1, '2018-07-11 00:51:19', '2018-07-11 00:51:19'),
(584, 87, 'Alamat', NULL, 0, 0, 0, 0, 0, 1, 1, 2, '2018-07-11 00:51:19', '2018-07-11 00:51:19'),
(585, 87, 'Biaya', NULL, 0, 0, 0, 0, 1, 1, 1, 3, '2018-07-11 00:51:19', '2018-07-11 00:51:19'),
(586, 87, 'Foto Lokasi Acara', NULL, 0, 1, 0, 1, 0, 1, 1, 4, '2018-07-11 00:51:19', '2018-07-11 00:51:19'),
(587, 87, 'Catatan', NULL, 1, 0, 0, 1, 0, 1, 1, 5, '2018-07-11 00:51:19', '2018-07-11 00:51:19'),
(588, 88, 'Nama', NULL, 0, 0, 0, 0, 0, 1, 1, 0, '2018-07-11 00:51:19', '2018-07-11 00:51:19'),
(589, 88, 'Kontak', NULL, 0, 0, 0, 0, 0, 1, 1, 1, '2018-07-11 00:51:19', '2018-07-11 00:51:19'),
(590, 88, 'Alamat', NULL, 0, 0, 0, 0, 0, 1, 1, 2, '2018-07-11 00:51:19', '2018-07-11 00:51:19'),
(591, 88, 'Biaya', NULL, 0, 0, 0, 0, 1, 1, 1, 3, '2018-07-11 00:51:19', '2018-07-11 00:51:19'),
(592, 88, 'Foto Acuan Pernikahan', NULL, 0, 1, 0, 1, 0, 1, 1, 4, '2018-07-11 00:51:19', '2018-07-11 00:51:19'),
(593, 88, 'Catatan', NULL, 1, 0, 0, 1, 0, 1, 1, 5, '2018-07-11 00:51:19', '2018-07-11 00:51:19'),
(594, 89, 'Nama', NULL, 0, 0, 0, 0, 0, 1, 1, 0, '2018-07-11 00:51:19', '2018-07-11 00:51:19'),
(595, 89, 'Kontak', NULL, 0, 0, 0, 0, 0, 1, 1, 1, '2018-07-11 00:51:19', '2018-07-11 00:51:19'),
(596, 89, 'Alamat', NULL, 0, 0, 0, 0, 0, 1, 1, 2, '2018-07-11 00:51:19', '2018-07-11 00:51:19'),
(597, 89, 'Biaya', NULL, 0, 0, 0, 0, 1, 1, 1, 3, '2018-07-11 00:51:19', '2018-07-11 00:51:19'),
(598, 89, 'Video Acuan Pernikahan', NULL, 0, 0, 1, 1, 0, 1, 1, 4, '2018-07-11 00:51:19', '2018-07-11 00:51:19'),
(599, 89, 'Tema Video', NULL, 0, 0, 0, 0, 0, 1, 1, 5, '2018-07-11 00:51:19', '2018-07-11 00:51:19'),
(600, 89, 'Catatan', NULL, 1, 0, 0, 1, 0, 1, 1, 6, '2018-07-11 00:51:19', '2018-07-11 00:51:19'),
(601, 90, 'Nama', NULL, 0, 0, 0, 0, 0, 1, 1, 0, '2018-07-11 00:51:19', '2018-07-11 00:51:19'),
(602, 90, 'Kontak', NULL, 0, 0, 0, 0, 0, 1, 1, 1, '2018-07-11 00:51:19', '2018-07-11 00:51:19'),
(603, 90, 'Alamat', NULL, 0, 0, 0, 0, 0, 1, 1, 2, '2018-07-11 00:51:19', '2018-07-11 00:51:19'),
(604, 90, 'Biaya', NULL, 0, 0, 0, 0, 1, 1, 1, 3, '2018-07-11 00:51:19', '2018-07-11 00:51:19'),
(605, 90, 'Tema Busana', NULL, 0, 0, 0, 0, 0, 1, 1, 4, '2018-07-11 00:51:19', '2018-07-11 00:51:19'),
(606, 90, 'Nuansa Warna', NULL, 0, 0, 0, 0, 0, 1, 1, 5, '2018-07-11 00:51:19', '2018-07-11 00:51:19'),
(607, 90, 'Catatan', NULL, 1, 0, 0, 1, 0, 1, 1, 6, '2018-07-11 00:51:19', '2018-07-11 00:51:19'),
(608, 91, 'Nama', NULL, 0, 0, 0, 0, 0, 1, 1, 0, '2018-07-11 00:51:19', '2018-07-11 00:51:19'),
(609, 91, 'Kontak', NULL, 0, 0, 0, 0, 0, 1, 1, 1, '2018-07-11 00:51:19', '2018-07-11 00:51:19'),
(610, 91, 'Alamat', NULL, 0, 0, 0, 0, 0, 1, 1, 2, '2018-07-11 00:51:19', '2018-07-11 00:51:19'),
(611, 91, 'Biaya', NULL, 0, 0, 0, 0, 1, 1, 1, 3, '2018-07-11 00:51:19', '2018-07-11 00:51:19'),
(612, 91, 'Tema Busana', NULL, 0, 0, 0, 0, 0, 1, 1, 4, '2018-07-11 00:51:19', '2018-07-11 00:51:19'),
(613, 91, 'Nuansa Warna', NULL, 0, 0, 0, 0, 0, 1, 1, 5, '2018-07-11 00:51:19', '2018-07-11 00:51:19'),
(614, 91, 'Catatan', NULL, 1, 0, 0, 1, 0, 1, 1, 6, '2018-07-11 00:51:19', '2018-07-11 00:51:19'),
(615, 92, 'Nama', NULL, 0, 0, 0, 0, 0, 1, 1, 0, '2018-07-11 00:51:19', '2018-07-11 00:51:19'),
(616, 92, 'Kontak', NULL, 0, 0, 0, 0, 0, 1, 1, 1, '2018-07-11 00:51:19', '2018-07-11 00:51:19'),
(617, 92, 'Alamat', NULL, 0, 0, 0, 0, 0, 1, 1, 2, '2018-07-11 00:51:19', '2018-07-11 00:51:19'),
(618, 92, 'Biaya', NULL, 0, 0, 0, 0, 1, 1, 1, 3, '2018-07-11 00:51:19', '2018-07-11 00:51:19'),
(619, 92, 'Tema Busana', NULL, 0, 0, 0, 0, 0, 1, 1, 4, '2018-07-11 00:51:19', '2018-07-11 00:51:19'),
(620, 92, 'Nuansa Warna', NULL, 0, 0, 0, 0, 0, 1, 1, 5, '2018-07-11 00:51:19', '2018-07-11 00:51:19'),
(621, 92, 'Catatan', NULL, 1, 0, 0, 1, 0, 1, 1, 6, '2018-07-11 00:51:19', '2018-07-11 00:51:19'),
(622, 93, 'Nama', NULL, 0, 0, 0, 0, 0, 1, 1, 0, '2018-07-11 00:51:19', '2018-07-11 00:51:19'),
(623, 93, 'Kontak', NULL, 0, 0, 0, 0, 0, 1, 1, 1, '2018-07-11 00:51:19', '2018-07-11 00:51:19'),
(624, 93, 'Alamat', NULL, 0, 0, 0, 0, 0, 1, 1, 2, '2018-07-11 00:51:19', '2018-07-11 00:51:19'),
(625, 93, 'Biaya', NULL, 0, 0, 0, 0, 1, 1, 1, 3, '2018-07-11 00:51:19', '2018-07-11 00:51:19'),
(626, 93, 'Contoh Aksesoris', NULL, 0, 1, 0, 1, 0, 1, 1, 4, '2018-07-11 00:51:19', '2018-07-11 00:51:19'),
(627, 93, 'Tema', NULL, 0, 0, 0, 0, 0, 1, 1, 5, '2018-07-11 00:51:19', '2018-07-11 00:51:19'),
(628, 93, 'Catatan', NULL, 1, 0, 0, 1, 0, 1, 1, 6, '2018-07-11 00:51:19', '2018-07-11 00:51:19'),
(629, 94, 'Nama', NULL, 0, 0, 0, 0, 0, 1, 1, 0, '2018-07-11 00:51:19', '2018-07-11 00:51:19'),
(630, 94, 'Kontak', NULL, 0, 0, 0, 0, 0, 1, 1, 1, '2018-07-11 00:51:19', '2018-07-11 00:51:19'),
(631, 94, 'Alamat', NULL, 0, 0, 0, 0, 0, 1, 1, 2, '2018-07-11 00:51:19', '2018-07-11 00:51:19'),
(632, 94, 'Biaya', NULL, 0, 0, 0, 0, 1, 1, 1, 3, '2018-07-11 00:51:19', '2018-07-11 00:51:19'),
(633, 94, 'Contoh Perias Wajah', NULL, 0, 1, 0, 1, 0, 1, 1, 4, '2018-07-11 00:51:19', '2018-07-11 00:51:19'),
(634, 94, 'Tema', NULL, 0, 0, 0, 0, 0, 1, 1, 5, '2018-07-11 00:51:19', '2018-07-11 00:51:19'),
(635, 94, 'Catatan', NULL, 1, 0, 0, 1, 0, 1, 1, 6, '2018-07-11 00:51:19', '2018-07-11 00:51:19'),
(636, 95, 'Nama', NULL, 0, 0, 0, 0, 0, 1, 1, 0, '2018-07-11 00:51:19', '2018-07-11 00:51:19'),
(637, 95, 'Kontak', NULL, 0, 0, 0, 0, 0, 1, 1, 1, '2018-07-11 00:51:19', '2018-07-11 00:51:19'),
(638, 95, 'Alamat', NULL, 0, 0, 0, 0, 0, 1, 1, 2, '2018-07-11 00:51:19', '2018-07-11 00:51:19'),
(639, 95, 'Biaya', NULL, 0, 0, 0, 0, 1, 1, 1, 3, '2018-07-11 00:51:19', '2018-07-11 00:51:19'),
(640, 95, 'Contoh Makanan', NULL, 0, 1, 0, 1, 0, 1, 1, 4, '2018-07-11 00:51:19', '2018-07-11 00:51:19'),
(641, 95, 'Catatan', NULL, 1, 0, 0, 1, 0, 1, 1, 5, '2018-07-11 00:51:19', '2018-07-11 00:51:19'),
(642, 96, 'Nama', NULL, 0, 0, 0, 0, 0, 1, 1, 0, '2018-07-11 00:51:19', '2018-07-11 00:51:19'),
(643, 96, 'Kontak', NULL, 0, 0, 0, 0, 0, 1, 1, 1, '2018-07-11 00:51:19', '2018-07-11 00:51:19'),
(644, 96, 'Alamat', NULL, 0, 0, 0, 0, 0, 1, 1, 2, '2018-07-11 00:51:19', '2018-07-11 00:51:19'),
(645, 96, 'Biaya', NULL, 0, 0, 0, 0, 1, 1, 1, 3, '2018-07-11 00:51:19', '2018-07-11 00:51:19'),
(646, 96, 'Contoh', NULL, 0, 1, 0, 1, 0, 1, 1, 4, '2018-07-11 00:51:19', '2018-07-11 00:51:19'),
(647, 96, 'Isi Undangan', NULL, 0, 0, 0, 0, 0, 1, 1, 5, '2018-07-11 00:51:19', '2018-07-11 00:51:19'),
(648, 96, 'Catatan', NULL, 1, 0, 0, 1, 0, 1, 1, 6, '2018-07-11 00:51:19', '2018-07-11 00:51:19'),
(649, 97, 'Lokasi', NULL, 0, 0, 0, 0, 0, 1, 1, 0, '2018-07-11 00:51:19', '2018-07-11 00:51:19'),
(650, 97, 'Tanggal', NULL, 0, 0, 0, 0, 0, 1, 1, 1, '2018-07-11 00:51:19', '2018-07-11 00:51:19'),
(651, 97, 'Alamat', NULL, 0, 0, 0, 0, 0, 1, 1, 2, '2018-07-11 00:51:19', '2018-07-11 00:51:19'),
(652, 97, 'Biaya', NULL, 0, 0, 0, 0, 1, 1, 1, 3, '2018-07-11 00:51:19', '2018-07-11 00:51:19'),
(653, 97, 'Foto', NULL, 0, 1, 0, 1, 0, 1, 1, 4, '2018-07-11 00:51:19', '2018-07-11 00:51:19'),
(654, 97, 'Catatan', NULL, 1, 0, 0, 1, 0, 1, 1, 5, '2018-07-11 00:51:19', '2018-07-11 00:51:19'),
(655, 98, 'Nama', NULL, 0, 0, 0, 0, 0, 1, 1, 0, '2018-07-11 00:51:19', '2018-07-11 00:51:19'),
(656, 98, 'Kontak', NULL, 0, 0, 0, 0, 0, 1, 1, 1, '2018-07-11 00:51:19', '2018-07-11 00:51:19'),
(657, 98, 'Alamat', NULL, 0, 0, 0, 0, 0, 1, 1, 2, '2018-07-11 00:51:19', '2018-07-11 00:51:19'),
(658, 98, 'Biaya', NULL, 0, 0, 0, 0, 1, 1, 1, 3, '2018-07-11 00:51:19', '2018-07-11 00:51:19'),
(659, 98, 'Foto', NULL, 0, 1, 0, 1, 0, 1, 1, 4, '2018-07-11 00:51:19', '2018-07-11 00:51:19'),
(660, 98, 'Catatan', NULL, 1, 0, 0, 1, 0, 1, 1, 5, '2018-07-11 00:51:19', '2018-07-11 00:51:19'),
(661, 99, 'Nama', NULL, 0, 0, 0, 0, 0, 1, 1, 0, '2018-07-11 00:51:19', '2018-07-11 00:51:19'),
(662, 99, 'Kontak', NULL, 0, 0, 0, 0, 0, 1, 1, 1, '2018-07-11 00:51:19', '2018-07-11 00:51:19'),
(663, 99, 'Alamat', NULL, 0, 0, 0, 0, 0, 1, 1, 2, '2018-07-11 00:51:19', '2018-07-11 00:51:19'),
(664, 99, 'Biaya', NULL, 0, 0, 0, 0, 1, 1, 1, 3, '2018-07-11 00:51:19', '2018-07-11 00:51:19'),
(665, 99, 'Foto', NULL, 0, 1, 0, 1, 0, 1, 1, 4, '2018-07-11 00:51:19', '2018-07-11 00:51:19'),
(666, 99, 'Catatan', NULL, 1, 0, 0, 1, 0, 1, 1, 5, '2018-07-11 00:51:19', '2018-07-11 00:51:19'),
(667, 100, 'Nama Vendor', NULL, 0, 0, 0, 0, 0, 1, 1, 0, '2018-07-11 00:51:19', '2018-07-11 00:51:19'),
(668, 100, 'Kontak', NULL, 0, 0, 0, 0, 0, 1, 1, 1, '2018-07-11 00:51:19', '2018-07-11 00:51:19'),
(669, 100, 'Alamat', NULL, 0, 0, 0, 0, 0, 1, 1, 2, '2018-07-11 00:51:19', '2018-07-11 00:51:19'),
(670, 100, 'Biaya', NULL, 0, 0, 0, 0, 1, 1, 1, 3, '2018-07-11 00:51:19', '2018-07-11 00:51:19'),
(671, 100, 'Catatan', NULL, 1, 0, 0, 1, 0, 1, 1, 4, '2018-07-11 00:51:19', '2018-07-11 00:51:19'),
(672, 101, 'Nama Dekorator', NULL, 0, 0, 0, 0, 0, 1, 1, 0, '2018-07-11 00:51:19', '2018-07-11 00:51:19'),
(673, 101, 'Kontak', NULL, 0, 0, 0, 0, 0, 1, 1, 1, '2018-07-11 00:51:19', '2018-07-11 00:51:19'),
(674, 101, 'Alamat', NULL, 0, 0, 0, 0, 0, 1, 1, 2, '2018-07-11 00:51:19', '2018-07-11 00:51:19'),
(675, 101, 'Biaya', NULL, 0, 0, 0, 0, 1, 1, 1, 3, '2018-07-11 00:51:19', '2018-07-11 00:51:19'),
(676, 101, 'Foto Acuan Dekorasi', NULL, 0, 1, 0, 1, 0, 1, 1, 4, '2018-07-11 00:51:19', '2018-07-11 00:51:19'),
(677, 101, 'Tema Dekorasi', NULL, 0, 0, 0, 0, 0, 1, 1, 5, '2018-07-11 00:51:19', '2018-07-11 00:51:19'),
(678, 101, 'Nuansa Warna Bunga', NULL, 0, 0, 0, 0, 0, 1, 1, 6, '2018-07-11 00:51:19', '2018-07-11 00:51:19'),
(679, 101, 'Nuansa Warna Dekorasi', NULL, 0, 0, 0, 0, 0, 1, 1, 7, '2018-07-11 00:51:19', '2018-07-11 00:51:19'),
(680, 101, 'Kain Dekorasi', NULL, 0, 0, 0, 0, 0, 1, 1, 8, '2018-07-11 00:51:19', '2018-07-11 00:51:19'),
(681, 101, 'Catatan', NULL, 1, 0, 0, 1, 0, 1, 1, 9, '2018-07-11 00:51:19', '2018-07-11 00:51:19'),
(682, 102, 'Nama', NULL, 0, 0, 0, 0, 0, 1, 1, 0, '2018-07-11 00:51:19', '2018-07-11 00:51:19'),
(683, 102, 'Kontak', NULL, 0, 0, 0, 0, 0, 1, 1, 1, '2018-07-11 00:51:19', '2018-07-11 00:51:19'),
(684, 102, 'Alamat', NULL, 0, 0, 0, 0, 0, 1, 1, 2, '2018-07-11 00:51:19', '2018-07-11 00:51:19'),
(685, 102, 'Biaya', NULL, 0, 0, 0, 0, 1, 1, 1, 3, '2018-07-11 00:51:19', '2018-07-11 00:51:19'),
(686, 102, 'Foto Lokasi Acara', NULL, 0, 1, 0, 1, 0, 1, 1, 4, '2018-07-11 00:51:19', '2018-07-11 00:51:19'),
(687, 102, 'Catatan', NULL, 1, 0, 0, 1, 0, 1, 1, 5, '2018-07-11 00:51:19', '2018-07-11 00:51:19'),
(688, 103, 'Nama', NULL, 0, 0, 0, 0, 0, 1, 1, 0, '2018-07-11 00:51:19', '2018-07-11 00:51:19'),
(689, 103, 'Kontak', NULL, 0, 0, 0, 0, 0, 1, 1, 1, '2018-07-11 00:51:19', '2018-07-11 00:51:19'),
(690, 103, 'Alamat', NULL, 0, 0, 0, 0, 0, 1, 1, 2, '2018-07-11 00:51:19', '2018-07-11 00:51:19'),
(691, 103, 'Biaya', NULL, 0, 0, 0, 0, 1, 1, 1, 3, '2018-07-11 00:51:19', '2018-07-11 00:51:19'),
(692, 103, 'Foto Acuan Pernikahan', NULL, 0, 1, 0, 1, 0, 1, 1, 4, '2018-07-11 00:51:19', '2018-07-11 00:51:19'),
(693, 103, 'Catatan', NULL, 1, 0, 0, 1, 0, 1, 1, 5, '2018-07-11 00:51:19', '2018-07-11 00:51:19'),
(694, 104, 'Nama', NULL, 0, 0, 0, 0, 0, 1, 1, 0, '2018-07-11 00:51:19', '2018-07-11 00:51:19'),
(695, 104, 'Kontak', NULL, 0, 0, 0, 0, 0, 1, 1, 1, '2018-07-11 00:51:19', '2018-07-11 00:51:19'),
(696, 104, 'Alamat', NULL, 0, 0, 0, 0, 0, 1, 1, 2, '2018-07-11 00:51:19', '2018-07-11 00:51:19'),
(697, 104, 'Biaya', NULL, 0, 0, 0, 0, 1, 1, 1, 3, '2018-07-11 00:51:19', '2018-07-11 00:51:19'),
(698, 104, 'Video Acuan Pernikahan', NULL, 0, 0, 1, 1, 0, 1, 1, 4, '2018-07-11 00:51:19', '2018-07-11 00:51:19'),
(699, 104, 'Tema Video', NULL, 0, 0, 0, 0, 0, 1, 1, 5, '2018-07-11 00:51:19', '2018-07-11 00:51:19'),
(700, 104, 'Catatan', NULL, 1, 0, 0, 1, 0, 1, 1, 6, '2018-07-11 00:51:19', '2018-07-11 00:51:19'),
(701, 105, 'Nama', NULL, 0, 0, 0, 0, 0, 1, 1, 0, '2018-07-11 00:51:19', '2018-07-11 00:51:19'),
(702, 105, 'Kontak', NULL, 0, 0, 0, 0, 0, 1, 1, 1, '2018-07-11 00:51:19', '2018-07-11 00:51:19'),
(703, 105, 'Alamat', NULL, 0, 0, 0, 0, 0, 1, 1, 2, '2018-07-11 00:51:19', '2018-07-11 00:51:19'),
(704, 105, 'Biaya', NULL, 0, 0, 0, 0, 1, 1, 1, 3, '2018-07-11 00:51:19', '2018-07-11 00:51:19'),
(705, 105, 'Tema Busana', NULL, 0, 0, 0, 0, 0, 1, 1, 4, '2018-07-11 00:51:19', '2018-07-11 00:51:19'),
(706, 105, 'Nuansa Warna', NULL, 0, 0, 0, 0, 0, 1, 1, 5, '2018-07-11 00:51:19', '2018-07-11 00:51:19'),
(707, 105, 'Catatan', NULL, 1, 0, 0, 1, 0, 1, 1, 6, '2018-07-11 00:51:19', '2018-07-11 00:51:19'),
(708, 106, 'Nama', NULL, 0, 0, 0, 0, 0, 1, 1, 0, '2018-07-11 00:51:19', '2018-07-11 00:51:19'),
(709, 106, 'Kontak', NULL, 0, 0, 0, 0, 0, 1, 1, 1, '2018-07-11 00:51:19', '2018-07-11 00:51:19'),
(710, 106, 'Alamat', NULL, 0, 0, 0, 0, 0, 1, 1, 2, '2018-07-11 00:51:19', '2018-07-11 00:51:19'),
(711, 106, 'Biaya', NULL, 0, 0, 0, 0, 1, 1, 1, 3, '2018-07-11 00:51:19', '2018-07-11 00:51:19'),
(712, 106, 'Tema Busana', NULL, 0, 0, 0, 0, 0, 1, 1, 4, '2018-07-11 00:51:19', '2018-07-11 00:51:19'),
(713, 106, 'Nuansa Warna', NULL, 0, 0, 0, 0, 0, 1, 1, 5, '2018-07-11 00:51:19', '2018-07-11 00:51:19'),
(714, 106, 'Catatan', NULL, 1, 0, 0, 1, 0, 1, 1, 6, '2018-07-11 00:51:19', '2018-07-11 00:51:19'),
(715, 107, 'Nama', NULL, 0, 0, 0, 0, 0, 1, 1, 0, '2018-07-11 00:51:19', '2018-07-11 00:51:19'),
(716, 107, 'Kontak', NULL, 0, 0, 0, 0, 0, 1, 1, 1, '2018-07-11 00:51:19', '2018-07-11 00:51:19'),
(717, 107, 'Alamat', NULL, 0, 0, 0, 0, 0, 1, 1, 2, '2018-07-11 00:51:19', '2018-07-11 00:51:19'),
(718, 107, 'Biaya', NULL, 0, 0, 0, 0, 1, 1, 1, 3, '2018-07-11 00:51:19', '2018-07-11 00:51:19'),
(719, 107, 'Tema Busana', NULL, 0, 0, 0, 0, 0, 1, 1, 4, '2018-07-11 00:51:19', '2018-07-11 00:51:19'),
(720, 107, 'Nuansa Warna', NULL, 0, 0, 0, 0, 0, 1, 1, 5, '2018-07-11 00:51:19', '2018-07-11 00:51:19'),
(721, 107, 'Catatan', NULL, 1, 0, 0, 1, 0, 1, 1, 6, '2018-07-11 00:51:19', '2018-07-11 00:51:19'),
(722, 108, 'Nama', NULL, 0, 0, 0, 0, 0, 1, 1, 0, '2018-07-11 00:51:19', '2018-07-11 00:51:19'),
(723, 108, 'Kontak', NULL, 0, 0, 0, 0, 0, 1, 1, 1, '2018-07-11 00:51:19', '2018-07-11 00:51:19'),
(724, 108, 'Alamat', NULL, 0, 0, 0, 0, 0, 1, 1, 2, '2018-07-11 00:51:19', '2018-07-11 00:51:19'),
(725, 108, 'Biaya', NULL, 0, 0, 0, 0, 1, 1, 1, 3, '2018-07-11 00:51:19', '2018-07-11 00:51:19'),
(726, 108, 'Contoh Aksesoris', NULL, 0, 1, 0, 1, 0, 1, 1, 4, '2018-07-11 00:51:19', '2018-07-11 00:51:19'),
(727, 108, 'Tema', NULL, 0, 0, 0, 0, 0, 1, 1, 5, '2018-07-11 00:51:19', '2018-07-11 00:51:19'),
(728, 108, 'Catatan', NULL, 1, 0, 0, 1, 0, 1, 1, 6, '2018-07-11 00:51:19', '2018-07-11 00:51:19'),
(729, 109, 'Nama', NULL, 0, 0, 0, 0, 0, 1, 1, 0, '2018-07-11 00:51:19', '2018-07-11 00:51:19'),
(730, 109, 'Kontak', NULL, 0, 0, 0, 0, 0, 1, 1, 1, '2018-07-11 00:51:19', '2018-07-11 00:51:19'),
(731, 109, 'Alamat', NULL, 0, 0, 0, 0, 0, 1, 1, 2, '2018-07-11 00:51:19', '2018-07-11 00:51:19'),
(732, 109, 'Biaya', NULL, 0, 0, 0, 0, 1, 1, 1, 3, '2018-07-11 00:51:19', '2018-07-11 00:51:19'),
(733, 109, 'Contoh Perias Wajah', NULL, 0, 1, 0, 1, 0, 1, 1, 4, '2018-07-11 00:51:19', '2018-07-11 00:51:19'),
(734, 109, 'Tema', NULL, 0, 0, 0, 0, 0, 1, 1, 5, '2018-07-11 00:51:19', '2018-07-11 00:51:19'),
(735, 109, 'Catatan', NULL, 1, 0, 0, 1, 0, 1, 1, 6, '2018-07-11 00:51:19', '2018-07-11 00:51:19'),
(736, 110, 'Nama', NULL, 0, 0, 0, 0, 0, 1, 1, 0, '2018-07-11 00:51:19', '2018-07-11 00:51:19'),
(737, 110, 'Kontak', NULL, 0, 0, 0, 0, 0, 1, 1, 1, '2018-07-11 00:51:19', '2018-07-11 00:51:19'),
(738, 110, 'Alamat', NULL, 0, 0, 0, 0, 0, 1, 1, 2, '2018-07-11 00:51:19', '2018-07-11 00:51:19'),
(739, 110, 'Biaya', NULL, 0, 0, 0, 0, 1, 1, 1, 3, '2018-07-11 00:51:19', '2018-07-11 00:51:19'),
(740, 110, 'Contoh Makanan', NULL, 0, 1, 0, 1, 0, 1, 1, 4, '2018-07-11 00:51:19', '2018-07-11 00:51:19'),
(741, 110, 'Catatan', NULL, 1, 0, 0, 1, 0, 1, 1, 5, '2018-07-11 00:51:19', '2018-07-11 00:51:19'),
(742, 111, 'Nama', NULL, 0, 0, 0, 0, 0, 1, 1, 0, '2018-07-11 00:51:19', '2018-07-11 00:51:19'),
(743, 111, 'Kontak', NULL, 0, 0, 0, 0, 0, 1, 1, 1, '2018-07-11 00:51:19', '2018-07-11 00:51:19'),
(744, 111, 'Alamat', NULL, 0, 0, 0, 0, 0, 1, 1, 2, '2018-07-11 00:51:19', '2018-07-11 00:51:19'),
(745, 111, 'Biaya', NULL, 0, 0, 0, 0, 1, 1, 1, 3, '2018-07-11 00:51:19', '2018-07-11 00:51:19'),
(746, 111, 'Contoh', NULL, 0, 1, 0, 1, 0, 1, 1, 4, '2018-07-11 00:51:19', '2018-07-11 00:51:19'),
(747, 111, 'Isi Undangan', NULL, 0, 0, 0, 0, 0, 1, 1, 5, '2018-07-11 00:51:19', '2018-07-11 00:51:19'),
(748, 111, 'Catatan', NULL, 1, 0, 0, 1, 0, 1, 1, 6, '2018-07-11 00:51:19', '2018-07-11 00:51:19'),
(749, 112, 'Nama', NULL, 0, 0, 0, 0, 0, 1, 1, 0, '2018-07-11 00:51:19', '2018-07-11 00:51:19'),
(750, 112, 'Kontak', NULL, 0, 0, 0, 0, 0, 1, 1, 1, '2018-07-11 00:51:19', '2018-07-11 00:51:19'),
(751, 112, 'Alamat', NULL, 0, 0, 0, 0, 0, 1, 1, 2, '2018-07-11 00:51:19', '2018-07-11 00:51:19'),
(752, 112, 'Biaya', NULL, 0, 0, 0, 0, 1, 1, 1, 3, '2018-07-11 00:51:19', '2018-07-11 00:51:19'),
(753, 112, 'Foto', NULL, 0, 1, 0, 1, 0, 1, 1, 4, '2018-07-11 00:51:19', '2018-07-11 00:51:19'),
(754, 112, 'Catatan', NULL, 1, 0, 0, 1, 0, 1, 1, 5, '2018-07-11 00:51:19', '2018-07-11 00:51:19'),
(755, 113, 'Nama', NULL, 0, 0, 0, 0, 0, 1, 1, 0, '2018-07-11 00:51:19', '2018-07-11 00:51:19'),
(756, 113, 'Kontak', NULL, 0, 0, 0, 0, 0, 1, 1, 1, '2018-07-11 00:51:19', '2018-07-11 00:51:19'),
(757, 113, 'Alamat', NULL, 0, 0, 0, 0, 0, 1, 1, 2, '2018-07-11 00:51:19', '2018-07-11 00:51:19'),
(758, 113, 'Biaya', NULL, 0, 0, 0, 0, 1, 1, 1, 3, '2018-07-11 00:51:19', '2018-07-11 00:51:19'),
(759, 113, 'Foto', NULL, 0, 1, 0, 1, 0, 1, 1, 4, '2018-07-11 00:51:19', '2018-07-11 00:51:19'),
(760, 113, 'Catatan', NULL, 1, 0, 0, 1, 0, 1, 1, 5, '2018-07-11 00:51:19', '2018-07-11 00:51:19'),
(761, 114, 'Nama Vendor', NULL, 0, 0, 0, 0, 0, 1, 1, 0, '2018-07-11 00:51:19', '2018-07-11 00:51:19'),
(762, 114, 'Kontak', NULL, 0, 0, 0, 0, 0, 1, 1, 1, '2018-07-11 00:51:19', '2018-07-11 00:51:19'),
(763, 114, 'Alamat', NULL, 0, 0, 0, 0, 0, 1, 1, 2, '2018-07-11 00:51:19', '2018-07-11 00:51:19'),
(764, 114, 'Biaya', NULL, 0, 0, 0, 0, 1, 1, 1, 3, '2018-07-11 00:51:19', '2018-07-11 00:51:19'),
(765, 114, 'Catatan', NULL, 1, 0, 0, 1, 0, 1, 1, 4, '2018-07-11 00:51:19', '2018-07-11 00:51:19'),
(766, 115, 'Nama Dekorator', NULL, 0, 0, 0, 0, 0, 1, 1, 0, '2018-07-11 00:51:19', '2018-07-11 00:51:19'),
(767, 115, 'Kontak', NULL, 0, 0, 0, 0, 0, 1, 1, 1, '2018-07-11 00:51:19', '2018-07-11 00:51:19'),
(768, 115, 'Alamat', NULL, 0, 0, 0, 0, 0, 1, 1, 2, '2018-07-11 00:51:19', '2018-07-11 00:51:19'),
(769, 115, 'Biaya', NULL, 0, 0, 0, 0, 1, 1, 1, 3, '2018-07-11 00:51:19', '2018-07-11 00:51:19'),
(770, 115, 'Foto Acuan Dekorasi', NULL, 0, 1, 0, 1, 0, 1, 1, 4, '2018-07-11 00:51:19', '2018-07-11 00:51:19'),
(771, 115, 'Tema Dekorasi', NULL, 0, 0, 0, 0, 0, 1, 1, 5, '2018-07-11 00:51:19', '2018-07-11 00:51:19'),
(772, 115, 'Nuansa Warna Bunga', NULL, 0, 0, 0, 0, 0, 1, 1, 6, '2018-07-11 00:51:19', '2018-07-11 00:51:19'),
(773, 115, 'Nuansa Warna Dekorasi', NULL, 0, 0, 0, 0, 0, 1, 1, 7, '2018-07-11 00:51:19', '2018-07-11 00:51:19'),
(774, 115, 'Kain Dekorasi', NULL, 0, 0, 0, 0, 0, 1, 1, 8, '2018-07-11 00:51:19', '2018-07-11 00:51:19'),
(775, 115, 'Catatan', NULL, 1, 0, 0, 1, 0, 1, 1, 9, '2018-07-11 00:51:19', '2018-07-11 00:51:19'),
(776, 116, 'Nama', NULL, 0, 0, 0, 0, 0, 1, 1, 0, '2018-07-11 00:51:19', '2018-07-11 00:51:19'),
(777, 116, 'Kontak', NULL, 0, 0, 0, 0, 0, 1, 1, 1, '2018-07-11 00:51:19', '2018-07-11 00:51:19'),
(778, 116, 'Alamat', NULL, 0, 0, 0, 0, 0, 1, 1, 2, '2018-07-11 00:51:19', '2018-07-11 00:51:19'),
(779, 116, 'Biaya', NULL, 0, 0, 0, 0, 1, 1, 1, 3, '2018-07-11 00:51:19', '2018-07-11 00:51:19'),
(780, 116, 'Foto Lokasi Acara', NULL, 0, 1, 0, 1, 0, 1, 1, 4, '2018-07-11 00:51:19', '2018-07-11 00:51:19'),
(781, 116, 'Catatan', NULL, 1, 0, 0, 1, 0, 1, 1, 5, '2018-07-11 00:51:19', '2018-07-11 00:51:19'),
(782, 117, 'Nama', NULL, 0, 0, 0, 0, 0, 1, 1, 0, '2018-07-11 00:51:19', '2018-07-11 00:51:19'),
(783, 117, 'Kontak', NULL, 0, 0, 0, 0, 0, 1, 1, 1, '2018-07-11 00:51:19', '2018-07-11 00:51:19'),
(784, 117, 'Alamat', NULL, 0, 0, 0, 0, 0, 1, 1, 2, '2018-07-11 00:51:19', '2018-07-11 00:51:19'),
(785, 117, 'Biaya', NULL, 0, 0, 0, 0, 1, 1, 1, 3, '2018-07-11 00:51:19', '2018-07-11 00:51:19'),
(786, 117, 'Foto Acuan Pernikahan', NULL, 0, 1, 0, 1, 0, 1, 1, 4, '2018-07-11 00:51:19', '2018-07-11 00:51:19'),
(787, 117, 'Catatan', NULL, 1, 0, 0, 1, 0, 1, 1, 5, '2018-07-11 00:51:19', '2018-07-11 00:51:19'),
(788, 118, 'Nama', NULL, 0, 0, 0, 0, 0, 1, 1, 0, '2018-07-11 00:51:19', '2018-07-11 00:51:19'),
(789, 118, 'Kontak', NULL, 0, 0, 0, 0, 0, 1, 1, 1, '2018-07-11 00:51:19', '2018-07-11 00:51:19'),
(790, 118, 'Alamat', NULL, 0, 0, 0, 0, 0, 1, 1, 2, '2018-07-11 00:51:19', '2018-07-11 00:51:19'),
(791, 118, 'Biaya', NULL, 0, 0, 0, 0, 1, 1, 1, 3, '2018-07-11 00:51:19', '2018-07-11 00:51:19'),
(792, 118, 'Video Acuan Pernikahan', NULL, 0, 0, 1, 1, 0, 1, 1, 4, '2018-07-11 00:51:19', '2018-07-11 00:51:19'),
(793, 118, 'Tema Video', NULL, 0, 0, 0, 0, 0, 1, 1, 5, '2018-07-11 00:51:19', '2018-07-11 00:51:19'),
(794, 118, 'Catatan', NULL, 1, 0, 0, 1, 0, 1, 1, 6, '2018-07-11 00:51:19', '2018-07-11 00:51:19'),
(795, 119, 'Nama', NULL, 0, 0, 0, 0, 0, 1, 1, 0, '2018-07-11 00:51:19', '2018-07-11 00:51:19'),
(796, 119, 'Kontak', NULL, 0, 0, 0, 0, 0, 1, 1, 1, '2018-07-11 00:51:19', '2018-07-11 00:51:19'),
(797, 119, 'Alamat', NULL, 0, 0, 0, 0, 0, 1, 1, 2, '2018-07-11 00:51:19', '2018-07-11 00:51:19'),
(798, 119, 'Biaya', NULL, 0, 0, 0, 0, 1, 1, 1, 3, '2018-07-11 00:51:19', '2018-07-11 00:51:19'),
(799, 119, 'Tema Busana', NULL, 0, 0, 0, 0, 0, 1, 1, 4, '2018-07-11 00:51:19', '2018-07-11 00:51:19'),
(800, 119, 'Nuansa Warna', NULL, 0, 0, 0, 0, 0, 1, 1, 5, '2018-07-11 00:51:19', '2018-07-11 00:51:19'),
(801, 119, 'Catatan', NULL, 1, 0, 0, 1, 0, 1, 1, 6, '2018-07-11 00:51:19', '2018-07-11 00:51:19'),
(802, 120, 'Nama', NULL, 0, 0, 0, 0, 0, 1, 1, 0, '2018-07-11 00:51:19', '2018-07-11 00:51:19'),
(803, 120, 'Kontak', NULL, 0, 0, 0, 0, 0, 1, 1, 1, '2018-07-11 00:51:19', '2018-07-11 00:51:19'),
(804, 120, 'Alamat', NULL, 0, 0, 0, 0, 0, 1, 1, 2, '2018-07-11 00:51:19', '2018-07-11 00:51:19'),
(805, 120, 'Biaya', NULL, 0, 0, 0, 0, 1, 1, 1, 3, '2018-07-11 00:51:19', '2018-07-11 00:51:19'),
(806, 120, 'Tema Busana', NULL, 0, 0, 0, 0, 0, 1, 1, 4, '2018-07-11 00:51:19', '2018-07-11 00:51:19'),
(807, 120, 'Nuansa Warna', NULL, 0, 0, 0, 0, 0, 1, 1, 5, '2018-07-11 00:51:19', '2018-07-11 00:51:19'),
(808, 120, 'Catatan', NULL, 1, 0, 0, 1, 0, 1, 1, 6, '2018-07-11 00:51:19', '2018-07-11 00:51:19'),
(809, 121, 'Nama', NULL, 0, 0, 0, 0, 0, 1, 1, 0, '2018-07-11 00:51:19', '2018-07-11 00:51:19'),
(810, 121, 'Kontak', NULL, 0, 0, 0, 0, 0, 1, 1, 1, '2018-07-11 00:51:19', '2018-07-11 00:51:19'),
(811, 121, 'Alamat', NULL, 0, 0, 0, 0, 0, 1, 1, 2, '2018-07-11 00:51:19', '2018-07-11 00:51:19'),
(812, 121, 'Biaya', NULL, 0, 0, 0, 0, 1, 1, 1, 3, '2018-07-11 00:51:19', '2018-07-11 00:51:19'),
(813, 121, 'Tema Busana', NULL, 0, 0, 0, 0, 0, 1, 1, 4, '2018-07-11 00:51:19', '2018-07-11 00:51:19'),
(814, 121, 'Nuansa Warna', NULL, 0, 0, 0, 0, 0, 1, 1, 5, '2018-07-11 00:51:19', '2018-07-11 00:51:19'),
(815, 121, 'Catatan', NULL, 1, 0, 0, 1, 0, 1, 1, 6, '2018-07-11 00:51:19', '2018-07-11 00:51:19'),
(816, 122, 'Nama', NULL, 0, 0, 0, 0, 0, 1, 1, 0, '2018-07-11 00:51:19', '2018-07-11 00:51:19'),
(817, 122, 'Kontak', NULL, 0, 0, 0, 0, 0, 1, 1, 1, '2018-07-11 00:51:19', '2018-07-11 00:51:19'),
(818, 122, 'Alamat', NULL, 0, 0, 0, 0, 0, 1, 1, 2, '2018-07-11 00:51:19', '2018-07-11 00:51:19'),
(819, 122, 'Biaya', NULL, 0, 0, 0, 0, 1, 1, 1, 3, '2018-07-11 00:51:19', '2018-07-11 00:51:19'),
(820, 122, 'Contoh Aksesoris', NULL, 0, 1, 0, 1, 0, 1, 1, 4, '2018-07-11 00:51:19', '2018-07-11 00:51:19'),
(821, 122, 'Tema', NULL, 0, 0, 0, 0, 0, 1, 1, 5, '2018-07-11 00:51:19', '2018-07-11 00:51:19'),
(822, 122, 'Catatan', NULL, 1, 0, 0, 1, 0, 1, 1, 6, '2018-07-11 00:51:19', '2018-07-11 00:51:19'),
(823, 123, 'Nama', NULL, 0, 0, 0, 0, 0, 1, 1, 0, '2018-07-11 00:51:19', '2018-07-11 00:51:19'),
(824, 123, 'Kontak', NULL, 0, 0, 0, 0, 0, 1, 1, 1, '2018-07-11 00:51:19', '2018-07-11 00:51:19'),
(825, 123, 'Alamat', NULL, 0, 0, 0, 0, 0, 1, 1, 2, '2018-07-11 00:51:19', '2018-07-11 00:51:19'),
(826, 123, 'Biaya', NULL, 0, 0, 0, 0, 1, 1, 1, 3, '2018-07-11 00:51:19', '2018-07-11 00:51:19'),
(827, 123, 'Contoh Perias Wajah', NULL, 0, 1, 0, 1, 0, 1, 1, 4, '2018-07-11 00:51:19', '2018-07-11 00:51:19'),
(828, 123, 'Tema', NULL, 0, 0, 0, 0, 0, 1, 1, 5, '2018-07-11 00:51:19', '2018-07-11 00:51:19'),
(829, 123, 'Catatan', NULL, 1, 0, 0, 1, 0, 1, 1, 6, '2018-07-11 00:51:19', '2018-07-11 00:51:19'),
(830, 124, 'Nama', NULL, 0, 0, 0, 0, 0, 1, 1, 0, '2018-07-11 00:51:19', '2018-07-11 00:51:19'),
(831, 124, 'Kontak', NULL, 0, 0, 0, 0, 0, 1, 1, 1, '2018-07-11 00:51:19', '2018-07-11 00:51:19'),
(832, 124, 'Alamat', NULL, 0, 0, 0, 0, 0, 1, 1, 2, '2018-07-11 00:51:19', '2018-07-11 00:51:19'),
(833, 124, 'Biaya', NULL, 0, 0, 0, 0, 1, 1, 1, 3, '2018-07-11 00:51:19', '2018-07-11 00:51:19'),
(834, 124, 'Contoh Makanan', NULL, 0, 1, 0, 1, 0, 1, 1, 4, '2018-07-11 00:51:19', '2018-07-11 00:51:19'),
(835, 124, 'Catatan', NULL, 1, 0, 0, 1, 0, 1, 1, 5, '2018-07-11 00:51:19', '2018-07-11 00:51:19'),
(836, 125, 'Nama', NULL, 0, 0, 0, 0, 0, 1, 1, 0, '2018-07-11 00:51:19', '2018-07-11 00:51:19'),
(837, 125, 'Kontak', NULL, 0, 0, 0, 0, 0, 1, 1, 1, '2018-07-11 00:51:19', '2018-07-11 00:51:19'),
(838, 125, 'Alamat', NULL, 0, 0, 0, 0, 0, 1, 1, 2, '2018-07-11 00:51:19', '2018-07-11 00:51:19'),
(839, 125, 'Biaya', NULL, 0, 0, 0, 0, 1, 1, 1, 3, '2018-07-11 00:51:19', '2018-07-11 00:51:19'),
(840, 125, 'Contoh', NULL, 0, 1, 0, 1, 0, 1, 1, 4, '2018-07-11 00:51:19', '2018-07-11 00:51:19'),
(841, 125, 'Isi Undangan', NULL, 0, 0, 0, 0, 0, 1, 1, 5, '2018-07-11 00:51:19', '2018-07-11 00:51:19'),
(842, 125, 'Catatan', NULL, 1, 0, 0, 1, 0, 1, 1, 6, '2018-07-11 00:51:19', '2018-07-11 00:51:19'),
(843, 126, 'Nama', NULL, 0, 0, 0, 0, 0, 1, 1, 0, '2018-07-11 00:51:19', '2018-07-11 00:51:19'),
(844, 126, 'Kontak', NULL, 0, 0, 0, 0, 0, 1, 1, 1, '2018-07-11 00:51:19', '2018-07-11 00:51:19'),
(845, 126, 'Alamat', NULL, 0, 0, 0, 0, 0, 1, 1, 2, '2018-07-11 00:51:19', '2018-07-11 00:51:19'),
(846, 126, 'Biaya', NULL, 0, 0, 0, 0, 1, 1, 1, 3, '2018-07-11 00:51:19', '2018-07-11 00:51:19'),
(847, 126, 'Foto', NULL, 0, 1, 0, 1, 0, 1, 1, 4, '2018-07-11 00:51:19', '2018-07-11 00:51:19'),
(848, 126, 'Catatan', NULL, 1, 0, 0, 1, 0, 1, 1, 5, '2018-07-11 00:51:19', '2018-07-11 00:51:19'),
(849, 127, 'Nama', NULL, 0, 0, 0, 0, 0, 1, 1, 0, '2018-07-11 00:51:19', '2018-07-11 00:51:19'),
(850, 127, 'Kontak', NULL, 0, 0, 0, 0, 0, 1, 1, 1, '2018-07-11 00:51:19', '2018-07-11 00:51:19'),
(851, 127, 'Alamat', NULL, 0, 0, 0, 0, 0, 1, 1, 2, '2018-07-11 00:51:19', '2018-07-11 00:51:19'),
(852, 127, 'Biaya', NULL, 0, 0, 0, 0, 1, 1, 1, 3, '2018-07-11 00:51:19', '2018-07-11 00:51:19'),
(853, 127, 'Foto', NULL, 0, 1, 0, 1, 0, 1, 1, 4, '2018-07-11 00:51:19', '2018-07-11 00:51:19'),
(854, 127, 'Catatan', NULL, 1, 0, 0, 1, 0, 1, 1, 5, '2018-07-11 00:51:19', '2018-07-11 00:51:19'),
(855, 128, 'Nama Vendor', NULL, 0, 0, 0, 0, 0, 1, 1, 0, '2018-07-11 00:51:19', '2018-07-11 00:51:19'),
(856, 128, 'Kontak', NULL, 0, 0, 0, 0, 0, 1, 1, 1, '2018-07-11 00:51:19', '2018-07-11 00:51:19'),
(857, 128, 'Alamat', NULL, 0, 0, 0, 0, 0, 1, 1, 2, '2018-07-11 00:51:19', '2018-07-11 00:51:19'),
(858, 128, 'Biaya', NULL, 0, 0, 0, 0, 1, 1, 1, 3, '2018-07-11 00:51:19', '2018-07-11 00:51:19'),
(859, 128, 'Catatan', NULL, 1, 0, 0, 1, 0, 1, 1, 4, '2018-07-11 00:51:19', '2018-07-11 00:51:19'),
(860, 129, 'Nama Dekorator', NULL, 0, 0, 0, 0, 0, 1, 1, 0, '2018-07-11 00:51:19', '2018-07-11 00:51:19'),
(861, 129, 'Kontak', NULL, 0, 0, 0, 0, 0, 1, 1, 1, '2018-07-11 00:51:19', '2018-07-11 00:51:19'),
(862, 129, 'Alamat', NULL, 0, 0, 0, 0, 0, 1, 1, 2, '2018-07-11 00:51:19', '2018-07-11 00:51:19'),
(863, 129, 'Biaya', NULL, 0, 0, 0, 0, 1, 1, 1, 3, '2018-07-11 00:51:19', '2018-07-11 00:51:19'),
(864, 129, 'Foto Acuan Dekorasi', NULL, 0, 1, 0, 1, 0, 1, 1, 4, '2018-07-11 00:51:19', '2018-07-11 00:51:19'),
(865, 129, 'Tema Dekorasi', NULL, 0, 0, 0, 0, 0, 1, 1, 5, '2018-07-11 00:51:19', '2018-07-11 00:51:19'),
(866, 129, 'Nuansa Warna Bunga', NULL, 0, 0, 0, 0, 0, 1, 1, 6, '2018-07-11 00:51:19', '2018-07-11 00:51:19'),
(867, 129, 'Nuansa Warna Dekorasi', NULL, 0, 0, 0, 0, 0, 1, 1, 7, '2018-07-11 00:51:19', '2018-07-11 00:51:19'),
(868, 129, 'Kain Dekorasi', NULL, 0, 0, 0, 0, 0, 1, 1, 8, '2018-07-11 00:51:19', '2018-07-11 00:51:19'),
(869, 129, 'Catatan', NULL, 1, 0, 0, 1, 0, 1, 1, 9, '2018-07-11 00:51:19', '2018-07-11 00:51:19'),
(870, 130, 'Nama', NULL, 0, 0, 0, 0, 0, 1, 1, 0, '2018-07-11 00:51:19', '2018-07-11 00:51:19'),
(871, 130, 'Kontak', NULL, 0, 0, 0, 0, 0, 1, 1, 1, '2018-07-11 00:51:19', '2018-07-11 00:51:19'),
(872, 130, 'Alamat', NULL, 0, 0, 0, 0, 0, 1, 1, 2, '2018-07-11 00:51:19', '2018-07-11 00:51:19'),
(873, 130, 'Biaya', NULL, 0, 0, 0, 0, 1, 1, 1, 3, '2018-07-11 00:51:19', '2018-07-11 00:51:19'),
(874, 130, 'Foto Lokasi Acara', NULL, 0, 1, 0, 1, 0, 1, 1, 4, '2018-07-11 00:51:19', '2018-07-11 00:51:19'),
(875, 130, 'Catatan', NULL, 1, 0, 0, 1, 0, 1, 1, 5, '2018-07-11 00:51:19', '2018-07-11 00:51:19'),
(876, 131, 'Nama', NULL, 0, 0, 0, 0, 0, 1, 1, 0, '2018-07-11 00:51:19', '2018-07-11 00:51:19'),
(877, 131, 'Kontak', NULL, 0, 0, 0, 0, 0, 1, 1, 1, '2018-07-11 00:51:19', '2018-07-11 00:51:19'),
(878, 131, 'Alamat', NULL, 0, 0, 0, 0, 0, 1, 1, 2, '2018-07-11 00:51:19', '2018-07-11 00:51:19'),
(879, 131, 'Biaya', NULL, 0, 0, 0, 0, 1, 1, 1, 3, '2018-07-11 00:51:19', '2018-07-11 00:51:19'),
(880, 131, 'Foto Acuan Pernikahan', NULL, 0, 1, 0, 1, 0, 1, 1, 4, '2018-07-11 00:51:19', '2018-07-11 00:51:19'),
(881, 131, 'Catatan', NULL, 1, 0, 0, 1, 0, 1, 1, 5, '2018-07-11 00:51:19', '2018-07-11 00:51:19'),
(882, 132, 'Nama', NULL, 0, 0, 0, 0, 0, 1, 1, 0, '2018-07-11 00:51:19', '2018-07-11 00:51:19'),
(883, 132, 'Kontak', NULL, 0, 0, 0, 0, 0, 1, 1, 1, '2018-07-11 00:51:19', '2018-07-11 00:51:19'),
(884, 132, 'Alamat', NULL, 0, 0, 0, 0, 0, 1, 1, 2, '2018-07-11 00:51:19', '2018-07-11 00:51:19'),
(885, 132, 'Biaya', NULL, 0, 0, 0, 0, 1, 1, 1, 3, '2018-07-11 00:51:19', '2018-07-11 00:51:19'),
(886, 132, 'Video Acuan Pernikahan', NULL, 0, 0, 1, 1, 0, 1, 1, 4, '2018-07-11 00:51:19', '2018-07-11 00:51:19'),
(887, 132, 'Tema Video', NULL, 0, 0, 0, 0, 0, 1, 1, 5, '2018-07-11 00:51:19', '2018-07-11 00:51:19'),
(888, 132, 'Catatan', NULL, 1, 0, 0, 1, 0, 1, 1, 6, '2018-07-11 00:51:19', '2018-07-11 00:51:19'),
(889, 133, 'Nama', NULL, 0, 0, 0, 0, 0, 1, 1, 0, '2018-07-11 00:51:19', '2018-07-11 00:51:19'),
(890, 133, 'Kontak', NULL, 0, 0, 0, 0, 0, 1, 1, 1, '2018-07-11 00:51:19', '2018-07-11 00:51:19'),
(891, 133, 'Alamat', NULL, 0, 0, 0, 0, 0, 1, 1, 2, '2018-07-11 00:51:19', '2018-07-11 00:51:19'),
(892, 133, 'Biaya', NULL, 0, 0, 0, 0, 1, 1, 1, 3, '2018-07-11 00:51:19', '2018-07-11 00:51:19'),
(893, 133, 'Tema Busana', NULL, 0, 0, 0, 0, 0, 1, 1, 4, '2018-07-11 00:51:19', '2018-07-11 00:51:19'),
(894, 133, 'Nuansa Warna', NULL, 0, 0, 0, 0, 0, 1, 1, 5, '2018-07-11 00:51:19', '2018-07-11 00:51:19'),
(895, 133, 'Catatan', NULL, 1, 0, 0, 1, 0, 1, 1, 6, '2018-07-11 00:51:19', '2018-07-11 00:51:19'),
(896, 134, 'Nama', NULL, 0, 0, 0, 0, 0, 1, 1, 0, '2018-07-11 00:51:19', '2018-07-11 00:51:19'),
(897, 134, 'Kontak', NULL, 0, 0, 0, 0, 0, 1, 1, 1, '2018-07-11 00:51:19', '2018-07-11 00:51:19'),
(898, 134, 'Alamat', NULL, 0, 0, 0, 0, 0, 1, 1, 2, '2018-07-11 00:51:19', '2018-07-11 00:51:19'),
(899, 134, 'Biaya', NULL, 0, 0, 0, 0, 1, 1, 1, 3, '2018-07-11 00:51:19', '2018-07-11 00:51:19'),
(900, 134, 'Tema Busana', NULL, 0, 0, 0, 0, 0, 1, 1, 4, '2018-07-11 00:51:19', '2018-07-11 00:51:19'),
(901, 134, 'Nuansa Warna', NULL, 0, 0, 0, 0, 0, 1, 1, 5, '2018-07-11 00:51:19', '2018-07-11 00:51:19'),
(902, 134, 'Catatan', NULL, 1, 0, 0, 1, 0, 1, 1, 6, '2018-07-11 00:51:19', '2018-07-11 00:51:19'),
(903, 135, 'Nama', NULL, 0, 0, 0, 0, 0, 1, 1, 0, '2018-07-11 00:51:19', '2018-07-11 00:51:19'),
(904, 135, 'Kontak', NULL, 0, 0, 0, 0, 0, 1, 1, 1, '2018-07-11 00:51:19', '2018-07-11 00:51:19'),
(905, 135, 'Alamat', NULL, 0, 0, 0, 0, 0, 1, 1, 2, '2018-07-11 00:51:19', '2018-07-11 00:51:19'),
(906, 135, 'Biaya', NULL, 0, 0, 0, 0, 1, 1, 1, 3, '2018-07-11 00:51:19', '2018-07-11 00:51:19'),
(907, 135, 'Tema Busana', NULL, 0, 0, 0, 0, 0, 1, 1, 4, '2018-07-11 00:51:19', '2018-07-11 00:51:19'),
(908, 135, 'Nuansa Warna', NULL, 0, 0, 0, 0, 0, 1, 1, 5, '2018-07-11 00:51:19', '2018-07-11 00:51:19'),
(909, 135, 'Catatan', NULL, 1, 0, 0, 1, 0, 1, 1, 6, '2018-07-11 00:51:19', '2018-07-11 00:51:19'),
(910, 136, 'Nama', NULL, 0, 0, 0, 0, 0, 1, 1, 0, '2018-07-11 00:51:19', '2018-07-11 00:51:19'),
(911, 136, 'Kontak', NULL, 0, 0, 0, 0, 0, 1, 1, 1, '2018-07-11 00:51:19', '2018-07-11 00:51:19'),
(912, 136, 'Alamat', NULL, 0, 0, 0, 0, 0, 1, 1, 2, '2018-07-11 00:51:19', '2018-07-11 00:51:19'),
(913, 136, 'Biaya', NULL, 0, 0, 0, 0, 1, 1, 1, 3, '2018-07-11 00:51:19', '2018-07-11 00:51:19'),
(914, 136, 'Contoh Aksesoris', NULL, 0, 1, 0, 1, 0, 1, 1, 4, '2018-07-11 00:51:19', '2018-07-11 00:51:19'),
(915, 136, 'Tema', NULL, 0, 0, 0, 0, 0, 1, 1, 5, '2018-07-11 00:51:19', '2018-07-11 00:51:19'),
(916, 136, 'Catatan', NULL, 1, 0, 0, 1, 0, 1, 1, 6, '2018-07-11 00:51:19', '2018-07-11 00:51:19'),
(917, 137, 'Nama', NULL, 0, 0, 0, 0, 0, 1, 1, 0, '2018-07-11 00:51:19', '2018-07-11 00:51:19'),
(918, 137, 'Kontak', NULL, 0, 0, 0, 0, 0, 1, 1, 1, '2018-07-11 00:51:19', '2018-07-11 00:51:19'),
(919, 137, 'Alamat', NULL, 0, 0, 0, 0, 0, 1, 1, 2, '2018-07-11 00:51:19', '2018-07-11 00:51:19'),
(920, 137, 'Biaya', NULL, 0, 0, 0, 0, 1, 1, 1, 3, '2018-07-11 00:51:19', '2018-07-11 00:51:19'),
(921, 137, 'Contoh Perias Wajah', NULL, 0, 1, 0, 1, 0, 1, 1, 4, '2018-07-11 00:51:19', '2018-07-11 00:51:19'),
(922, 137, 'Tema', NULL, 0, 0, 0, 0, 0, 1, 1, 5, '2018-07-11 00:51:19', '2018-07-11 00:51:19'),
(923, 137, 'Catatan', NULL, 1, 0, 0, 1, 0, 1, 1, 6, '2018-07-11 00:51:19', '2018-07-11 00:51:19'),
(924, 138, 'Nama', NULL, 0, 0, 0, 0, 0, 1, 1, 0, '2018-07-11 00:51:19', '2018-07-11 00:51:19'),
(925, 138, 'Kontak', NULL, 0, 0, 0, 0, 0, 1, 1, 1, '2018-07-11 00:51:19', '2018-07-11 00:51:19'),
(926, 138, 'Alamat', NULL, 0, 0, 0, 0, 0, 1, 1, 2, '2018-07-11 00:51:19', '2018-07-11 00:51:19'),
(927, 138, 'Biaya', NULL, 0, 0, 0, 0, 1, 1, 1, 3, '2018-07-11 00:51:19', '2018-07-11 00:51:19'),
(928, 138, 'Contoh Makanan', NULL, 0, 1, 0, 1, 0, 1, 1, 4, '2018-07-11 00:51:19', '2018-07-11 00:51:19'),
(929, 138, 'Nama Makanan', NULL, 0, 0, 0, 0, 0, 1, 1, 5, '2018-07-11 00:51:19', '2018-07-11 00:51:19'),
(930, 138, 'Catatan', NULL, 1, 0, 0, 1, 0, 1, 1, 6, '2018-07-11 00:51:19', '2018-07-11 00:51:19'),
(931, 139, 'Nama Vendor', NULL, 0, 0, 0, 0, 0, 1, 1, 0, '2018-07-11 00:51:19', '2018-07-11 00:51:19'),
(932, 139, 'Kontak', NULL, 0, 0, 0, 0, 0, 1, 1, 1, '2018-07-11 00:51:19', '2018-07-11 00:51:19'),
(933, 139, 'Alamat', NULL, 0, 0, 0, 0, 0, 1, 1, 2, '2018-07-11 00:51:19', '2018-07-11 00:51:19'),
(934, 139, 'Biaya', NULL, 0, 0, 0, 0, 1, 1, 1, 3, '2018-07-11 00:51:19', '2018-07-11 00:51:19'),
(935, 139, 'Catatan', NULL, 1, 0, 0, 1, 0, 1, 1, 4, '2018-07-11 00:51:19', '2018-07-11 00:51:19'),
(936, 140, 'Nama Dekorator', NULL, 0, 0, 0, 0, 0, 1, 1, 0, '2018-07-11 00:51:19', '2018-07-11 00:51:19'),
(937, 140, 'Kontak', NULL, 0, 0, 0, 0, 0, 1, 1, 1, '2018-07-11 00:51:19', '2018-07-11 00:51:19'),
(938, 140, 'Alamat', NULL, 0, 0, 0, 0, 0, 1, 1, 2, '2018-07-11 00:51:19', '2018-07-11 00:51:19'),
(939, 140, 'Biaya', NULL, 0, 0, 0, 0, 1, 1, 1, 3, '2018-07-11 00:51:19', '2018-07-11 00:51:19'),
(940, 140, 'Foto Acuan Dekorasi', NULL, 0, 1, 0, 1, 0, 1, 1, 4, '2018-07-11 00:51:19', '2018-07-11 00:51:19'),
(941, 140, 'Tema Dekorasi', NULL, 0, 0, 0, 0, 0, 1, 1, 5, '2018-07-11 00:51:19', '2018-07-11 00:51:19'),
(942, 140, 'Nuansa Warna Bunga', NULL, 0, 0, 0, 0, 0, 1, 1, 6, '2018-07-11 00:51:19', '2018-07-11 00:51:19'),
(943, 140, 'Nuansa Warna Dekorasi', NULL, 0, 0, 0, 0, 0, 1, 1, 7, '2018-07-11 00:51:19', '2018-07-11 00:51:19'),
(944, 140, 'Kain Dekorasi', NULL, 0, 0, 0, 0, 0, 1, 1, 8, '2018-07-11 00:51:19', '2018-07-11 00:51:19'),
(945, 140, 'Catatan', NULL, 1, 0, 0, 1, 0, 1, 1, 9, '2018-07-11 00:51:19', '2018-07-11 00:51:19'),
(946, 141, 'Nama', NULL, 0, 0, 0, 0, 0, 1, 1, 0, '2018-07-11 00:51:19', '2018-07-11 00:51:19'),
(947, 141, 'Kontak', NULL, 0, 0, 0, 0, 0, 1, 1, 1, '2018-07-11 00:51:19', '2018-07-11 00:51:19'),
(948, 141, 'Alamat', NULL, 0, 0, 0, 0, 0, 1, 1, 2, '2018-07-11 00:51:19', '2018-07-11 00:51:19'),
(949, 141, 'Biaya', NULL, 0, 0, 0, 0, 1, 1, 1, 3, '2018-07-11 00:51:19', '2018-07-11 00:51:19'),
(950, 141, 'Foto Lokasi Acara', NULL, 0, 1, 0, 1, 0, 1, 1, 4, '2018-07-11 00:51:19', '2018-07-11 00:51:19'),
(951, 141, 'Catatan', NULL, 1, 0, 0, 1, 0, 1, 1, 5, '2018-07-11 00:51:19', '2018-07-11 00:51:19'),
(952, 142, 'Nama', NULL, 0, 0, 0, 0, 0, 1, 1, 0, '2018-07-11 00:51:19', '2018-07-11 00:51:19'),
(953, 142, 'Kontak', NULL, 0, 0, 0, 0, 0, 1, 1, 1, '2018-07-11 00:51:19', '2018-07-11 00:51:19'),
(954, 142, 'Alamat', NULL, 0, 0, 0, 0, 0, 1, 1, 2, '2018-07-11 00:51:19', '2018-07-11 00:51:19'),
(955, 142, 'Biaya', NULL, 0, 0, 0, 0, 1, 1, 1, 3, '2018-07-11 00:51:19', '2018-07-11 00:51:19'),
(956, 142, 'Foto Acuan Pernikahan', NULL, 0, 1, 0, 1, 0, 1, 1, 4, '2018-07-11 00:51:19', '2018-07-11 00:51:19'),
(957, 142, 'Catatan', NULL, 1, 0, 0, 1, 0, 1, 1, 5, '2018-07-11 00:51:19', '2018-07-11 00:51:19'),
(958, 143, 'Nama', NULL, 0, 0, 0, 0, 0, 1, 1, 0, '2018-07-11 00:51:19', '2018-07-11 00:51:19'),
(959, 143, 'Kontak', NULL, 0, 0, 0, 0, 0, 1, 1, 1, '2018-07-11 00:51:19', '2018-07-11 00:51:19'),
(960, 143, 'Alamat', NULL, 0, 0, 0, 0, 0, 1, 1, 2, '2018-07-11 00:51:19', '2018-07-11 00:51:19'),
(961, 143, 'Biaya', NULL, 0, 0, 0, 0, 1, 1, 1, 3, '2018-07-11 00:51:19', '2018-07-11 00:51:19'),
(962, 143, 'Video Acuan Pernikahan', NULL, 0, 0, 1, 1, 0, 1, 1, 4, '2018-07-11 00:51:19', '2018-07-11 00:51:19'),
(963, 143, 'Tema Video', NULL, 0, 0, 0, 0, 0, 1, 1, 5, '2018-07-11 00:51:19', '2018-07-11 00:51:19'),
(964, 143, 'Catatan', NULL, 1, 0, 0, 1, 0, 1, 1, 6, '2018-07-11 00:51:19', '2018-07-11 00:51:19'),
(965, 144, 'Nama', NULL, 0, 0, 0, 0, 0, 1, 1, 0, '2018-07-11 00:51:19', '2018-07-11 00:51:19'),
(966, 144, 'Kontak', NULL, 0, 0, 0, 0, 0, 1, 1, 1, '2018-07-11 00:51:19', '2018-07-11 00:51:19'),
(967, 144, 'Alamat', NULL, 0, 0, 0, 0, 0, 1, 1, 2, '2018-07-11 00:51:19', '2018-07-11 00:51:19'),
(968, 144, 'Biaya', NULL, 0, 0, 0, 0, 1, 1, 1, 3, '2018-07-11 00:51:19', '2018-07-11 00:51:19'),
(969, 144, 'Tema Busana', NULL, 0, 0, 0, 0, 0, 1, 1, 4, '2018-07-11 00:51:19', '2018-07-11 00:51:19'),
(970, 144, 'Nuansa Warna', NULL, 0, 0, 0, 0, 0, 1, 1, 5, '2018-07-11 00:51:19', '2018-07-11 00:51:19'),
(971, 144, 'Catatan', NULL, 1, 0, 0, 1, 0, 1, 1, 6, '2018-07-11 00:51:19', '2018-07-11 00:51:19'),
(972, 145, 'Nama', NULL, 0, 0, 0, 0, 0, 1, 1, 0, '2018-07-11 00:51:19', '2018-07-11 00:51:19'),
(973, 145, 'Kontak', NULL, 0, 0, 0, 0, 0, 1, 1, 1, '2018-07-11 00:51:19', '2018-07-11 00:51:19'),
(974, 145, 'Alamat', NULL, 0, 0, 0, 0, 0, 1, 1, 2, '2018-07-11 00:51:19', '2018-07-11 00:51:19'),
(975, 145, 'Biaya', NULL, 0, 0, 0, 0, 1, 1, 1, 3, '2018-07-11 00:51:19', '2018-07-11 00:51:19'),
(976, 145, 'Tema Busana', NULL, 0, 0, 0, 0, 0, 1, 1, 4, '2018-07-11 00:51:19', '2018-07-11 00:51:19'),
(977, 145, 'Nuansa Warna', NULL, 0, 0, 0, 0, 0, 1, 1, 5, '2018-07-11 00:51:19', '2018-07-11 00:51:19'),
(978, 145, 'Catatan', NULL, 1, 0, 0, 1, 0, 1, 1, 6, '2018-07-11 00:51:19', '2018-07-11 00:51:19'),
(979, 146, 'Nama', NULL, 0, 0, 0, 0, 0, 1, 1, 0, '2018-07-11 00:51:19', '2018-07-11 00:51:19'),
(980, 146, 'Kontak', NULL, 0, 0, 0, 0, 0, 1, 1, 1, '2018-07-11 00:51:19', '2018-07-11 00:51:19'),
(981, 146, 'Alamat', NULL, 0, 0, 0, 0, 0, 1, 1, 2, '2018-07-11 00:51:19', '2018-07-11 00:51:19'),
(982, 146, 'Biaya', NULL, 0, 0, 0, 0, 1, 1, 1, 3, '2018-07-11 00:51:19', '2018-07-11 00:51:19'),
(983, 146, 'Tema Busana', NULL, 0, 0, 0, 0, 0, 1, 1, 4, '2018-07-11 00:51:19', '2018-07-11 00:51:19'),
(984, 146, 'Nuansa Warna', NULL, 0, 0, 0, 0, 0, 1, 1, 5, '2018-07-11 00:51:19', '2018-07-11 00:51:19'),
(985, 146, 'Catatan', NULL, 1, 0, 0, 1, 0, 1, 1, 6, '2018-07-11 00:51:19', '2018-07-11 00:51:19'),
(986, 147, 'Nama', NULL, 0, 0, 0, 0, 0, 1, 1, 0, '2018-07-11 00:51:19', '2018-07-11 00:51:19'),
(987, 147, 'Kontak', NULL, 0, 0, 0, 0, 0, 1, 1, 1, '2018-07-11 00:51:19', '2018-07-11 00:51:19'),
(988, 147, 'Alamat', NULL, 0, 0, 0, 0, 0, 1, 1, 2, '2018-07-11 00:51:19', '2018-07-11 00:51:19'),
(989, 147, 'Biaya', NULL, 0, 0, 0, 0, 1, 1, 1, 3, '2018-07-11 00:51:19', '2018-07-11 00:51:19'),
(990, 147, 'Contoh Aksesoris', NULL, 0, 1, 0, 1, 0, 1, 1, 4, '2018-07-11 00:51:19', '2018-07-11 00:51:19'),
(991, 147, 'Tema', NULL, 0, 0, 0, 0, 0, 1, 1, 5, '2018-07-11 00:51:19', '2018-07-11 00:51:19'),
(992, 147, 'Catatan', NULL, 1, 0, 0, 1, 0, 1, 1, 6, '2018-07-11 00:51:19', '2018-07-11 00:51:19'),
(993, 148, 'Nama', NULL, 0, 0, 0, 0, 0, 1, 1, 0, '2018-07-11 00:51:19', '2018-07-11 00:51:19'),
(994, 148, 'Kontak', NULL, 0, 0, 0, 0, 0, 1, 1, 1, '2018-07-11 00:51:19', '2018-07-11 00:51:19'),
(995, 148, 'Alamat', NULL, 0, 0, 0, 0, 0, 1, 1, 2, '2018-07-11 00:51:19', '2018-07-11 00:51:19'),
(996, 148, 'Biaya', NULL, 0, 0, 0, 0, 1, 1, 1, 3, '2018-07-11 00:51:19', '2018-07-11 00:51:19'),
(997, 148, 'Contoh Perias Wajah', NULL, 0, 1, 0, 1, 0, 1, 1, 4, '2018-07-11 00:51:19', '2018-07-11 00:51:19'),
(998, 148, 'Tema', NULL, 0, 0, 0, 0, 0, 1, 1, 5, '2018-07-11 00:51:19', '2018-07-11 00:51:19'),
(999, 148, 'Catatan', NULL, 1, 0, 0, 1, 0, 1, 1, 6, '2018-07-11 00:51:19', '2018-07-11 00:51:19'),
(1000, 149, 'Nama', NULL, 0, 0, 0, 0, 0, 1, 1, 0, '2018-07-11 00:51:19', '2018-07-11 00:51:19'),
(1001, 149, 'Kontak', NULL, 0, 0, 0, 0, 0, 1, 1, 1, '2018-07-11 00:51:19', '2018-07-11 00:51:19'),
(1002, 149, 'Alamat', NULL, 0, 0, 0, 0, 0, 1, 1, 2, '2018-07-11 00:51:19', '2018-07-11 00:51:19'),
(1003, 149, 'Biaya', NULL, 0, 0, 0, 0, 1, 1, 1, 3, '2018-07-11 00:51:19', '2018-07-11 00:51:19'),
(1004, 149, 'Contoh Makanan', NULL, 0, 1, 0, 1, 0, 1, 1, 4, '2018-07-11 00:51:19', '2018-07-11 00:51:19'),
(1005, 149, 'Nama Makanan', NULL, 0, 0, 0, 0, 0, 1, 1, 5, '2018-07-11 00:51:19', '2018-07-11 00:51:19'),
(1006, 149, 'Catatan', NULL, 1, 0, 0, 1, 0, 1, 1, 6, '2018-07-11 00:51:19', '2018-07-11 00:51:19'),
(1007, 150, 'Nama', NULL, 0, 0, 0, 0, 0, 1, 1, 0, '2018-07-11 00:51:19', '2018-07-11 00:51:19'),
(1008, 150, 'Kontak', NULL, 0, 0, 0, 0, 0, 1, 1, 1, '2018-07-11 00:51:19', '2018-07-11 00:51:19'),
(1009, 150, 'Alamat', NULL, 0, 0, 0, 0, 0, 1, 1, 2, '2018-07-11 00:51:19', '2018-07-11 00:51:19'),
(1010, 150, 'Biaya', NULL, 0, 0, 0, 0, 1, 1, 1, 3, '2018-07-11 00:51:19', '2018-07-11 00:51:19'),
(1011, 150, 'Contoh', NULL, 0, 1, 0, 1, 0, 1, 1, 4, '2018-07-11 00:51:19', '2018-07-11 00:51:19'),
(1012, 150, 'Isi Undangan', NULL, 0, 0, 0, 0, 0, 1, 1, 5, '2018-07-11 00:51:19', '2018-07-11 00:51:19'),
(1013, 150, 'Catatan', NULL, 1, 0, 0, 1, 0, 1, 1, 6, '2018-07-11 00:51:19', '2018-07-11 00:51:19'),
(1014, 151, 'Nama', NULL, 0, 0, 0, 0, 0, 1, 1, 0, '2018-07-11 00:51:19', '2018-07-11 00:51:19'),
(1015, 151, 'Kontak', NULL, 0, 0, 0, 0, 0, 1, 1, 1, '2018-07-11 00:51:19', '2018-07-11 00:51:19'),
(1016, 151, 'Alamat', NULL, 0, 0, 0, 0, 0, 1, 1, 2, '2018-07-11 00:51:19', '2018-07-11 00:51:19'),
(1017, 151, 'Biaya', NULL, 0, 0, 0, 0, 1, 1, 1, 3, '2018-07-11 00:51:19', '2018-07-11 00:51:19'),
(1018, 151, 'Foto', NULL, 0, 1, 0, 1, 0, 1, 1, 4, '2018-07-11 00:51:19', '2018-07-11 00:51:19'),
(1019, 151, 'Catatan', NULL, 1, 0, 0, 1, 0, 1, 1, 5, '2018-07-11 00:51:19', '2018-07-11 00:51:19'),
(1020, 152, 'Nama', NULL, 0, 0, 0, 0, 0, 1, 1, 0, '2018-07-11 00:51:19', '2018-07-11 00:51:19'),
(1021, 152, 'Kontak', NULL, 0, 0, 0, 0, 0, 1, 1, 1, '2018-07-11 00:51:19', '2018-07-11 00:51:19'),
(1022, 152, 'Alamat', NULL, 0, 0, 0, 0, 0, 1, 1, 2, '2018-07-11 00:51:19', '2018-07-11 00:51:19'),
(1023, 152, 'Biaya', NULL, 0, 0, 0, 0, 1, 1, 1, 3, '2018-07-11 00:51:19', '2018-07-11 00:51:19'),
(1024, 152, 'Foto', NULL, 0, 1, 0, 1, 0, 1, 1, 4, '2018-07-11 00:51:19', '2018-07-11 00:51:19'),
(1025, 152, 'Catatan', NULL, 1, 0, 0, 1, 0, 1, 1, 5, '2018-07-11 00:51:19', '2018-07-11 00:51:19'),
(1026, 153, 'Nama Vendor', NULL, 0, 0, 0, 0, 0, 1, 1, 0, '2018-07-11 00:51:19', '2018-07-11 00:51:19'),
(1027, 153, 'Kontak', NULL, 0, 0, 0, 0, 0, 1, 1, 1, '2018-07-11 00:51:19', '2018-07-11 00:51:19');
INSERT INTO `content_detail` (`id`, `content_id`, `name`, `value`, `is_noted`, `is_photo`, `is_video`, `is_link`, `is_cost`, `is_not_deleted`, `status`, `order`, `created_at`, `updated_at`) VALUES
(1028, 153, 'Alamat', NULL, 0, 0, 0, 0, 0, 1, 1, 2, '2018-07-11 00:51:19', '2018-07-11 00:51:19'),
(1029, 153, 'Biaya', NULL, 0, 0, 0, 0, 1, 1, 1, 3, '2018-07-11 00:51:19', '2018-07-11 00:51:19'),
(1030, 153, 'Catatan', NULL, 1, 0, 0, 1, 0, 1, 1, 4, '2018-07-11 00:51:19', '2018-07-11 00:51:19'),
(1031, 154, 'Nama Dekorator', NULL, 0, 0, 0, 0, 0, 1, 1, 0, '2018-07-11 00:51:19', '2018-07-11 00:51:19'),
(1032, 154, 'Kontak', NULL, 0, 0, 0, 0, 0, 1, 1, 1, '2018-07-11 00:51:19', '2018-07-11 00:51:19'),
(1033, 154, 'Alamat', NULL, 0, 0, 0, 0, 0, 1, 1, 2, '2018-07-11 00:51:19', '2018-07-11 00:51:19'),
(1034, 154, 'Biaya', NULL, 0, 0, 0, 0, 1, 1, 1, 3, '2018-07-11 00:51:19', '2018-07-11 00:51:19'),
(1035, 154, 'Foto Acuan Dekorasi', NULL, 0, 1, 0, 1, 0, 1, 1, 4, '2018-07-11 00:51:19', '2018-07-11 00:51:19'),
(1036, 154, 'Tema Dekorasi', NULL, 0, 0, 0, 0, 0, 1, 1, 5, '2018-07-11 00:51:19', '2018-07-11 00:51:19'),
(1037, 154, 'Nuansa Warna Bunga', NULL, 0, 0, 0, 0, 0, 1, 1, 6, '2018-07-11 00:51:19', '2018-07-11 00:51:19'),
(1038, 154, 'Nuansa Warna Dekorasi', NULL, 0, 0, 0, 0, 0, 1, 1, 7, '2018-07-11 00:51:19', '2018-07-11 00:51:19'),
(1039, 154, 'Kain Dekorasi', NULL, 0, 0, 0, 0, 0, 1, 1, 8, '2018-07-11 00:51:19', '2018-07-11 00:51:19'),
(1040, 154, 'Catatan', NULL, 1, 0, 0, 1, 0, 1, 1, 9, '2018-07-11 00:51:19', '2018-07-11 00:51:19'),
(1041, 155, 'Nama', NULL, 0, 0, 0, 0, 0, 1, 1, 0, '2018-07-11 00:51:19', '2018-07-11 00:51:19'),
(1042, 155, 'Kontak', NULL, 0, 0, 0, 0, 0, 1, 1, 1, '2018-07-11 00:51:19', '2018-07-11 00:51:19'),
(1043, 155, 'Alamat', NULL, 0, 0, 0, 0, 0, 1, 1, 2, '2018-07-11 00:51:19', '2018-07-11 00:51:19'),
(1044, 155, 'Biaya', NULL, 0, 0, 0, 0, 1, 1, 1, 3, '2018-07-11 00:51:19', '2018-07-11 00:51:19'),
(1045, 155, 'Foto Lokasi Acara', NULL, 0, 1, 0, 1, 0, 1, 1, 4, '2018-07-11 00:51:19', '2018-07-11 00:51:19'),
(1046, 155, 'Catatan', NULL, 1, 0, 0, 1, 0, 1, 1, 5, '2018-07-11 00:51:19', '2018-07-11 00:51:19'),
(1047, 156, 'Nama', NULL, 0, 0, 0, 0, 0, 1, 1, 0, '2018-07-11 00:51:19', '2018-07-11 00:51:19'),
(1048, 156, 'Kontak', NULL, 0, 0, 0, 0, 0, 1, 1, 1, '2018-07-11 00:51:19', '2018-07-11 00:51:19'),
(1049, 156, 'Alamat', NULL, 0, 0, 0, 0, 0, 1, 1, 2, '2018-07-11 00:51:19', '2018-07-11 00:51:19'),
(1050, 156, 'Biaya', NULL, 0, 0, 0, 0, 1, 1, 1, 3, '2018-07-11 00:51:19', '2018-07-11 00:51:19'),
(1051, 156, 'Foto Acuan Pernikahan', NULL, 0, 1, 0, 1, 0, 1, 1, 4, '2018-07-11 00:51:19', '2018-07-11 00:51:19'),
(1052, 156, 'Catatan', NULL, 1, 0, 0, 1, 0, 1, 1, 5, '2018-07-11 00:51:19', '2018-07-11 00:51:19'),
(1053, 157, 'Nama', NULL, 0, 0, 0, 0, 0, 1, 1, 0, '2018-07-11 00:51:19', '2018-07-11 00:51:19'),
(1054, 157, 'Kontak', NULL, 0, 0, 0, 0, 0, 1, 1, 1, '2018-07-11 00:51:19', '2018-07-11 00:51:19'),
(1055, 157, 'Alamat', NULL, 0, 0, 0, 0, 0, 1, 1, 2, '2018-07-11 00:51:19', '2018-07-11 00:51:19'),
(1056, 157, 'Biaya', NULL, 0, 0, 0, 0, 1, 1, 1, 3, '2018-07-11 00:51:19', '2018-07-11 00:51:19'),
(1057, 157, 'Video Acuan Pernikahan', NULL, 0, 0, 1, 1, 0, 1, 1, 4, '2018-07-11 00:51:19', '2018-07-11 00:51:19'),
(1058, 157, 'Tema Video', NULL, 0, 0, 0, 0, 0, 1, 1, 5, '2018-07-11 00:51:19', '2018-07-11 00:51:19'),
(1059, 157, 'Catatan', NULL, 1, 0, 0, 1, 0, 1, 1, 6, '2018-07-11 00:51:19', '2018-07-11 00:51:19'),
(1060, 158, 'Nama', NULL, 0, 0, 0, 0, 0, 1, 1, 0, '2018-07-11 00:51:19', '2018-07-11 00:51:19'),
(1061, 158, 'Kontak', NULL, 0, 0, 0, 0, 0, 1, 1, 1, '2018-07-11 00:51:19', '2018-07-11 00:51:19'),
(1062, 158, 'Alamat', NULL, 0, 0, 0, 0, 0, 1, 1, 2, '2018-07-11 00:51:19', '2018-07-11 00:51:19'),
(1063, 158, 'Biaya', NULL, 0, 0, 0, 0, 1, 1, 1, 3, '2018-07-11 00:51:19', '2018-07-11 00:51:19'),
(1064, 158, 'Tema Busana', NULL, 0, 0, 0, 0, 0, 1, 1, 4, '2018-07-11 00:51:19', '2018-07-11 00:51:19'),
(1065, 158, 'Nuansa Warna', NULL, 0, 0, 0, 0, 0, 1, 1, 5, '2018-07-11 00:51:19', '2018-07-11 00:51:19'),
(1066, 158, 'Catatan', NULL, 1, 0, 0, 1, 0, 1, 1, 6, '2018-07-11 00:51:19', '2018-07-11 00:51:19'),
(1067, 159, 'Nama', NULL, 0, 0, 0, 0, 0, 1, 1, 0, '2018-07-11 00:51:19', '2018-07-11 00:51:19'),
(1068, 159, 'Kontak', NULL, 0, 0, 0, 0, 0, 1, 1, 1, '2018-07-11 00:51:19', '2018-07-11 00:51:19'),
(1069, 159, 'Alamat', NULL, 0, 0, 0, 0, 0, 1, 1, 2, '2018-07-11 00:51:19', '2018-07-11 00:51:19'),
(1070, 159, 'Biaya', NULL, 0, 0, 0, 0, 1, 1, 1, 3, '2018-07-11 00:51:19', '2018-07-11 00:51:19'),
(1071, 159, 'Tema Busana', NULL, 0, 0, 0, 0, 0, 1, 1, 4, '2018-07-11 00:51:19', '2018-07-11 00:51:19'),
(1072, 159, 'Nuansa Warna', NULL, 0, 0, 0, 0, 0, 1, 1, 5, '2018-07-11 00:51:19', '2018-07-11 00:51:19'),
(1073, 159, 'Catatan', NULL, 1, 0, 0, 1, 0, 1, 1, 6, '2018-07-11 00:51:19', '2018-07-11 00:51:19'),
(1074, 160, 'Nama', NULL, 0, 0, 0, 0, 0, 1, 1, 0, '2018-07-11 00:51:19', '2018-07-11 00:51:19'),
(1075, 160, 'Kontak', NULL, 0, 0, 0, 0, 0, 1, 1, 1, '2018-07-11 00:51:19', '2018-07-11 00:51:19'),
(1076, 160, 'Alamat', NULL, 0, 0, 0, 0, 0, 1, 1, 2, '2018-07-11 00:51:19', '2018-07-11 00:51:19'),
(1077, 160, 'Biaya', NULL, 0, 0, 0, 0, 1, 1, 1, 3, '2018-07-11 00:51:19', '2018-07-11 00:51:19'),
(1078, 160, 'Tema Busana', NULL, 0, 0, 0, 0, 0, 1, 1, 4, '2018-07-11 00:51:19', '2018-07-11 00:51:19'),
(1079, 160, 'Nuansa Warna', NULL, 0, 0, 0, 0, 0, 1, 1, 5, '2018-07-11 00:51:19', '2018-07-11 00:51:19'),
(1080, 160, 'Catatan', NULL, 1, 0, 0, 1, 0, 1, 1, 6, '2018-07-11 00:51:19', '2018-07-11 00:51:19'),
(1081, 161, 'Nama', NULL, 0, 0, 0, 0, 0, 1, 1, 0, '2018-07-11 00:51:19', '2018-07-11 00:51:19'),
(1082, 161, 'Kontak', NULL, 0, 0, 0, 0, 0, 1, 1, 1, '2018-07-11 00:51:19', '2018-07-11 00:51:19'),
(1083, 161, 'Alamat', NULL, 0, 0, 0, 0, 0, 1, 1, 2, '2018-07-11 00:51:19', '2018-07-11 00:51:19'),
(1084, 161, 'Biaya', NULL, 0, 0, 0, 0, 1, 1, 1, 3, '2018-07-11 00:51:19', '2018-07-11 00:51:19'),
(1085, 161, 'Contoh Aksesoris', NULL, 0, 1, 0, 1, 0, 1, 1, 4, '2018-07-11 00:51:19', '2018-07-11 00:51:19'),
(1086, 161, 'Tema', NULL, 0, 0, 0, 0, 0, 1, 1, 5, '2018-07-11 00:51:19', '2018-07-11 00:51:19'),
(1087, 161, 'Catatan', NULL, 1, 0, 0, 1, 0, 1, 1, 6, '2018-07-11 00:51:19', '2018-07-11 00:51:19'),
(1088, 162, 'Nama', NULL, 0, 0, 0, 0, 0, 1, 1, 0, '2018-07-11 00:51:19', '2018-07-11 00:51:19'),
(1089, 162, 'Kontak', NULL, 0, 0, 0, 0, 0, 1, 1, 1, '2018-07-11 00:51:19', '2018-07-11 00:51:19'),
(1090, 162, 'Alamat', NULL, 0, 0, 0, 0, 0, 1, 1, 2, '2018-07-11 00:51:19', '2018-07-11 00:51:19'),
(1091, 162, 'Biaya', NULL, 0, 0, 0, 0, 1, 1, 1, 3, '2018-07-11 00:51:19', '2018-07-11 00:51:19'),
(1092, 162, 'Contoh Perias Wajah', NULL, 0, 1, 0, 1, 0, 1, 1, 4, '2018-07-11 00:51:19', '2018-07-11 00:51:19'),
(1093, 162, 'Tema', NULL, 0, 0, 0, 0, 0, 1, 1, 5, '2018-07-11 00:51:19', '2018-07-11 00:51:19'),
(1094, 162, 'Catatan', NULL, 1, 0, 0, 1, 0, 1, 1, 6, '2018-07-11 00:51:19', '2018-07-11 00:51:19'),
(1095, 163, 'Nama', NULL, 0, 0, 0, 0, 0, 1, 1, 0, '2018-07-11 00:51:19', '2018-07-11 00:51:19'),
(1096, 163, 'Kontak', NULL, 0, 0, 0, 0, 0, 1, 1, 1, '2018-07-11 00:51:19', '2018-07-11 00:51:19'),
(1097, 163, 'Alamat', NULL, 0, 0, 0, 0, 0, 1, 1, 2, '2018-07-11 00:51:19', '2018-07-11 00:51:19'),
(1098, 163, 'Biaya', NULL, 0, 0, 0, 0, 1, 1, 1, 3, '2018-07-11 00:51:19', '2018-07-11 00:51:19'),
(1099, 163, 'Contoh Makanan', NULL, 0, 1, 0, 1, 0, 1, 1, 4, '2018-07-11 00:51:19', '2018-07-11 00:51:19'),
(1100, 163, 'Nama Makanan', NULL, 0, 0, 0, 0, 0, 1, 1, 5, '2018-07-11 00:51:19', '2018-07-11 00:51:19'),
(1101, 163, 'Catatan', NULL, 1, 0, 0, 1, 0, 1, 1, 6, '2018-07-11 00:51:19', '2018-07-11 00:51:19'),
(1102, 164, 'Nama', NULL, 0, 0, 0, 0, 0, 1, 1, 0, '2018-07-11 00:51:19', '2018-07-11 00:51:19'),
(1103, 164, 'Kontak', NULL, 0, 0, 0, 0, 0, 1, 1, 1, '2018-07-11 00:51:19', '2018-07-11 00:51:19'),
(1104, 164, 'Alamat', NULL, 0, 0, 0, 0, 0, 1, 1, 2, '2018-07-11 00:51:19', '2018-07-11 00:51:19'),
(1105, 164, 'Biaya', NULL, 0, 0, 0, 0, 1, 1, 1, 3, '2018-07-11 00:51:19', '2018-07-11 00:51:19'),
(1106, 164, 'Contoh', NULL, 0, 1, 0, 1, 0, 1, 1, 4, '2018-07-11 00:51:19', '2018-07-11 00:51:19'),
(1107, 164, 'Isi Undangan', NULL, 0, 0, 0, 0, 0, 1, 1, 5, '2018-07-11 00:51:19', '2018-07-11 00:51:19'),
(1108, 164, 'Catatan', NULL, 1, 0, 0, 1, 0, 1, 1, 6, '2018-07-11 00:51:19', '2018-07-11 00:51:19'),
(1109, 165, 'Lokasi', NULL, 0, 0, 0, 0, 0, 1, 1, 0, '2018-07-11 00:51:19', '2018-07-11 00:51:19'),
(1110, 165, 'Tanggal', NULL, 0, 0, 0, 0, 0, 1, 1, 1, '2018-07-11 00:51:19', '2018-07-11 00:51:19'),
(1111, 165, 'Alamat', NULL, 0, 0, 0, 0, 0, 1, 1, 2, '2018-07-11 00:51:19', '2018-07-11 00:51:19'),
(1112, 165, 'Biaya', NULL, 0, 0, 0, 0, 1, 1, 1, 3, '2018-07-11 00:51:19', '2018-07-11 00:51:19'),
(1113, 165, 'Foto', NULL, 0, 1, 0, 1, 0, 1, 1, 4, '2018-07-11 00:51:19', '2018-07-11 00:51:19'),
(1114, 165, 'Catatan', NULL, 1, 0, 0, 1, 0, 1, 1, 5, '2018-07-11 00:51:19', '2018-07-11 00:51:19'),
(1115, 166, 'Nama', NULL, 0, 0, 0, 0, 0, 1, 1, 0, '2018-07-11 00:51:19', '2018-07-11 00:51:19'),
(1116, 166, 'Kontak', NULL, 0, 0, 0, 0, 0, 1, 1, 1, '2018-07-11 00:51:19', '2018-07-11 00:51:19'),
(1117, 166, 'Alamat', NULL, 0, 0, 0, 0, 0, 1, 1, 2, '2018-07-11 00:51:19', '2018-07-11 00:51:19'),
(1118, 166, 'Biaya', NULL, 0, 0, 0, 0, 1, 1, 1, 3, '2018-07-11 00:51:19', '2018-07-11 00:51:19'),
(1119, 166, 'Foto', NULL, 0, 1, 0, 1, 0, 1, 1, 4, '2018-07-11 00:51:19', '2018-07-11 00:51:19'),
(1120, 166, 'Catatan', NULL, 1, 0, 0, 1, 0, 1, 1, 5, '2018-07-11 00:51:19', '2018-07-11 00:51:19'),
(1121, 167, 'Nama', NULL, 0, 0, 0, 0, 0, 1, 1, 0, '2018-07-11 00:51:19', '2018-07-11 00:51:19'),
(1122, 167, 'Kontak', NULL, 0, 0, 0, 0, 0, 1, 1, 1, '2018-07-11 00:51:19', '2018-07-11 00:51:19'),
(1123, 167, 'Alamat', NULL, 0, 0, 0, 0, 0, 1, 1, 2, '2018-07-11 00:51:19', '2018-07-11 00:51:19'),
(1124, 167, 'Biaya', NULL, 0, 0, 0, 0, 1, 1, 1, 3, '2018-07-11 00:51:19', '2018-07-11 00:51:19'),
(1125, 167, 'Foto', NULL, 0, 1, 0, 1, 0, 1, 1, 4, '2018-07-11 00:51:19', '2018-07-11 00:51:19'),
(1126, 167, 'Catatan', NULL, 1, 0, 0, 1, 0, 1, 1, 5, '2018-07-11 00:51:19', '2018-07-11 00:51:19'),
(1127, 168, 'Lokasi', NULL, 0, 0, 0, 0, 0, 1, 1, 0, '2018-07-11 00:51:19', '2018-07-11 00:51:19'),
(1128, 168, 'Tanggal', NULL, 0, 0, 0, 0, 0, 1, 1, 1, '2018-07-11 00:51:19', '2018-07-11 00:51:19'),
(1129, 168, 'Hotel', NULL, 0, 0, 0, 0, 0, 1, 1, 2, '2018-07-11 00:51:19', '2018-07-11 00:51:19'),
(1130, 168, 'Biaya', NULL, 0, 0, 0, 0, 1, 1, 1, 3, '2018-07-11 00:51:19', '2018-07-11 00:51:19'),
(1131, 168, 'Foto Lokasi', NULL, 0, 1, 0, 1, 0, 1, 1, 4, '2018-07-11 00:51:19', '2018-07-11 00:51:19'),
(1132, 168, 'Catatan', NULL, 1, 0, 0, 1, 0, 1, 1, 5, '2018-07-11 00:51:19', '2018-07-11 00:51:19'),
(1133, 169, 'Nama Vendor', NULL, 0, 0, 0, 0, 0, 1, 1, 0, '2018-07-11 00:51:19', '2018-07-11 00:51:19'),
(1134, 169, 'Kontak', NULL, 0, 0, 0, 0, 0, 1, 1, 1, '2018-07-11 00:51:19', '2018-07-11 00:51:19'),
(1135, 169, 'Alamat', NULL, 0, 0, 0, 0, 0, 1, 1, 2, '2018-07-11 00:51:19', '2018-07-11 00:51:19'),
(1136, 169, 'Biaya', NULL, 0, 0, 0, 0, 1, 1, 1, 3, '2018-07-11 00:51:19', '2018-07-11 00:51:19'),
(1137, 169, 'Catatan', NULL, 1, 0, 0, 1, 0, 1, 1, 4, '2018-07-11 00:51:19', '2018-07-11 00:51:19'),
(1138, 170, 'Nama Dekorator', NULL, 0, 0, 0, 0, 0, 1, 1, 0, '2018-07-11 00:51:19', '2018-07-11 00:51:19'),
(1139, 170, 'Kontak', NULL, 0, 0, 0, 0, 0, 1, 1, 1, '2018-07-11 00:51:19', '2018-07-11 00:51:19'),
(1140, 170, 'Alamat', NULL, 0, 0, 0, 0, 0, 1, 1, 2, '2018-07-11 00:51:19', '2018-07-11 00:51:19'),
(1141, 170, 'Biaya', NULL, 0, 0, 0, 0, 1, 1, 1, 3, '2018-07-11 00:51:19', '2018-07-11 00:51:19'),
(1142, 170, 'Foto Acuan Dekorasi', NULL, 0, 1, 0, 1, 0, 1, 1, 4, '2018-07-11 00:51:19', '2018-07-11 00:51:19'),
(1143, 170, 'Tema Dekorasi', NULL, 0, 0, 0, 0, 0, 1, 1, 5, '2018-07-11 00:51:19', '2018-07-11 00:51:19'),
(1144, 170, 'Nuansa Warna Bunga', NULL, 0, 0, 0, 0, 0, 1, 1, 6, '2018-07-11 00:51:19', '2018-07-11 00:51:19'),
(1145, 170, 'Nuansa Warna Dekorasi', NULL, 0, 0, 0, 0, 0, 1, 1, 7, '2018-07-11 00:51:19', '2018-07-11 00:51:19'),
(1146, 170, 'Kain Dekorasi', NULL, 0, 0, 0, 0, 0, 1, 1, 8, '2018-07-11 00:51:19', '2018-07-11 00:51:19'),
(1147, 170, 'Catatan', NULL, 1, 0, 0, 1, 0, 1, 1, 9, '2018-07-11 00:51:19', '2018-07-11 00:51:19'),
(1148, 171, 'Nama', NULL, 0, 0, 0, 0, 0, 1, 1, 0, '2018-07-11 00:51:19', '2018-07-11 00:51:19'),
(1149, 171, 'Kontak', NULL, 0, 0, 0, 0, 0, 1, 1, 1, '2018-07-11 00:51:19', '2018-07-11 00:51:19'),
(1150, 171, 'Alamat', NULL, 0, 0, 0, 0, 0, 1, 1, 2, '2018-07-11 00:51:19', '2018-07-11 00:51:19'),
(1151, 171, 'Biaya', NULL, 0, 0, 0, 0, 1, 1, 1, 3, '2018-07-11 00:51:19', '2018-07-11 00:51:19'),
(1152, 171, 'Foto Lokasi Acara', NULL, 0, 1, 0, 1, 0, 1, 1, 4, '2018-07-11 00:51:19', '2018-07-11 00:51:19'),
(1153, 171, 'Catatan', NULL, 1, 0, 0, 1, 0, 1, 1, 5, '2018-07-11 00:51:19', '2018-07-11 00:51:19'),
(1154, 172, 'Nama', NULL, 0, 0, 0, 0, 0, 1, 1, 0, '2018-07-11 00:51:19', '2018-07-11 00:51:19'),
(1155, 172, 'Kontak', NULL, 0, 0, 0, 0, 0, 1, 1, 1, '2018-07-11 00:51:19', '2018-07-11 00:51:19'),
(1156, 172, 'Alamat', NULL, 0, 0, 0, 0, 0, 1, 1, 2, '2018-07-11 00:51:19', '2018-07-11 00:51:19'),
(1157, 172, 'Biaya', NULL, 0, 0, 0, 0, 1, 1, 1, 3, '2018-07-11 00:51:19', '2018-07-11 00:51:19'),
(1158, 172, 'Foto Acuan Pernikahan', NULL, 0, 1, 0, 1, 0, 1, 1, 4, '2018-07-11 00:51:19', '2018-07-11 00:51:19'),
(1159, 172, 'Catatan', NULL, 1, 0, 0, 1, 0, 1, 1, 5, '2018-07-11 00:51:19', '2018-07-11 00:51:19'),
(1160, 173, 'Nama', NULL, 0, 0, 0, 0, 0, 1, 1, 0, '2018-07-11 00:51:19', '2018-07-11 00:51:19'),
(1161, 173, 'Kontak', NULL, 0, 0, 0, 0, 0, 1, 1, 1, '2018-07-11 00:51:19', '2018-07-11 00:51:19'),
(1162, 173, 'Alamat', NULL, 0, 0, 0, 0, 0, 1, 1, 2, '2018-07-11 00:51:19', '2018-07-11 00:51:19'),
(1163, 173, 'Biaya', NULL, 0, 0, 0, 0, 1, 1, 1, 3, '2018-07-11 00:51:19', '2018-07-11 00:51:19'),
(1164, 173, 'Video Acuan Pernikahan', NULL, 0, 0, 1, 1, 0, 1, 1, 4, '2018-07-11 00:51:19', '2018-07-11 00:51:19'),
(1165, 173, 'Tema Video', NULL, 0, 0, 0, 0, 0, 1, 1, 5, '2018-07-11 00:51:19', '2018-07-11 00:51:19'),
(1166, 173, 'Catatan', NULL, 1, 0, 0, 1, 0, 1, 1, 6, '2018-07-11 00:51:19', '2018-07-11 00:51:19'),
(1167, 174, 'Nama', NULL, 0, 0, 0, 0, 0, 1, 1, 0, '2018-07-11 00:51:19', '2018-07-11 00:51:19'),
(1168, 174, 'Kontak', NULL, 0, 0, 0, 0, 0, 1, 1, 1, '2018-07-11 00:51:19', '2018-07-11 00:51:19'),
(1169, 174, 'Alamat', NULL, 0, 0, 0, 0, 0, 1, 1, 2, '2018-07-11 00:51:19', '2018-07-11 00:51:19'),
(1170, 174, 'Biaya', NULL, 0, 0, 0, 0, 1, 1, 1, 3, '2018-07-11 00:51:19', '2018-07-11 00:51:19'),
(1171, 174, 'Tema Busana', NULL, 0, 0, 0, 0, 0, 1, 1, 4, '2018-07-11 00:51:19', '2018-07-11 00:51:19'),
(1172, 174, 'Nuansa Warna', NULL, 0, 0, 0, 0, 0, 1, 1, 5, '2018-07-11 00:51:19', '2018-07-11 00:51:19'),
(1173, 174, 'Catatan', NULL, 1, 0, 0, 1, 0, 1, 1, 6, '2018-07-11 00:51:19', '2018-07-11 00:51:19'),
(1174, 175, 'Nama', NULL, 0, 0, 0, 0, 0, 1, 1, 0, '2018-07-11 00:51:19', '2018-07-11 00:51:19'),
(1175, 175, 'Kontak', NULL, 0, 0, 0, 0, 0, 1, 1, 1, '2018-07-11 00:51:19', '2018-07-11 00:51:19'),
(1176, 175, 'Alamat', NULL, 0, 0, 0, 0, 0, 1, 1, 2, '2018-07-11 00:51:19', '2018-07-11 00:51:19'),
(1177, 175, 'Biaya', NULL, 0, 0, 0, 0, 1, 1, 1, 3, '2018-07-11 00:51:19', '2018-07-11 00:51:19'),
(1178, 175, 'Tema Busana', NULL, 0, 0, 0, 0, 0, 1, 1, 4, '2018-07-11 00:51:19', '2018-07-11 00:51:19'),
(1179, 175, 'Nuansa Warna', NULL, 0, 0, 0, 0, 0, 1, 1, 5, '2018-07-11 00:51:19', '2018-07-11 00:51:19'),
(1180, 175, 'Catatan', NULL, 1, 0, 0, 1, 0, 1, 1, 6, '2018-07-11 00:51:19', '2018-07-11 00:51:19'),
(1181, 176, 'Nama', NULL, 0, 0, 0, 0, 0, 1, 1, 0, '2018-07-11 00:51:19', '2018-07-11 00:51:19'),
(1182, 176, 'Kontak', NULL, 0, 0, 0, 0, 0, 1, 1, 1, '2018-07-11 00:51:19', '2018-07-11 00:51:19'),
(1183, 176, 'Alamat', NULL, 0, 0, 0, 0, 0, 1, 1, 2, '2018-07-11 00:51:19', '2018-07-11 00:51:19'),
(1184, 176, 'Biaya', NULL, 0, 0, 0, 0, 1, 1, 1, 3, '2018-07-11 00:51:19', '2018-07-11 00:51:19'),
(1185, 176, 'Tema Busana', NULL, 0, 0, 0, 0, 0, 1, 1, 4, '2018-07-11 00:51:19', '2018-07-11 00:51:19'),
(1186, 176, 'Nuansa Warna', NULL, 0, 0, 0, 0, 0, 1, 1, 5, '2018-07-11 00:51:19', '2018-07-11 00:51:19'),
(1187, 176, 'Catatan', NULL, 1, 0, 0, 1, 0, 1, 1, 6, '2018-07-11 00:51:19', '2018-07-11 00:51:19'),
(1188, 177, 'Nama', NULL, 0, 0, 0, 0, 0, 1, 1, 0, '2018-07-11 00:51:19', '2018-07-11 00:51:19'),
(1189, 177, 'Kontak', NULL, 0, 0, 0, 0, 0, 1, 1, 1, '2018-07-11 00:51:19', '2018-07-11 00:51:19'),
(1190, 177, 'Alamat', NULL, 0, 0, 0, 0, 0, 1, 1, 2, '2018-07-11 00:51:19', '2018-07-11 00:51:19'),
(1191, 177, 'Biaya', NULL, 0, 0, 0, 0, 1, 1, 1, 3, '2018-07-11 00:51:19', '2018-07-11 00:51:19'),
(1192, 177, 'Contoh Aksesoris', NULL, 0, 1, 0, 1, 0, 1, 1, 4, '2018-07-11 00:51:19', '2018-07-11 00:51:19'),
(1193, 177, 'Tema', NULL, 0, 0, 0, 0, 0, 1, 1, 5, '2018-07-11 00:51:19', '2018-07-11 00:51:19'),
(1194, 177, 'Catatan', NULL, 1, 0, 0, 1, 0, 1, 1, 6, '2018-07-11 00:51:19', '2018-07-11 00:51:19'),
(1195, 178, 'Nama', NULL, 0, 0, 0, 0, 0, 1, 1, 0, '2018-07-11 00:51:19', '2018-07-11 00:51:19'),
(1196, 178, 'Kontak', NULL, 0, 0, 0, 0, 0, 1, 1, 1, '2018-07-11 00:51:19', '2018-07-11 00:51:19'),
(1197, 178, 'Alamat', NULL, 0, 0, 0, 0, 0, 1, 1, 2, '2018-07-11 00:51:19', '2018-07-11 00:51:19'),
(1198, 178, 'Biaya', NULL, 0, 0, 0, 0, 1, 1, 1, 3, '2018-07-11 00:51:19', '2018-07-11 00:51:19'),
(1199, 178, 'Contoh Perias Wajah', NULL, 0, 1, 0, 1, 0, 1, 1, 4, '2018-07-11 00:51:19', '2018-07-11 00:51:19'),
(1200, 178, 'Tema', NULL, 0, 0, 0, 0, 0, 1, 1, 5, '2018-07-11 00:51:19', '2018-07-11 00:51:19'),
(1201, 178, 'Catatan', NULL, 1, 0, 0, 1, 0, 1, 1, 6, '2018-07-11 00:51:19', '2018-07-11 00:51:19'),
(1202, 179, 'Nama', NULL, 0, 0, 0, 0, 0, 1, 1, 0, '2018-07-11 00:51:19', '2018-07-11 00:51:19'),
(1203, 179, 'Kontak', NULL, 0, 0, 0, 0, 0, 1, 1, 1, '2018-07-11 00:51:19', '2018-07-11 00:51:19'),
(1204, 179, 'Alamat', NULL, 0, 0, 0, 0, 0, 1, 1, 2, '2018-07-11 00:51:19', '2018-07-11 00:51:19'),
(1205, 179, 'Biaya', NULL, 0, 0, 0, 0, 1, 1, 1, 3, '2018-07-11 00:51:19', '2018-07-11 00:51:19'),
(1206, 179, 'Contoh Makanan', NULL, 0, 1, 0, 1, 0, 1, 1, 4, '2018-07-11 00:51:19', '2018-07-11 00:51:19'),
(1207, 179, 'Catatan', NULL, 1, 0, 0, 1, 0, 1, 1, 5, '2018-07-11 00:51:19', '2018-07-11 00:51:19'),
(1208, 180, 'Nama', NULL, 0, 0, 0, 0, 0, 1, 1, 0, '2018-07-11 00:51:19', '2018-07-11 00:51:19'),
(1209, 180, 'Kontak', NULL, 0, 0, 0, 0, 0, 1, 1, 1, '2018-07-11 00:51:19', '2018-07-11 00:51:19'),
(1210, 180, 'Alamat', NULL, 0, 0, 0, 0, 0, 1, 1, 2, '2018-07-11 00:51:19', '2018-07-11 00:51:19'),
(1211, 180, 'Biaya', NULL, 0, 0, 0, 0, 1, 1, 1, 3, '2018-07-11 00:51:19', '2018-07-11 00:51:19'),
(1212, 180, 'Contoh', NULL, 0, 1, 0, 1, 0, 1, 1, 4, '2018-07-11 00:51:19', '2018-07-11 00:51:19'),
(1213, 180, 'Isi Undangan', NULL, 0, 0, 0, 0, 0, 1, 1, 5, '2018-07-11 00:51:19', '2018-07-11 00:51:19'),
(1214, 180, 'Catatan', NULL, 1, 0, 0, 1, 0, 1, 1, 6, '2018-07-11 00:51:19', '2018-07-11 00:51:19'),
(1215, 181, 'Lokasi', NULL, 0, 0, 0, 0, 0, 1, 1, 0, '2018-07-11 00:51:19', '2018-07-11 00:51:19'),
(1216, 181, 'Tanggal', NULL, 0, 0, 0, 0, 0, 1, 1, 1, '2018-07-11 00:51:19', '2018-07-11 00:51:19'),
(1217, 181, 'Alamat', NULL, 0, 0, 0, 0, 0, 1, 1, 2, '2018-07-11 00:51:19', '2018-07-11 00:51:19'),
(1218, 181, 'Biaya', NULL, 0, 0, 0, 0, 1, 1, 1, 3, '2018-07-11 00:51:19', '2018-07-11 00:51:19'),
(1219, 181, 'Foto', NULL, 0, 1, 0, 1, 0, 1, 1, 4, '2018-07-11 00:51:19', '2018-07-11 00:51:19'),
(1220, 181, 'Catatan', NULL, 1, 0, 0, 1, 0, 1, 1, 5, '2018-07-11 00:51:19', '2018-07-11 00:51:19'),
(1221, 182, 'Nama', NULL, 0, 0, 0, 0, 0, 1, 1, 0, '2018-07-11 00:51:19', '2018-07-11 00:51:19'),
(1222, 182, 'Kontak', NULL, 0, 0, 0, 0, 0, 1, 1, 1, '2018-07-11 00:51:19', '2018-07-11 00:51:19'),
(1223, 182, 'Alamat', NULL, 0, 0, 0, 0, 0, 1, 1, 2, '2018-07-11 00:51:19', '2018-07-11 00:51:19'),
(1224, 182, 'Biaya', NULL, 0, 0, 0, 0, 1, 1, 1, 3, '2018-07-11 00:51:19', '2018-07-11 00:51:19'),
(1225, 182, 'Foto', NULL, 0, 1, 0, 1, 0, 1, 1, 4, '2018-07-11 00:51:19', '2018-07-11 00:51:19'),
(1226, 182, 'Catatan', NULL, 1, 0, 0, 1, 0, 1, 1, 5, '2018-07-11 00:51:19', '2018-07-11 00:51:19'),
(1227, 183, 'Nama', NULL, 0, 0, 0, 0, 0, 1, 1, 0, '2018-07-11 00:51:19', '2018-07-11 00:51:19'),
(1228, 183, 'Kontak', NULL, 0, 0, 0, 0, 0, 1, 1, 1, '2018-07-11 00:51:19', '2018-07-11 00:51:19'),
(1229, 183, 'Alamat', NULL, 0, 0, 0, 0, 0, 1, 1, 2, '2018-07-11 00:51:19', '2018-07-11 00:51:19'),
(1230, 183, 'Biaya', NULL, 0, 0, 0, 0, 1, 1, 1, 3, '2018-07-11 00:51:19', '2018-07-11 00:51:19'),
(1231, 183, 'Foto', NULL, 0, 1, 0, 1, 0, 1, 1, 4, '2018-07-11 00:51:19', '2018-07-11 00:51:19'),
(1232, 183, 'Catatan', NULL, 1, 0, 0, 1, 0, 1, 1, 5, '2018-07-11 00:51:19', '2018-07-11 00:51:19'),
(1233, 184, 'Nama Vendor', NULL, 0, 0, 0, 0, 0, 1, 1, 0, '2018-07-11 00:51:19', '2018-07-11 00:51:19'),
(1234, 184, 'Kontak', NULL, 0, 0, 0, 0, 0, 1, 1, 1, '2018-07-11 00:51:19', '2018-07-11 00:51:19'),
(1235, 184, 'Alamat', NULL, 0, 0, 0, 0, 0, 1, 1, 2, '2018-07-11 00:51:19', '2018-07-11 00:51:19'),
(1236, 184, 'Biaya', NULL, 0, 0, 0, 0, 1, 1, 1, 3, '2018-07-11 00:51:19', '2018-07-11 00:51:19'),
(1237, 184, 'Catatan', NULL, 1, 0, 0, 1, 0, 1, 1, 4, '2018-07-11 00:51:19', '2018-07-11 00:51:19'),
(1238, 185, 'Nama Dekorator', NULL, 0, 0, 0, 0, 0, 1, 1, 0, '2018-07-11 00:51:19', '2018-07-11 00:51:19'),
(1239, 185, 'Kontak', NULL, 0, 0, 0, 0, 0, 1, 1, 1, '2018-07-11 00:51:19', '2018-07-11 00:51:19'),
(1240, 185, 'Alamat', NULL, 0, 0, 0, 0, 0, 1, 1, 2, '2018-07-11 00:51:19', '2018-07-11 00:51:19'),
(1241, 185, 'Biaya', NULL, 0, 0, 0, 0, 1, 1, 1, 3, '2018-07-11 00:51:19', '2018-07-11 00:51:19'),
(1242, 185, 'Foto Acuan Dekorasi', NULL, 0, 1, 0, 1, 0, 1, 1, 4, '2018-07-11 00:51:19', '2018-07-11 00:51:19'),
(1243, 185, 'Tema Dekorasi', NULL, 0, 0, 0, 0, 0, 1, 1, 5, '2018-07-11 00:51:19', '2018-07-11 00:51:19'),
(1244, 185, 'Nuansa Warna Bunga', NULL, 0, 0, 0, 0, 0, 1, 1, 6, '2018-07-11 00:51:19', '2018-07-11 00:51:19'),
(1245, 185, 'Nuansa Warna Dekorasi', NULL, 0, 0, 0, 0, 0, 1, 1, 7, '2018-07-11 00:51:19', '2018-07-11 00:51:19'),
(1246, 185, 'Kain Dekorasi', NULL, 0, 0, 0, 0, 0, 1, 1, 8, '2018-07-11 00:51:19', '2018-07-11 00:51:19'),
(1247, 185, 'Catatan', NULL, 1, 0, 0, 1, 0, 1, 1, 9, '2018-07-11 00:51:19', '2018-07-11 00:51:19'),
(1248, 186, 'Nama', NULL, 0, 0, 0, 0, 0, 1, 1, 0, '2018-07-11 00:51:19', '2018-07-11 00:51:19'),
(1249, 186, 'Kontak', NULL, 0, 0, 0, 0, 0, 1, 1, 1, '2018-07-11 00:51:19', '2018-07-11 00:51:19'),
(1250, 186, 'Alamat', NULL, 0, 0, 0, 0, 0, 1, 1, 2, '2018-07-11 00:51:19', '2018-07-11 00:51:19'),
(1251, 186, 'Biaya', NULL, 0, 0, 0, 0, 1, 1, 1, 3, '2018-07-11 00:51:19', '2018-07-11 00:51:19'),
(1252, 186, 'Foto Lokasi Acara', NULL, 0, 1, 0, 1, 0, 1, 1, 4, '2018-07-11 00:51:19', '2018-07-11 00:51:19'),
(1253, 186, 'Catatan', NULL, 1, 0, 0, 1, 0, 1, 1, 5, '2018-07-11 00:51:19', '2018-07-11 00:51:19'),
(1254, 187, 'Nama', NULL, 0, 0, 0, 0, 0, 1, 1, 0, '2018-07-11 00:51:19', '2018-07-11 00:51:19'),
(1255, 187, 'Kontak', NULL, 0, 0, 0, 0, 0, 1, 1, 1, '2018-07-11 00:51:19', '2018-07-11 00:51:19'),
(1256, 187, 'Alamat', NULL, 0, 0, 0, 0, 0, 1, 1, 2, '2018-07-11 00:51:19', '2018-07-11 00:51:19'),
(1257, 187, 'Biaya', NULL, 0, 0, 0, 0, 1, 1, 1, 3, '2018-07-11 00:51:19', '2018-07-11 00:51:19'),
(1258, 187, 'Foto Acuan Pernikahan', NULL, 0, 1, 0, 1, 0, 1, 1, 4, '2018-07-11 00:51:19', '2018-07-11 00:51:19'),
(1259, 187, 'Catatan', NULL, 1, 0, 0, 1, 0, 1, 1, 5, '2018-07-11 00:51:19', '2018-07-11 00:51:19'),
(1260, 188, 'Nama', NULL, 0, 0, 0, 0, 0, 1, 1, 0, '2018-07-11 00:51:19', '2018-07-11 00:51:19'),
(1261, 188, 'Kontak', NULL, 0, 0, 0, 0, 0, 1, 1, 1, '2018-07-11 00:51:19', '2018-07-11 00:51:19'),
(1262, 188, 'Alamat', NULL, 0, 0, 0, 0, 0, 1, 1, 2, '2018-07-11 00:51:19', '2018-07-11 00:51:19'),
(1263, 188, 'Biaya', NULL, 0, 0, 0, 0, 1, 1, 1, 3, '2018-07-11 00:51:19', '2018-07-11 00:51:19'),
(1264, 188, 'Video Acuan Pernikahan', NULL, 0, 0, 1, 1, 0, 1, 1, 4, '2018-07-11 00:51:19', '2018-07-11 00:51:19'),
(1265, 188, 'Tema Video', NULL, 0, 0, 0, 0, 0, 1, 1, 5, '2018-07-11 00:51:19', '2018-07-11 00:51:19'),
(1266, 188, 'Catatan', NULL, 1, 0, 0, 1, 0, 1, 1, 6, '2018-07-11 00:51:19', '2018-07-11 00:51:19'),
(1267, 189, 'Nama', NULL, 0, 0, 0, 0, 0, 1, 1, 0, '2018-07-11 00:51:19', '2018-07-11 00:51:19'),
(1268, 189, 'Kontak', NULL, 0, 0, 0, 0, 0, 1, 1, 1, '2018-07-11 00:51:19', '2018-07-11 00:51:19'),
(1269, 189, 'Alamat', NULL, 0, 0, 0, 0, 0, 1, 1, 2, '2018-07-11 00:51:19', '2018-07-11 00:51:19'),
(1270, 189, 'Biaya', NULL, 0, 0, 0, 0, 1, 1, 1, 3, '2018-07-11 00:51:19', '2018-07-11 00:51:19'),
(1271, 189, 'Tema Busana', NULL, 0, 0, 0, 0, 0, 1, 1, 4, '2018-07-11 00:51:19', '2018-07-11 00:51:19'),
(1272, 189, 'Nuansa Warna', NULL, 0, 0, 0, 0, 0, 1, 1, 5, '2018-07-11 00:51:19', '2018-07-11 00:51:19'),
(1273, 189, 'Catatan', NULL, 1, 0, 0, 1, 0, 1, 1, 6, '2018-07-11 00:51:19', '2018-07-11 00:51:19'),
(1274, 190, 'Nama', NULL, 0, 0, 0, 0, 0, 1, 1, 0, '2018-07-11 00:51:19', '2018-07-11 00:51:19'),
(1275, 190, 'Kontak', NULL, 0, 0, 0, 0, 0, 1, 1, 1, '2018-07-11 00:51:19', '2018-07-11 00:51:19'),
(1276, 190, 'Alamat', NULL, 0, 0, 0, 0, 0, 1, 1, 2, '2018-07-11 00:51:19', '2018-07-11 00:51:19'),
(1277, 190, 'Biaya', NULL, 0, 0, 0, 0, 1, 1, 1, 3, '2018-07-11 00:51:19', '2018-07-11 00:51:19'),
(1278, 190, 'Tema Busana', NULL, 0, 0, 0, 0, 0, 1, 1, 4, '2018-07-11 00:51:19', '2018-07-11 00:51:19'),
(1279, 190, 'Nuansa Warna', NULL, 0, 0, 0, 0, 0, 1, 1, 5, '2018-07-11 00:51:19', '2018-07-11 00:51:19'),
(1280, 190, 'Catatan', NULL, 1, 0, 0, 1, 0, 1, 1, 6, '2018-07-11 00:51:19', '2018-07-11 00:51:19'),
(1281, 191, 'Nama', NULL, 0, 0, 0, 0, 0, 1, 1, 0, '2018-07-11 00:51:19', '2018-07-11 00:51:19'),
(1282, 191, 'Kontak', NULL, 0, 0, 0, 0, 0, 1, 1, 1, '2018-07-11 00:51:19', '2018-07-11 00:51:19'),
(1283, 191, 'Alamat', NULL, 0, 0, 0, 0, 0, 1, 1, 2, '2018-07-11 00:51:19', '2018-07-11 00:51:19'),
(1284, 191, 'Biaya', NULL, 0, 0, 0, 0, 1, 1, 1, 3, '2018-07-11 00:51:19', '2018-07-11 00:51:19'),
(1285, 191, 'Tema Busana', NULL, 0, 0, 0, 0, 0, 1, 1, 4, '2018-07-11 00:51:19', '2018-07-11 00:51:19'),
(1286, 191, 'Nuansa Warna', NULL, 0, 0, 0, 0, 0, 1, 1, 5, '2018-07-11 00:51:19', '2018-07-11 00:51:19'),
(1287, 191, 'Catatan', NULL, 1, 0, 0, 1, 0, 1, 1, 6, '2018-07-11 00:51:19', '2018-07-11 00:51:19'),
(1288, 192, 'Nama', NULL, 0, 0, 0, 0, 0, 1, 1, 0, '2018-07-11 00:51:19', '2018-07-11 00:51:19'),
(1289, 192, 'Kontak', NULL, 0, 0, 0, 0, 0, 1, 1, 1, '2018-07-11 00:51:19', '2018-07-11 00:51:19'),
(1290, 192, 'Alamat', NULL, 0, 0, 0, 0, 0, 1, 1, 2, '2018-07-11 00:51:19', '2018-07-11 00:51:19'),
(1291, 192, 'Biaya', NULL, 0, 0, 0, 0, 1, 1, 1, 3, '2018-07-11 00:51:19', '2018-07-11 00:51:19'),
(1292, 192, 'Contoh Aksesoris', NULL, 0, 1, 0, 1, 0, 1, 1, 4, '2018-07-11 00:51:19', '2018-07-11 00:51:19'),
(1293, 192, 'Tema', NULL, 0, 0, 0, 0, 0, 1, 1, 5, '2018-07-11 00:51:19', '2018-07-11 00:51:19'),
(1294, 192, 'Catatan', NULL, 1, 0, 0, 1, 0, 1, 1, 6, '2018-07-11 00:51:19', '2018-07-11 00:51:19'),
(1295, 193, 'Nama', NULL, 0, 0, 0, 0, 0, 1, 1, 0, '2018-07-11 00:51:19', '2018-07-11 00:51:19'),
(1296, 193, 'Kontak', NULL, 0, 0, 0, 0, 0, 1, 1, 1, '2018-07-11 00:51:19', '2018-07-11 00:51:19'),
(1297, 193, 'Alamat', NULL, 0, 0, 0, 0, 0, 1, 1, 2, '2018-07-11 00:51:19', '2018-07-11 00:51:19'),
(1298, 193, 'Biaya', NULL, 0, 0, 0, 0, 1, 1, 1, 3, '2018-07-11 00:51:19', '2018-07-11 00:51:19'),
(1299, 193, 'Contoh Perias Wajah', NULL, 0, 1, 0, 1, 0, 1, 1, 4, '2018-07-11 00:51:19', '2018-07-11 00:51:19'),
(1300, 193, 'Tema', NULL, 0, 0, 0, 0, 0, 1, 1, 5, '2018-07-11 00:51:19', '2018-07-11 00:51:19'),
(1301, 193, 'Catatan', NULL, 1, 0, 0, 1, 0, 1, 1, 6, '2018-07-11 00:51:19', '2018-07-11 00:51:19'),
(1302, 194, 'Nama', NULL, 0, 0, 0, 0, 0, 1, 1, 0, '2018-07-11 00:51:19', '2018-07-11 00:51:19'),
(1303, 194, 'Kontak', NULL, 0, 0, 0, 0, 0, 1, 1, 1, '2018-07-11 00:51:19', '2018-07-11 00:51:19'),
(1304, 194, 'Alamat', NULL, 0, 0, 0, 0, 0, 1, 1, 2, '2018-07-11 00:51:19', '2018-07-11 00:51:19'),
(1305, 194, 'Biaya', NULL, 0, 0, 0, 0, 1, 1, 1, 3, '2018-07-11 00:51:19', '2018-07-11 00:51:19'),
(1306, 194, 'Contoh Makanan', NULL, 0, 1, 0, 1, 0, 1, 1, 4, '2018-07-11 00:51:19', '2018-07-11 00:51:19'),
(1307, 194, 'Catatan', NULL, 1, 0, 0, 1, 0, 1, 1, 5, '2018-07-11 00:51:19', '2018-07-11 00:51:19'),
(1308, 195, 'Nama', NULL, 0, 0, 0, 0, 0, 1, 1, 0, '2018-07-11 00:51:19', '2018-07-11 00:51:19'),
(1309, 195, 'Kontak', NULL, 0, 0, 0, 0, 0, 1, 1, 1, '2018-07-11 00:51:19', '2018-07-11 00:51:19'),
(1310, 195, 'Alamat', NULL, 0, 0, 0, 0, 0, 1, 1, 2, '2018-07-11 00:51:19', '2018-07-11 00:51:19'),
(1311, 195, 'Biaya', NULL, 0, 0, 0, 0, 1, 1, 1, 3, '2018-07-11 00:51:19', '2018-07-11 00:51:19'),
(1312, 195, 'Contoh', NULL, 0, 1, 0, 1, 0, 1, 1, 4, '2018-07-11 00:51:19', '2018-07-11 00:51:19'),
(1313, 195, 'Isi Undangan', NULL, 0, 0, 0, 0, 0, 1, 1, 5, '2018-07-11 00:51:19', '2018-07-11 00:51:19'),
(1314, 195, 'Catatan', NULL, 1, 0, 0, 1, 0, 1, 1, 6, '2018-07-11 00:51:19', '2018-07-11 00:51:19'),
(1315, 196, 'Nama', NULL, 0, 0, 0, 0, 0, 1, 1, 0, '2018-07-11 00:51:19', '2018-07-11 00:51:19'),
(1316, 196, 'Kontak', NULL, 0, 0, 0, 0, 0, 1, 1, 1, '2018-07-11 00:51:19', '2018-07-11 00:51:19'),
(1317, 196, 'Alamat', NULL, 0, 0, 0, 0, 0, 1, 1, 2, '2018-07-11 00:51:19', '2018-07-11 00:51:19'),
(1318, 196, 'Biaya', NULL, 0, 0, 0, 0, 1, 1, 1, 3, '2018-07-11 00:51:19', '2018-07-11 00:51:19'),
(1319, 196, 'Foto', NULL, 0, 1, 0, 1, 0, 1, 1, 4, '2018-07-11 00:51:19', '2018-07-11 00:51:19'),
(1320, 196, 'Catatan', NULL, 1, 0, 0, 1, 0, 1, 1, 5, '2018-07-11 00:51:19', '2018-07-11 00:51:19'),
(1321, 197, 'Nama', NULL, 0, 0, 0, 0, 0, 1, 1, 0, '2018-07-11 00:51:19', '2018-07-11 00:51:19'),
(1322, 197, 'Kontak', NULL, 0, 0, 0, 0, 0, 1, 1, 1, '2018-07-11 00:51:19', '2018-07-11 00:51:19'),
(1323, 197, 'Alamat', NULL, 0, 0, 0, 0, 0, 1, 1, 2, '2018-07-11 00:51:19', '2018-07-11 00:51:19'),
(1324, 197, 'Biaya', NULL, 0, 0, 0, 0, 1, 1, 1, 3, '2018-07-11 00:51:19', '2018-07-11 00:51:19'),
(1325, 197, 'Foto', NULL, 0, 1, 0, 1, 0, 1, 1, 4, '2018-07-11 00:51:19', '2018-07-11 00:51:19'),
(1326, 197, 'Catatan', NULL, 1, 0, 0, 1, 0, 1, 1, 5, '2018-07-11 00:51:19', '2018-07-11 00:51:19'),
(1327, 198, 'Nama Vendor', NULL, 0, 0, 0, 0, 0, 1, 1, 0, '2018-07-11 00:51:19', '2018-07-11 00:51:19'),
(1328, 198, 'Kontak', NULL, 0, 0, 0, 0, 0, 1, 1, 1, '2018-07-11 00:51:19', '2018-07-11 00:51:19'),
(1329, 198, 'Alamat', NULL, 0, 0, 0, 0, 0, 1, 1, 2, '2018-07-11 00:51:19', '2018-07-11 00:51:19'),
(1330, 198, 'Biaya', NULL, 0, 0, 0, 0, 1, 1, 1, 3, '2018-07-11 00:51:19', '2018-07-11 00:51:19'),
(1331, 198, 'Catatan', NULL, 1, 0, 0, 1, 0, 1, 1, 4, '2018-07-11 00:51:19', '2018-07-11 00:51:19'),
(1332, 199, 'Nama Dekorator', NULL, 0, 0, 0, 0, 0, 1, 1, 0, '2018-07-11 00:51:19', '2018-07-11 00:51:19'),
(1333, 199, 'Kontak', NULL, 0, 0, 0, 0, 0, 1, 1, 1, '2018-07-11 00:51:19', '2018-07-11 00:51:19'),
(1334, 199, 'Alamat', NULL, 0, 0, 0, 0, 0, 1, 1, 2, '2018-07-11 00:51:19', '2018-07-11 00:51:19'),
(1335, 199, 'Biaya', NULL, 0, 0, 0, 0, 1, 1, 1, 3, '2018-07-11 00:51:19', '2018-07-11 00:51:19'),
(1336, 199, 'Foto Acuan Dekorasi', NULL, 0, 1, 0, 1, 0, 1, 1, 4, '2018-07-11 00:51:19', '2018-07-11 00:51:19'),
(1337, 199, 'Tema Dekorasi', NULL, 0, 0, 0, 0, 0, 1, 1, 5, '2018-07-11 00:51:19', '2018-07-11 00:51:19'),
(1338, 199, 'Nuansa Warna Bunga', NULL, 0, 0, 0, 0, 0, 1, 1, 6, '2018-07-11 00:51:19', '2018-07-11 00:51:19'),
(1339, 199, 'Nuansa Warna Dekorasi', NULL, 0, 0, 0, 0, 0, 1, 1, 7, '2018-07-11 00:51:19', '2018-07-11 00:51:19'),
(1340, 199, 'Kain Dekorasi', NULL, 0, 0, 0, 0, 0, 1, 1, 8, '2018-07-11 00:51:19', '2018-07-11 00:51:19'),
(1341, 199, 'Catatan', NULL, 1, 0, 0, 1, 0, 1, 1, 9, '2018-07-11 00:51:19', '2018-07-11 00:51:19'),
(1342, 200, 'Nama', NULL, 0, 0, 0, 0, 0, 1, 1, 0, '2018-07-11 00:51:19', '2018-07-11 00:51:19'),
(1343, 200, 'Kontak', NULL, 0, 0, 0, 0, 0, 1, 1, 1, '2018-07-11 00:51:19', '2018-07-11 00:51:19'),
(1344, 200, 'Alamat', NULL, 0, 0, 0, 0, 0, 1, 1, 2, '2018-07-11 00:51:19', '2018-07-11 00:51:19'),
(1345, 200, 'Biaya', NULL, 0, 0, 0, 0, 1, 1, 1, 3, '2018-07-11 00:51:19', '2018-07-11 00:51:19'),
(1346, 200, 'Foto Lokasi Acara', NULL, 0, 1, 0, 1, 0, 1, 1, 4, '2018-07-11 00:51:19', '2018-07-11 00:51:19'),
(1347, 200, 'Catatan', NULL, 1, 0, 0, 1, 0, 1, 1, 5, '2018-07-11 00:51:19', '2018-07-11 00:51:19'),
(1348, 201, 'Nama', NULL, 0, 0, 0, 0, 0, 1, 1, 0, '2018-07-11 00:51:19', '2018-07-11 00:51:19'),
(1349, 201, 'Kontak', NULL, 0, 0, 0, 0, 0, 1, 1, 1, '2018-07-11 00:51:19', '2018-07-11 00:51:19'),
(1350, 201, 'Alamat', NULL, 0, 0, 0, 0, 0, 1, 1, 2, '2018-07-11 00:51:19', '2018-07-11 00:51:19'),
(1351, 201, 'Biaya', NULL, 0, 0, 0, 0, 1, 1, 1, 3, '2018-07-11 00:51:19', '2018-07-11 00:51:19'),
(1352, 201, 'Foto Acuan Pernikahan', NULL, 0, 1, 0, 1, 0, 1, 1, 4, '2018-07-11 00:51:19', '2018-07-11 00:51:19'),
(1353, 201, 'Catatan', NULL, 1, 0, 0, 1, 0, 1, 1, 5, '2018-07-11 00:51:19', '2018-07-11 00:51:19'),
(1354, 202, 'Nama', NULL, 0, 0, 0, 0, 0, 1, 1, 0, '2018-07-11 00:51:19', '2018-07-11 00:51:19'),
(1355, 202, 'Kontak', NULL, 0, 0, 0, 0, 0, 1, 1, 1, '2018-07-11 00:51:19', '2018-07-11 00:51:19'),
(1356, 202, 'Alamat', NULL, 0, 0, 0, 0, 0, 1, 1, 2, '2018-07-11 00:51:19', '2018-07-11 00:51:19'),
(1357, 202, 'Biaya', NULL, 0, 0, 0, 0, 1, 1, 1, 3, '2018-07-11 00:51:19', '2018-07-11 00:51:19'),
(1358, 202, 'Video Acuan Pernikahan', NULL, 0, 0, 1, 1, 0, 1, 1, 4, '2018-07-11 00:51:19', '2018-07-11 00:51:19'),
(1359, 202, 'Tema Video', NULL, 0, 0, 0, 0, 0, 1, 1, 5, '2018-07-11 00:51:19', '2018-07-11 00:51:19'),
(1360, 202, 'Catatan', NULL, 1, 0, 0, 1, 0, 1, 1, 6, '2018-07-11 00:51:19', '2018-07-11 00:51:19'),
(1361, 203, 'Nama', NULL, 0, 0, 0, 0, 0, 1, 1, 0, '2018-07-11 00:51:19', '2018-07-11 00:51:19'),
(1362, 203, 'Kontak', NULL, 0, 0, 0, 0, 0, 1, 1, 1, '2018-07-11 00:51:19', '2018-07-11 00:51:19'),
(1363, 203, 'Alamat', NULL, 0, 0, 0, 0, 0, 1, 1, 2, '2018-07-11 00:51:19', '2018-07-11 00:51:19'),
(1364, 203, 'Biaya', NULL, 0, 0, 0, 0, 1, 1, 1, 3, '2018-07-11 00:51:19', '2018-07-11 00:51:19'),
(1365, 203, 'Tema Busana', NULL, 0, 0, 0, 0, 0, 1, 1, 4, '2018-07-11 00:51:19', '2018-07-11 00:51:19'),
(1366, 203, 'Nuansa Warna', NULL, 0, 0, 0, 0, 0, 1, 1, 5, '2018-07-11 00:51:19', '2018-07-11 00:51:19'),
(1367, 203, 'Catatan', NULL, 1, 0, 0, 1, 0, 1, 1, 6, '2018-07-11 00:51:19', '2018-07-11 00:51:19'),
(1368, 204, 'Nama', NULL, 0, 0, 0, 0, 0, 1, 1, 0, '2018-07-11 00:51:19', '2018-07-11 00:51:19'),
(1369, 204, 'Kontak', NULL, 0, 0, 0, 0, 0, 1, 1, 1, '2018-07-11 00:51:19', '2018-07-11 00:51:19'),
(1370, 204, 'Alamat', NULL, 0, 0, 0, 0, 0, 1, 1, 2, '2018-07-11 00:51:19', '2018-07-11 00:51:19'),
(1371, 204, 'Biaya', NULL, 0, 0, 0, 0, 1, 1, 1, 3, '2018-07-11 00:51:19', '2018-07-11 00:51:19'),
(1372, 204, 'Tema Busana', NULL, 0, 0, 0, 0, 0, 1, 1, 4, '2018-07-11 00:51:19', '2018-07-11 00:51:19'),
(1373, 204, 'Nuansa Warna', NULL, 0, 0, 0, 0, 0, 1, 1, 5, '2018-07-11 00:51:19', '2018-07-11 00:51:19'),
(1374, 204, 'Catatan', NULL, 1, 0, 0, 1, 0, 1, 1, 6, '2018-07-11 00:51:19', '2018-07-11 00:51:19'),
(1375, 205, 'Nama', NULL, 0, 0, 0, 0, 0, 1, 1, 0, '2018-07-11 00:51:19', '2018-07-11 00:51:19'),
(1376, 205, 'Kontak', NULL, 0, 0, 0, 0, 0, 1, 1, 1, '2018-07-11 00:51:19', '2018-07-11 00:51:19'),
(1377, 205, 'Alamat', NULL, 0, 0, 0, 0, 0, 1, 1, 2, '2018-07-11 00:51:19', '2018-07-11 00:51:19'),
(1378, 205, 'Biaya', NULL, 0, 0, 0, 0, 1, 1, 1, 3, '2018-07-11 00:51:19', '2018-07-11 00:51:19'),
(1379, 205, 'Tema Busana', NULL, 0, 0, 0, 0, 0, 1, 1, 4, '2018-07-11 00:51:19', '2018-07-11 00:51:19'),
(1380, 205, 'Nuansa Warna', NULL, 0, 0, 0, 0, 0, 1, 1, 5, '2018-07-11 00:51:19', '2018-07-11 00:51:19'),
(1381, 205, 'Catatan', NULL, 1, 0, 0, 1, 0, 1, 1, 6, '2018-07-11 00:51:19', '2018-07-11 00:51:19'),
(1382, 206, 'Nama', NULL, 0, 0, 0, 0, 0, 1, 1, 0, '2018-07-11 00:51:19', '2018-07-11 00:51:19'),
(1383, 206, 'Kontak', NULL, 0, 0, 0, 0, 0, 1, 1, 1, '2018-07-11 00:51:19', '2018-07-11 00:51:19'),
(1384, 206, 'Alamat', NULL, 0, 0, 0, 0, 0, 1, 1, 2, '2018-07-11 00:51:19', '2018-07-11 00:51:19'),
(1385, 206, 'Biaya', NULL, 0, 0, 0, 0, 1, 1, 1, 3, '2018-07-11 00:51:19', '2018-07-11 00:51:19'),
(1386, 206, 'Contoh Aksesoris', NULL, 0, 1, 0, 1, 0, 1, 1, 4, '2018-07-11 00:51:19', '2018-07-11 00:51:19'),
(1387, 206, 'Tema', NULL, 0, 0, 0, 0, 0, 1, 1, 5, '2018-07-11 00:51:19', '2018-07-11 00:51:19'),
(1388, 206, 'Catatan', NULL, 1, 0, 0, 1, 0, 1, 1, 6, '2018-07-11 00:51:19', '2018-07-11 00:51:19'),
(1389, 207, 'Nama', NULL, 0, 0, 0, 0, 0, 1, 1, 0, '2018-07-11 00:51:19', '2018-07-11 00:51:19'),
(1390, 207, 'Kontak', NULL, 0, 0, 0, 0, 0, 1, 1, 1, '2018-07-11 00:51:19', '2018-07-11 00:51:19'),
(1391, 207, 'Alamat', NULL, 0, 0, 0, 0, 0, 1, 1, 2, '2018-07-11 00:51:19', '2018-07-11 00:51:19'),
(1392, 207, 'Biaya', NULL, 0, 0, 0, 0, 1, 1, 1, 3, '2018-07-11 00:51:19', '2018-07-11 00:51:19'),
(1393, 207, 'Contoh Perias Wajah', NULL, 0, 1, 0, 1, 0, 1, 1, 4, '2018-07-11 00:51:19', '2018-07-11 00:51:19'),
(1394, 207, 'Tema', NULL, 0, 0, 0, 0, 0, 1, 1, 5, '2018-07-11 00:51:19', '2018-07-11 00:51:19'),
(1395, 207, 'Catatan', NULL, 1, 0, 0, 1, 0, 1, 1, 6, '2018-07-11 00:51:19', '2018-07-11 00:51:19'),
(1396, 208, 'Nama', NULL, 0, 0, 0, 0, 0, 1, 1, 0, '2018-07-11 00:51:19', '2018-07-11 00:51:19'),
(1397, 208, 'Kontak', NULL, 0, 0, 0, 0, 0, 1, 1, 1, '2018-07-11 00:51:19', '2018-07-11 00:51:19'),
(1398, 208, 'Alamat', NULL, 0, 0, 0, 0, 0, 1, 1, 2, '2018-07-11 00:51:19', '2018-07-11 00:51:19'),
(1399, 208, 'Biaya', NULL, 0, 0, 0, 0, 1, 1, 1, 3, '2018-07-11 00:51:19', '2018-07-11 00:51:19'),
(1400, 208, 'Contoh Makanan', NULL, 0, 1, 0, 1, 0, 1, 1, 4, '2018-07-11 00:51:19', '2018-07-11 00:51:19'),
(1401, 208, 'Catatan', NULL, 1, 0, 0, 1, 0, 1, 1, 5, '2018-07-11 00:51:19', '2018-07-11 00:51:19'),
(1402, 209, 'Nama', NULL, 0, 0, 0, 0, 0, 1, 1, 0, '2018-07-11 00:51:19', '2018-07-11 00:51:19'),
(1403, 209, 'Kontak', NULL, 0, 0, 0, 0, 0, 1, 1, 1, '2018-07-11 00:51:19', '2018-07-11 00:51:19'),
(1404, 209, 'Alamat', NULL, 0, 0, 0, 0, 0, 1, 1, 2, '2018-07-11 00:51:19', '2018-07-11 00:51:19'),
(1405, 209, 'Biaya', NULL, 0, 0, 0, 0, 1, 1, 1, 3, '2018-07-11 00:51:19', '2018-07-11 00:51:19'),
(1406, 209, 'Contoh', NULL, 0, 1, 0, 1, 0, 1, 1, 4, '2018-07-11 00:51:19', '2018-07-11 00:51:19'),
(1407, 209, 'Isi Undangan', NULL, 0, 0, 0, 0, 0, 1, 1, 5, '2018-07-11 00:51:19', '2018-07-11 00:51:19'),
(1408, 209, 'Catatan', NULL, 1, 0, 0, 1, 0, 1, 1, 6, '2018-07-11 00:51:19', '2018-07-11 00:51:19'),
(1409, 210, 'Nama', NULL, 0, 0, 0, 0, 0, 1, 1, 0, '2018-07-11 00:51:19', '2018-07-11 00:51:19'),
(1410, 210, 'Kontak', NULL, 0, 0, 0, 0, 0, 1, 1, 1, '2018-07-11 00:51:19', '2018-07-11 00:51:19'),
(1411, 210, 'Alamat', NULL, 0, 0, 0, 0, 0, 1, 1, 2, '2018-07-11 00:51:19', '2018-07-11 00:51:19'),
(1412, 210, 'Biaya', NULL, 0, 0, 0, 0, 1, 1, 1, 3, '2018-07-11 00:51:19', '2018-07-11 00:51:19'),
(1413, 210, 'Foto', NULL, 0, 1, 0, 1, 0, 1, 1, 4, '2018-07-11 00:51:19', '2018-07-11 00:51:19'),
(1414, 210, 'Catatan', NULL, 1, 0, 0, 1, 0, 1, 1, 5, '2018-07-11 00:51:19', '2018-07-11 00:51:19'),
(1415, 211, 'Nama', NULL, 0, 0, 0, 0, 0, 1, 1, 0, '2018-07-11 00:51:19', '2018-07-11 00:51:19'),
(1416, 211, 'Kontak', NULL, 0, 0, 0, 0, 0, 1, 1, 1, '2018-07-11 00:51:19', '2018-07-11 00:51:19'),
(1417, 211, 'Alamat', NULL, 0, 0, 0, 0, 0, 1, 1, 2, '2018-07-11 00:51:19', '2018-07-11 00:51:19'),
(1418, 211, 'Biaya', NULL, 0, 0, 0, 0, 1, 1, 1, 3, '2018-07-11 00:51:19', '2018-07-11 00:51:19'),
(1419, 211, 'Foto', NULL, 0, 1, 0, 1, 0, 1, 1, 4, '2018-07-11 00:51:19', '2018-07-11 00:51:19'),
(1420, 211, 'Catatan', NULL, 1, 0, 0, 1, 0, 1, 1, 5, '2018-07-11 00:51:19', '2018-07-11 00:51:19'),
(1421, 212, 'Nama Vendor', NULL, 0, 0, 0, 0, 0, 1, 1, 0, '2018-07-11 00:51:19', '2018-07-11 00:51:19'),
(1422, 212, 'Kontak', NULL, 0, 0, 0, 0, 0, 1, 1, 1, '2018-07-11 00:51:19', '2018-07-11 00:51:19'),
(1423, 212, 'Alamat', NULL, 0, 0, 0, 0, 0, 1, 1, 2, '2018-07-11 00:51:19', '2018-07-11 00:51:19'),
(1424, 212, 'Biaya', NULL, 0, 0, 0, 0, 1, 1, 1, 3, '2018-07-11 00:51:19', '2018-07-11 00:51:19'),
(1425, 212, 'Catatan', NULL, 1, 0, 0, 1, 0, 1, 1, 4, '2018-07-11 00:51:19', '2018-07-11 00:51:19'),
(1426, 213, 'Nama Dekorator', NULL, 0, 0, 0, 0, 0, 1, 1, 0, '2018-07-11 00:51:19', '2018-07-11 00:51:19'),
(1427, 213, 'Kontak', NULL, 0, 0, 0, 0, 0, 1, 1, 1, '2018-07-11 00:51:19', '2018-07-11 00:51:19'),
(1428, 213, 'Alamat', NULL, 0, 0, 0, 0, 0, 1, 1, 2, '2018-07-11 00:51:19', '2018-07-11 00:51:19'),
(1429, 213, 'Biaya', NULL, 0, 0, 0, 0, 1, 1, 1, 3, '2018-07-11 00:51:19', '2018-07-11 00:51:19'),
(1430, 213, 'Foto Acuan Dekorasi', NULL, 0, 1, 0, 1, 0, 1, 1, 4, '2018-07-11 00:51:19', '2018-07-11 00:51:19'),
(1431, 213, 'Tema Dekorasi', NULL, 0, 0, 0, 0, 0, 1, 1, 5, '2018-07-11 00:51:19', '2018-07-11 00:51:19'),
(1432, 213, 'Nuansa Warna Bunga', NULL, 0, 0, 0, 0, 0, 1, 1, 6, '2018-07-11 00:51:19', '2018-07-11 00:51:19'),
(1433, 213, 'Nuansa Warna Dekorasi', NULL, 0, 0, 0, 0, 0, 1, 1, 7, '2018-07-11 00:51:19', '2018-07-11 00:51:19'),
(1434, 213, 'Kain Dekorasi', NULL, 0, 0, 0, 0, 0, 1, 1, 8, '2018-07-11 00:51:19', '2018-07-11 00:51:19'),
(1435, 213, 'Catatan', NULL, 1, 0, 0, 1, 0, 1, 1, 9, '2018-07-11 00:51:19', '2018-07-11 00:51:19'),
(1436, 214, 'Nama', NULL, 0, 0, 0, 0, 0, 1, 1, 0, '2018-07-11 00:51:19', '2018-07-11 00:51:19'),
(1437, 214, 'Kontak', NULL, 0, 0, 0, 0, 0, 1, 1, 1, '2018-07-11 00:51:19', '2018-07-11 00:51:19'),
(1438, 214, 'Alamat', NULL, 0, 0, 0, 0, 0, 1, 1, 2, '2018-07-11 00:51:19', '2018-07-11 00:51:19'),
(1439, 214, 'Biaya', NULL, 0, 0, 0, 0, 1, 1, 1, 3, '2018-07-11 00:51:19', '2018-07-11 00:51:19'),
(1440, 214, 'Foto Lokasi Acara', NULL, 0, 1, 0, 1, 0, 1, 1, 4, '2018-07-11 00:51:19', '2018-07-11 00:51:19'),
(1441, 214, 'Catatan', NULL, 1, 0, 0, 1, 0, 1, 1, 5, '2018-07-11 00:51:19', '2018-07-11 00:51:19'),
(1442, 215, 'Nama', NULL, 0, 0, 0, 0, 0, 1, 1, 0, '2018-07-11 00:51:19', '2018-07-11 00:51:19'),
(1443, 215, 'Kontak', NULL, 0, 0, 0, 0, 0, 1, 1, 1, '2018-07-11 00:51:19', '2018-07-11 00:51:19'),
(1444, 215, 'Alamat', NULL, 0, 0, 0, 0, 0, 1, 1, 2, '2018-07-11 00:51:19', '2018-07-11 00:51:19'),
(1445, 215, 'Biaya', NULL, 0, 0, 0, 0, 1, 1, 1, 3, '2018-07-11 00:51:19', '2018-07-11 00:51:19'),
(1446, 215, 'Foto Acuan Pernikahan', NULL, 0, 1, 0, 1, 0, 1, 1, 4, '2018-07-11 00:51:19', '2018-07-11 00:51:19'),
(1447, 215, 'Catatan', NULL, 1, 0, 0, 1, 0, 1, 1, 5, '2018-07-11 00:51:19', '2018-07-11 00:51:19'),
(1448, 216, 'Nama', NULL, 0, 0, 0, 0, 0, 1, 1, 0, '2018-07-11 00:51:19', '2018-07-11 00:51:19'),
(1449, 216, 'Kontak', NULL, 0, 0, 0, 0, 0, 1, 1, 1, '2018-07-11 00:51:19', '2018-07-11 00:51:19'),
(1450, 216, 'Alamat', NULL, 0, 0, 0, 0, 0, 1, 1, 2, '2018-07-11 00:51:19', '2018-07-11 00:51:19'),
(1451, 216, 'Biaya', NULL, 0, 0, 0, 0, 1, 1, 1, 3, '2018-07-11 00:51:19', '2018-07-11 00:51:19'),
(1452, 216, 'Video Acuan Pernikahan', NULL, 0, 0, 1, 1, 0, 1, 1, 4, '2018-07-11 00:51:19', '2018-07-11 00:51:19'),
(1453, 216, 'Tema Video', NULL, 0, 0, 0, 0, 0, 1, 1, 5, '2018-07-11 00:51:19', '2018-07-11 00:51:19'),
(1454, 216, 'Catatan', NULL, 1, 0, 0, 1, 0, 1, 1, 6, '2018-07-11 00:51:19', '2018-07-11 00:51:19'),
(1455, 217, 'Nama', NULL, 0, 0, 0, 0, 0, 1, 1, 0, '2018-07-11 00:51:19', '2018-07-11 00:51:19'),
(1456, 217, 'Kontak', NULL, 0, 0, 0, 0, 0, 1, 1, 1, '2018-07-11 00:51:19', '2018-07-11 00:51:19'),
(1457, 217, 'Alamat', NULL, 0, 0, 0, 0, 0, 1, 1, 2, '2018-07-11 00:51:19', '2018-07-11 00:51:19'),
(1458, 217, 'Biaya', NULL, 0, 0, 0, 0, 1, 1, 1, 3, '2018-07-11 00:51:19', '2018-07-11 00:51:19'),
(1459, 217, 'Tema Busana', NULL, 0, 0, 0, 0, 0, 1, 1, 4, '2018-07-11 00:51:19', '2018-07-11 00:51:19'),
(1460, 217, 'Nuansa Warna', NULL, 0, 0, 0, 0, 0, 1, 1, 5, '2018-07-11 00:51:19', '2018-07-11 00:51:19'),
(1461, 217, 'Catatan', NULL, 1, 0, 0, 1, 0, 1, 1, 6, '2018-07-11 00:51:19', '2018-07-11 00:51:19'),
(1462, 218, 'Nama', NULL, 0, 0, 0, 0, 0, 1, 1, 0, '2018-07-11 00:51:19', '2018-07-11 00:51:19'),
(1463, 218, 'Kontak', NULL, 0, 0, 0, 0, 0, 1, 1, 1, '2018-07-11 00:51:19', '2018-07-11 00:51:19'),
(1464, 218, 'Alamat', NULL, 0, 0, 0, 0, 0, 1, 1, 2, '2018-07-11 00:51:19', '2018-07-11 00:51:19'),
(1465, 218, 'Biaya', NULL, 0, 0, 0, 0, 1, 1, 1, 3, '2018-07-11 00:51:19', '2018-07-11 00:51:19'),
(1466, 218, 'Tema Busana', NULL, 0, 0, 0, 0, 0, 1, 1, 4, '2018-07-11 00:51:19', '2018-07-11 00:51:19'),
(1467, 218, 'Nuansa Warna', NULL, 0, 0, 0, 0, 0, 1, 1, 5, '2018-07-11 00:51:19', '2018-07-11 00:51:19'),
(1468, 218, 'Catatan', NULL, 1, 0, 0, 1, 0, 1, 1, 6, '2018-07-11 00:51:19', '2018-07-11 00:51:19'),
(1469, 219, 'Nama', NULL, 0, 0, 0, 0, 0, 1, 1, 0, '2018-07-11 00:51:19', '2018-07-11 00:51:19'),
(1470, 219, 'Kontak', NULL, 0, 0, 0, 0, 0, 1, 1, 1, '2018-07-11 00:51:19', '2018-07-11 00:51:19'),
(1471, 219, 'Alamat', NULL, 0, 0, 0, 0, 0, 1, 1, 2, '2018-07-11 00:51:19', '2018-07-11 00:51:19'),
(1472, 219, 'Biaya', NULL, 0, 0, 0, 0, 1, 1, 1, 3, '2018-07-11 00:51:19', '2018-07-11 00:51:19'),
(1473, 219, 'Tema Busana', NULL, 0, 0, 0, 0, 0, 1, 1, 4, '2018-07-11 00:51:19', '2018-07-11 00:51:19'),
(1474, 219, 'Nuansa Warna', NULL, 0, 0, 0, 0, 0, 1, 1, 5, '2018-07-11 00:51:19', '2018-07-11 00:51:19'),
(1475, 219, 'Catatan', NULL, 1, 0, 0, 1, 0, 1, 1, 6, '2018-07-11 00:51:19', '2018-07-11 00:51:19'),
(1476, 220, 'Nama', NULL, 0, 0, 0, 0, 0, 1, 1, 0, '2018-07-11 00:51:19', '2018-07-11 00:51:19'),
(1477, 220, 'Kontak', NULL, 0, 0, 0, 0, 0, 1, 1, 1, '2018-07-11 00:51:19', '2018-07-11 00:51:19'),
(1478, 220, 'Alamat', NULL, 0, 0, 0, 0, 0, 1, 1, 2, '2018-07-11 00:51:19', '2018-07-11 00:51:19'),
(1479, 220, 'Biaya', NULL, 0, 0, 0, 0, 1, 1, 1, 3, '2018-07-11 00:51:19', '2018-07-11 00:51:19'),
(1480, 220, 'Contoh Aksesoris', NULL, 0, 1, 0, 1, 0, 1, 1, 4, '2018-07-11 00:51:19', '2018-07-11 00:51:19'),
(1481, 220, 'Tema', NULL, 0, 0, 0, 0, 0, 1, 1, 5, '2018-07-11 00:51:19', '2018-07-11 00:51:19'),
(1482, 220, 'Catatan', NULL, 1, 0, 0, 1, 0, 1, 1, 6, '2018-07-11 00:51:19', '2018-07-11 00:51:19'),
(1483, 221, 'Nama', NULL, 0, 0, 0, 0, 0, 1, 1, 0, '2018-07-11 00:51:19', '2018-07-11 00:51:19'),
(1484, 221, 'Kontak', NULL, 0, 0, 0, 0, 0, 1, 1, 1, '2018-07-11 00:51:19', '2018-07-11 00:51:19'),
(1485, 221, 'Alamat', NULL, 0, 0, 0, 0, 0, 1, 1, 2, '2018-07-11 00:51:19', '2018-07-11 00:51:19'),
(1486, 221, 'Biaya', NULL, 0, 0, 0, 0, 1, 1, 1, 3, '2018-07-11 00:51:19', '2018-07-11 00:51:19'),
(1487, 221, 'Contoh Perias Wajah', NULL, 0, 1, 0, 1, 0, 1, 1, 4, '2018-07-11 00:51:19', '2018-07-11 00:51:19'),
(1488, 221, 'Tema', NULL, 0, 0, 0, 0, 0, 1, 1, 5, '2018-07-11 00:51:19', '2018-07-11 00:51:19'),
(1489, 221, 'Catatan', NULL, 1, 0, 0, 1, 0, 1, 1, 6, '2018-07-11 00:51:19', '2018-07-11 00:51:19'),
(1490, 222, 'Nama', NULL, 0, 0, 0, 0, 0, 1, 1, 0, '2018-07-11 00:51:19', '2018-07-11 00:51:19'),
(1491, 222, 'Kontak', NULL, 0, 0, 0, 0, 0, 1, 1, 1, '2018-07-11 00:51:19', '2018-07-11 00:51:19'),
(1492, 222, 'Alamat', NULL, 0, 0, 0, 0, 0, 1, 1, 2, '2018-07-11 00:51:19', '2018-07-11 00:51:19'),
(1493, 222, 'Biaya', NULL, 0, 0, 0, 0, 1, 1, 1, 3, '2018-07-11 00:51:19', '2018-07-11 00:51:19'),
(1494, 222, 'Contoh Makanan', NULL, 0, 1, 0, 1, 0, 1, 1, 4, '2018-07-11 00:51:19', '2018-07-11 00:51:19'),
(1495, 222, 'Nama Makanan', NULL, 0, 0, 0, 0, 0, 1, 1, 5, '2018-07-11 00:51:19', '2018-07-11 00:51:19'),
(1496, 222, 'Catatan', NULL, 1, 0, 0, 1, 0, 1, 1, 6, '2018-07-11 00:51:19', '2018-07-11 00:51:19'),
(1497, 223, 'Nama Vendor', NULL, 0, 0, 0, 0, 0, 1, 1, 0, '2018-07-11 00:51:19', '2018-07-11 00:51:19'),
(1498, 223, 'Kontak', NULL, 0, 0, 0, 0, 0, 1, 1, 1, '2018-07-11 00:51:19', '2018-07-11 00:51:19'),
(1499, 223, 'Alamat', NULL, 0, 0, 0, 0, 0, 1, 1, 2, '2018-07-11 00:51:19', '2018-07-11 00:51:19'),
(1500, 223, 'Biaya', NULL, 0, 0, 0, 0, 1, 1, 1, 3, '2018-07-11 00:51:19', '2018-07-11 00:51:19'),
(1501, 223, 'Catatan', NULL, 1, 0, 0, 1, 0, 1, 1, 4, '2018-07-11 00:51:19', '2018-07-11 00:51:19'),
(1502, 224, 'Nama Dekorator', NULL, 0, 0, 0, 0, 0, 1, 1, 0, '2018-07-11 00:51:19', '2018-07-11 00:51:19'),
(1503, 224, 'Kontak', NULL, 0, 0, 0, 0, 0, 1, 1, 1, '2018-07-11 00:51:19', '2018-07-11 00:51:19'),
(1504, 224, 'Alamat', NULL, 0, 0, 0, 0, 0, 1, 1, 2, '2018-07-11 00:51:19', '2018-07-11 00:51:19'),
(1505, 224, 'Biaya', NULL, 0, 0, 0, 0, 1, 1, 1, 3, '2018-07-11 00:51:19', '2018-07-11 00:51:19'),
(1506, 224, 'Foto Acuan Dekorasi', NULL, 0, 1, 0, 1, 0, 1, 1, 4, '2018-07-11 00:51:19', '2018-07-11 00:51:19'),
(1507, 224, 'Tema Dekorasi', NULL, 0, 0, 0, 0, 0, 1, 1, 5, '2018-07-11 00:51:19', '2018-07-11 00:51:19'),
(1508, 224, 'Nuansa Warna Bunga', NULL, 0, 0, 0, 0, 0, 1, 1, 6, '2018-07-11 00:51:19', '2018-07-11 00:51:19'),
(1509, 224, 'Nuansa Warna Dekorasi', NULL, 0, 0, 0, 0, 0, 1, 1, 7, '2018-07-11 00:51:19', '2018-07-11 00:51:19'),
(1510, 224, 'Kain Dekorasi', NULL, 0, 0, 0, 0, 0, 1, 1, 8, '2018-07-11 00:51:19', '2018-07-11 00:51:19'),
(1511, 224, 'Catatan', NULL, 1, 0, 0, 1, 0, 1, 1, 9, '2018-07-11 00:51:19', '2018-07-11 00:51:19'),
(1512, 225, 'Nama', NULL, 0, 0, 0, 0, 0, 1, 1, 0, '2018-07-11 00:51:19', '2018-07-11 00:51:19'),
(1513, 225, 'Kontak', NULL, 0, 0, 0, 0, 0, 1, 1, 1, '2018-07-11 00:51:19', '2018-07-11 00:51:19'),
(1514, 225, 'Alamat', NULL, 0, 0, 0, 0, 0, 1, 1, 2, '2018-07-11 00:51:19', '2018-07-11 00:51:19'),
(1515, 225, 'Biaya', NULL, 0, 0, 0, 0, 1, 1, 1, 3, '2018-07-11 00:51:19', '2018-07-11 00:51:19'),
(1516, 225, 'Foto Lokasi Acara', NULL, 0, 1, 0, 1, 0, 1, 1, 4, '2018-07-11 00:51:19', '2018-07-11 00:51:19'),
(1517, 225, 'Catatan', NULL, 1, 0, 0, 1, 0, 1, 1, 5, '2018-07-11 00:51:19', '2018-07-11 00:51:19'),
(1518, 226, 'Nama', NULL, 0, 0, 0, 0, 0, 1, 1, 0, '2018-07-11 00:51:19', '2018-07-11 00:51:19'),
(1519, 226, 'Kontak', NULL, 0, 0, 0, 0, 0, 1, 1, 1, '2018-07-11 00:51:19', '2018-07-11 00:51:19'),
(1520, 226, 'Alamat', NULL, 0, 0, 0, 0, 0, 1, 1, 2, '2018-07-11 00:51:19', '2018-07-11 00:51:19'),
(1521, 226, 'Biaya', NULL, 0, 0, 0, 0, 1, 1, 1, 3, '2018-07-11 00:51:19', '2018-07-11 00:51:19'),
(1522, 226, 'Foto Acuan Pernikahan', NULL, 0, 1, 0, 1, 0, 1, 1, 4, '2018-07-11 00:51:19', '2018-07-11 00:51:19'),
(1523, 226, 'Catatan', NULL, 1, 0, 0, 1, 0, 1, 1, 5, '2018-07-11 00:51:19', '2018-07-11 00:51:19'),
(1524, 227, 'Nama', NULL, 0, 0, 0, 0, 0, 1, 1, 0, '2018-07-11 00:51:19', '2018-07-11 00:51:19'),
(1525, 227, 'Kontak', NULL, 0, 0, 0, 0, 0, 1, 1, 1, '2018-07-11 00:51:19', '2018-07-11 00:51:19'),
(1526, 227, 'Alamat', NULL, 0, 0, 0, 0, 0, 1, 1, 2, '2018-07-11 00:51:19', '2018-07-11 00:51:19'),
(1527, 227, 'Biaya', NULL, 0, 0, 0, 0, 1, 1, 1, 3, '2018-07-11 00:51:19', '2018-07-11 00:51:19'),
(1528, 227, 'Video Acuan Pernikahan', NULL, 0, 0, 1, 1, 0, 1, 1, 4, '2018-07-11 00:51:19', '2018-07-11 00:51:19'),
(1529, 227, 'Tema Video', NULL, 0, 0, 0, 0, 0, 1, 1, 5, '2018-07-11 00:51:19', '2018-07-11 00:51:19'),
(1530, 227, 'Catatan', NULL, 1, 0, 0, 1, 0, 1, 1, 6, '2018-07-11 00:51:19', '2018-07-11 00:51:19'),
(1531, 228, 'Nama', NULL, 0, 0, 0, 0, 0, 1, 1, 0, '2018-07-11 00:51:19', '2018-07-11 00:51:19');
INSERT INTO `content_detail` (`id`, `content_id`, `name`, `value`, `is_noted`, `is_photo`, `is_video`, `is_link`, `is_cost`, `is_not_deleted`, `status`, `order`, `created_at`, `updated_at`) VALUES
(1532, 228, 'Kontak', NULL, 0, 0, 0, 0, 0, 1, 1, 1, '2018-07-11 00:51:19', '2018-07-11 00:51:19'),
(1533, 228, 'Alamat', NULL, 0, 0, 0, 0, 0, 1, 1, 2, '2018-07-11 00:51:19', '2018-07-11 00:51:19'),
(1534, 228, 'Biaya', NULL, 0, 0, 0, 0, 1, 1, 1, 3, '2018-07-11 00:51:19', '2018-07-11 00:51:19'),
(1535, 228, 'Tema Busana', NULL, 0, 0, 0, 0, 0, 1, 1, 4, '2018-07-11 00:51:19', '2018-07-11 00:51:19'),
(1536, 228, 'Nuansa Warna', NULL, 0, 0, 0, 0, 0, 1, 1, 5, '2018-07-11 00:51:19', '2018-07-11 00:51:19'),
(1537, 228, 'Catatan', NULL, 1, 0, 0, 1, 0, 1, 1, 6, '2018-07-11 00:51:19', '2018-07-11 00:51:19'),
(1538, 229, 'Nama', NULL, 0, 0, 0, 0, 0, 1, 1, 0, '2018-07-11 00:51:19', '2018-07-11 00:51:19'),
(1539, 229, 'Kontak', NULL, 0, 0, 0, 0, 0, 1, 1, 1, '2018-07-11 00:51:19', '2018-07-11 00:51:19'),
(1540, 229, 'Alamat', NULL, 0, 0, 0, 0, 0, 1, 1, 2, '2018-07-11 00:51:19', '2018-07-11 00:51:19'),
(1541, 229, 'Biaya', NULL, 0, 0, 0, 0, 1, 1, 1, 3, '2018-07-11 00:51:19', '2018-07-11 00:51:19'),
(1542, 229, 'Tema Busana', NULL, 0, 0, 0, 0, 0, 1, 1, 4, '2018-07-11 00:51:19', '2018-07-11 00:51:19'),
(1543, 229, 'Nuansa Warna', NULL, 0, 0, 0, 0, 0, 1, 1, 5, '2018-07-11 00:51:19', '2018-07-11 00:51:19'),
(1544, 229, 'Catatan', NULL, 1, 0, 0, 1, 0, 1, 1, 6, '2018-07-11 00:51:19', '2018-07-11 00:51:19'),
(1545, 230, 'Nama', NULL, 0, 0, 0, 0, 0, 1, 1, 0, '2018-07-11 00:51:19', '2018-07-11 00:51:19'),
(1546, 230, 'Kontak', NULL, 0, 0, 0, 0, 0, 1, 1, 1, '2018-07-11 00:51:19', '2018-07-11 00:51:19'),
(1547, 230, 'Alamat', NULL, 0, 0, 0, 0, 0, 1, 1, 2, '2018-07-11 00:51:19', '2018-07-11 00:51:19'),
(1548, 230, 'Biaya', NULL, 0, 0, 0, 0, 1, 1, 1, 3, '2018-07-11 00:51:19', '2018-07-11 00:51:19'),
(1549, 230, 'Tema Busana', NULL, 0, 0, 0, 0, 0, 1, 1, 4, '2018-07-11 00:51:19', '2018-07-11 00:51:19'),
(1550, 230, 'Nuansa Warna', NULL, 0, 0, 0, 0, 0, 1, 1, 5, '2018-07-11 00:51:19', '2018-07-11 00:51:19'),
(1551, 230, 'Catatan', NULL, 1, 0, 0, 1, 0, 1, 1, 6, '2018-07-11 00:51:19', '2018-07-11 00:51:19'),
(1552, 231, 'Nama', NULL, 0, 0, 0, 0, 0, 1, 1, 0, '2018-07-11 00:51:19', '2018-07-11 00:51:19'),
(1553, 231, 'Kontak', NULL, 0, 0, 0, 0, 0, 1, 1, 1, '2018-07-11 00:51:19', '2018-07-11 00:51:19'),
(1554, 231, 'Alamat', NULL, 0, 0, 0, 0, 0, 1, 1, 2, '2018-07-11 00:51:19', '2018-07-11 00:51:19'),
(1555, 231, 'Biaya', NULL, 0, 0, 0, 0, 1, 1, 1, 3, '2018-07-11 00:51:19', '2018-07-11 00:51:19'),
(1556, 231, 'Contoh Aksesoris', NULL, 0, 1, 0, 1, 0, 1, 1, 4, '2018-07-11 00:51:19', '2018-07-11 00:51:19'),
(1557, 231, 'Tema', NULL, 0, 0, 0, 0, 0, 1, 1, 5, '2018-07-11 00:51:19', '2018-07-11 00:51:19'),
(1558, 231, 'Catatan', NULL, 1, 0, 0, 1, 0, 1, 1, 6, '2018-07-11 00:51:19', '2018-07-11 00:51:19'),
(1559, 232, 'Nama', NULL, 0, 0, 0, 0, 0, 1, 1, 0, '2018-07-11 00:51:19', '2018-07-11 00:51:19'),
(1560, 232, 'Kontak', NULL, 0, 0, 0, 0, 0, 1, 1, 1, '2018-07-11 00:51:19', '2018-07-11 00:51:19'),
(1561, 232, 'Alamat', NULL, 0, 0, 0, 0, 0, 1, 1, 2, '2018-07-11 00:51:19', '2018-07-11 00:51:19'),
(1562, 232, 'Biaya', NULL, 0, 0, 0, 0, 1, 1, 1, 3, '2018-07-11 00:51:19', '2018-07-11 00:51:19'),
(1563, 232, 'Contoh Perias Wajah', NULL, 0, 1, 0, 1, 0, 1, 1, 4, '2018-07-11 00:51:19', '2018-07-11 00:51:19'),
(1564, 232, 'Tema', NULL, 0, 0, 0, 0, 0, 1, 1, 5, '2018-07-11 00:51:19', '2018-07-11 00:51:19'),
(1565, 232, 'Catatan', NULL, 1, 0, 0, 1, 0, 1, 1, 6, '2018-07-11 00:51:19', '2018-07-11 00:51:19'),
(1566, 233, 'Nama', NULL, 0, 0, 0, 0, 0, 1, 1, 0, '2018-07-11 00:51:19', '2018-07-11 00:51:19'),
(1567, 233, 'Kontak', NULL, 0, 0, 0, 0, 0, 1, 1, 1, '2018-07-11 00:51:19', '2018-07-11 00:51:19'),
(1568, 233, 'Alamat', NULL, 0, 0, 0, 0, 0, 1, 1, 2, '2018-07-11 00:51:19', '2018-07-11 00:51:19'),
(1569, 233, 'Biaya', NULL, 0, 0, 0, 0, 1, 1, 1, 3, '2018-07-11 00:51:19', '2018-07-11 00:51:19'),
(1570, 233, 'Contoh Makanan', NULL, 0, 1, 0, 1, 0, 1, 1, 4, '2018-07-11 00:51:19', '2018-07-11 00:51:19'),
(1571, 233, 'Nama Makanan', NULL, 0, 0, 0, 0, 0, 1, 1, 5, '2018-07-11 00:51:19', '2018-07-11 00:51:19'),
(1572, 233, 'Catatan', NULL, 1, 0, 0, 1, 0, 1, 1, 6, '2018-07-11 00:51:19', '2018-07-11 00:51:19'),
(1573, 234, 'Nama', NULL, 0, 0, 0, 0, 0, 1, 1, 0, '2018-07-11 00:51:19', '2018-07-11 00:51:19'),
(1574, 234, 'Kontak', NULL, 0, 0, 0, 0, 0, 1, 1, 1, '2018-07-11 00:51:19', '2018-07-11 00:51:19'),
(1575, 234, 'Alamat', NULL, 0, 0, 0, 0, 0, 1, 1, 2, '2018-07-11 00:51:19', '2018-07-11 00:51:19'),
(1576, 234, 'Biaya', NULL, 0, 0, 0, 0, 1, 1, 1, 3, '2018-07-11 00:51:19', '2018-07-11 00:51:19'),
(1577, 234, 'Contoh', NULL, 0, 1, 0, 1, 0, 1, 1, 4, '2018-07-11 00:51:19', '2018-07-11 00:51:19'),
(1578, 234, 'Isi Undangan', NULL, 0, 0, 0, 0, 0, 1, 1, 5, '2018-07-11 00:51:19', '2018-07-11 00:51:19'),
(1579, 234, 'Catatan', NULL, 1, 0, 0, 1, 0, 1, 1, 6, '2018-07-11 00:51:19', '2018-07-11 00:51:19'),
(1580, 235, 'Nama', NULL, 0, 0, 0, 0, 0, 1, 1, 0, '2018-07-11 00:51:19', '2018-07-11 00:51:19'),
(1581, 235, 'Kontak', NULL, 0, 0, 0, 0, 0, 1, 1, 1, '2018-07-11 00:51:19', '2018-07-11 00:51:19'),
(1582, 235, 'Alamat', NULL, 0, 0, 0, 0, 0, 1, 1, 2, '2018-07-11 00:51:19', '2018-07-11 00:51:19'),
(1583, 235, 'Biaya', NULL, 0, 0, 0, 0, 1, 1, 1, 3, '2018-07-11 00:51:19', '2018-07-11 00:51:19'),
(1584, 235, 'Foto', NULL, 0, 1, 0, 1, 0, 1, 1, 4, '2018-07-11 00:51:19', '2018-07-11 00:51:19'),
(1585, 235, 'Catatan', NULL, 1, 0, 0, 1, 0, 1, 1, 5, '2018-07-11 00:51:19', '2018-07-11 00:51:19'),
(1586, 236, 'Nama', NULL, 0, 0, 0, 0, 0, 1, 1, 0, '2018-07-11 00:51:19', '2018-07-11 00:51:19'),
(1587, 236, 'Kontak', NULL, 0, 0, 0, 0, 0, 1, 1, 1, '2018-07-11 00:51:19', '2018-07-11 00:51:19'),
(1588, 236, 'Alamat', NULL, 0, 0, 0, 0, 0, 1, 1, 2, '2018-07-11 00:51:19', '2018-07-11 00:51:19'),
(1589, 236, 'Biaya', NULL, 0, 0, 0, 0, 1, 1, 1, 3, '2018-07-11 00:51:19', '2018-07-11 00:51:19'),
(1590, 236, 'Foto', NULL, 0, 1, 0, 1, 0, 1, 1, 4, '2018-07-11 00:51:19', '2018-07-11 00:51:19'),
(1591, 236, 'Catatan', NULL, 1, 0, 0, 1, 0, 1, 1, 5, '2018-07-11 00:51:19', '2018-07-11 00:51:19'),
(1592, 237, 'Nama Vendor', NULL, 0, 0, 0, 0, 0, 1, 1, 0, '2018-07-11 00:51:19', '2018-07-11 00:51:19'),
(1593, 237, 'Kontak', NULL, 0, 0, 0, 0, 0, 1, 1, 1, '2018-07-11 00:51:19', '2018-07-11 00:51:19'),
(1594, 237, 'Alamat', NULL, 0, 0, 0, 0, 0, 1, 1, 2, '2018-07-11 00:51:19', '2018-07-11 00:51:19'),
(1595, 237, 'Biaya', NULL, 0, 0, 0, 0, 1, 1, 1, 3, '2018-07-11 00:51:19', '2018-07-11 00:51:19'),
(1596, 237, 'Catatan', NULL, 1, 0, 0, 1, 0, 1, 1, 4, '2018-07-11 00:51:19', '2018-07-11 00:51:19'),
(1597, 238, 'Nama Dekorator', NULL, 0, 0, 0, 0, 0, 1, 1, 0, '2018-07-11 00:51:19', '2018-07-11 00:51:19'),
(1598, 238, 'Kontak', NULL, 0, 0, 0, 0, 0, 1, 1, 1, '2018-07-11 00:51:19', '2018-07-11 00:51:19'),
(1599, 238, 'Alamat', NULL, 0, 0, 0, 0, 0, 1, 1, 2, '2018-07-11 00:51:19', '2018-07-11 00:51:19'),
(1600, 238, 'Biaya', NULL, 0, 0, 0, 0, 1, 1, 1, 3, '2018-07-11 00:51:19', '2018-07-11 00:51:19'),
(1601, 238, 'Foto Acuan Dekorasi', NULL, 0, 1, 0, 1, 0, 1, 1, 4, '2018-07-11 00:51:19', '2018-07-11 00:51:19'),
(1602, 238, 'Tema Dekorasi', NULL, 0, 0, 0, 0, 0, 1, 1, 5, '2018-07-11 00:51:19', '2018-07-11 00:51:19'),
(1603, 238, 'Nuansa Warna Bunga', NULL, 0, 0, 0, 0, 0, 1, 1, 6, '2018-07-11 00:51:19', '2018-07-11 00:51:19'),
(1604, 238, 'Nuansa Warna Dekorasi', NULL, 0, 0, 0, 0, 0, 1, 1, 7, '2018-07-11 00:51:19', '2018-07-11 00:51:19'),
(1605, 238, 'Kain Dekorasi', NULL, 0, 0, 0, 0, 0, 1, 1, 8, '2018-07-11 00:51:19', '2018-07-11 00:51:19'),
(1606, 238, 'Catatan', NULL, 1, 0, 0, 1, 0, 1, 1, 9, '2018-07-11 00:51:19', '2018-07-11 00:51:19'),
(1607, 239, 'Nama', NULL, 0, 0, 0, 0, 0, 1, 1, 0, '2018-07-11 00:51:19', '2018-07-11 00:51:19'),
(1608, 239, 'Kontak', NULL, 0, 0, 0, 0, 0, 1, 1, 1, '2018-07-11 00:51:19', '2018-07-11 00:51:19'),
(1609, 239, 'Alamat', NULL, 0, 0, 0, 0, 0, 1, 1, 2, '2018-07-11 00:51:19', '2018-07-11 00:51:19'),
(1610, 239, 'Biaya', NULL, 0, 0, 0, 0, 1, 1, 1, 3, '2018-07-11 00:51:19', '2018-07-11 00:51:19'),
(1611, 239, 'Foto Lokasi Acara', NULL, 0, 1, 0, 1, 0, 1, 1, 4, '2018-07-11 00:51:19', '2018-07-11 00:51:19'),
(1612, 239, 'Catatan', NULL, 1, 0, 0, 1, 0, 1, 1, 5, '2018-07-11 00:51:19', '2018-07-11 00:51:19'),
(1613, 240, 'Nama', NULL, 0, 0, 0, 0, 0, 1, 1, 0, '2018-07-11 00:51:19', '2018-07-11 00:51:19'),
(1614, 240, 'Kontak', NULL, 0, 0, 0, 0, 0, 1, 1, 1, '2018-07-11 00:51:19', '2018-07-11 00:51:19'),
(1615, 240, 'Alamat', NULL, 0, 0, 0, 0, 0, 1, 1, 2, '2018-07-11 00:51:19', '2018-07-11 00:51:19'),
(1616, 240, 'Biaya', NULL, 0, 0, 0, 0, 1, 1, 1, 3, '2018-07-11 00:51:19', '2018-07-11 00:51:19'),
(1617, 240, 'Foto Acuan Pernikahan', NULL, 0, 1, 0, 1, 0, 1, 1, 4, '2018-07-11 00:51:19', '2018-07-11 00:51:19'),
(1618, 240, 'Catatan', NULL, 1, 0, 0, 1, 0, 1, 1, 5, '2018-07-11 00:51:19', '2018-07-11 00:51:19'),
(1619, 241, 'Nama', NULL, 0, 0, 0, 0, 0, 1, 1, 0, '2018-07-11 00:51:19', '2018-07-11 00:51:19'),
(1620, 241, 'Kontak', NULL, 0, 0, 0, 0, 0, 1, 1, 1, '2018-07-11 00:51:19', '2018-07-11 00:51:19'),
(1621, 241, 'Alamat', NULL, 0, 0, 0, 0, 0, 1, 1, 2, '2018-07-11 00:51:19', '2018-07-11 00:51:19'),
(1622, 241, 'Biaya', NULL, 0, 0, 0, 0, 1, 1, 1, 3, '2018-07-11 00:51:19', '2018-07-11 00:51:19'),
(1623, 241, 'Video Acuan Pernikahan', NULL, 0, 0, 1, 1, 0, 1, 1, 4, '2018-07-11 00:51:19', '2018-07-11 00:51:19'),
(1624, 241, 'Tema Video', NULL, 0, 0, 0, 0, 0, 1, 1, 5, '2018-07-11 00:51:19', '2018-07-11 00:51:19'),
(1625, 241, 'Catatan', NULL, 1, 0, 0, 1, 0, 1, 1, 6, '2018-07-11 00:51:19', '2018-07-11 00:51:19'),
(1626, 242, 'Nama', NULL, 0, 0, 0, 0, 0, 1, 1, 0, '2018-07-11 00:51:19', '2018-07-11 00:51:19'),
(1627, 242, 'Kontak', NULL, 0, 0, 0, 0, 0, 1, 1, 1, '2018-07-11 00:51:19', '2018-07-11 00:51:19'),
(1628, 242, 'Alamat', NULL, 0, 0, 0, 0, 0, 1, 1, 2, '2018-07-11 00:51:19', '2018-07-11 00:51:19'),
(1629, 242, 'Biaya', NULL, 0, 0, 0, 0, 1, 1, 1, 3, '2018-07-11 00:51:19', '2018-07-11 00:51:19'),
(1630, 242, 'Tema Busana', NULL, 0, 0, 0, 0, 0, 1, 1, 4, '2018-07-11 00:51:19', '2018-07-11 00:51:19'),
(1631, 242, 'Nuansa Warna', NULL, 0, 0, 0, 0, 0, 1, 1, 5, '2018-07-11 00:51:19', '2018-07-11 00:51:19'),
(1632, 242, 'Catatan', NULL, 1, 0, 0, 1, 0, 1, 1, 6, '2018-07-11 00:51:19', '2018-07-11 00:51:19'),
(1633, 243, 'Nama', NULL, 0, 0, 0, 0, 0, 1, 1, 0, '2018-07-11 00:51:19', '2018-07-11 00:51:19'),
(1634, 243, 'Kontak', NULL, 0, 0, 0, 0, 0, 1, 1, 1, '2018-07-11 00:51:19', '2018-07-11 00:51:19'),
(1635, 243, 'Alamat', NULL, 0, 0, 0, 0, 0, 1, 1, 2, '2018-07-11 00:51:19', '2018-07-11 00:51:19'),
(1636, 243, 'Biaya', NULL, 0, 0, 0, 0, 1, 1, 1, 3, '2018-07-11 00:51:19', '2018-07-11 00:51:19'),
(1637, 243, 'Tema Busana', NULL, 0, 0, 0, 0, 0, 1, 1, 4, '2018-07-11 00:51:19', '2018-07-11 00:51:19'),
(1638, 243, 'Nuansa Warna', NULL, 0, 0, 0, 0, 0, 1, 1, 5, '2018-07-11 00:51:19', '2018-07-11 00:51:19'),
(1639, 243, 'Catatan', NULL, 1, 0, 0, 1, 0, 1, 1, 6, '2018-07-11 00:51:19', '2018-07-11 00:51:19'),
(1640, 244, 'Nama', NULL, 0, 0, 0, 0, 0, 1, 1, 0, '2018-07-11 00:51:19', '2018-07-11 00:51:19'),
(1641, 244, 'Kontak', NULL, 0, 0, 0, 0, 0, 1, 1, 1, '2018-07-11 00:51:19', '2018-07-11 00:51:19'),
(1642, 244, 'Alamat', NULL, 0, 0, 0, 0, 0, 1, 1, 2, '2018-07-11 00:51:19', '2018-07-11 00:51:19'),
(1643, 244, 'Biaya', NULL, 0, 0, 0, 0, 1, 1, 1, 3, '2018-07-11 00:51:19', '2018-07-11 00:51:19'),
(1644, 244, 'Tema Busana', NULL, 0, 0, 0, 0, 0, 1, 1, 4, '2018-07-11 00:51:19', '2018-07-11 00:51:19'),
(1645, 244, 'Nuansa Warna', NULL, 0, 0, 0, 0, 0, 1, 1, 5, '2018-07-11 00:51:19', '2018-07-11 00:51:19'),
(1646, 244, 'Catatan', NULL, 1, 0, 0, 1, 0, 1, 1, 6, '2018-07-11 00:51:19', '2018-07-11 00:51:19'),
(1647, 245, 'Nama', NULL, 0, 0, 0, 0, 0, 1, 1, 0, '2018-07-11 00:51:19', '2018-07-11 00:51:19'),
(1648, 245, 'Kontak', NULL, 0, 0, 0, 0, 0, 1, 1, 1, '2018-07-11 00:51:19', '2018-07-11 00:51:19'),
(1649, 245, 'Alamat', NULL, 0, 0, 0, 0, 0, 1, 1, 2, '2018-07-11 00:51:19', '2018-07-11 00:51:19'),
(1650, 245, 'Biaya', NULL, 0, 0, 0, 0, 1, 1, 1, 3, '2018-07-11 00:51:19', '2018-07-11 00:51:19'),
(1651, 245, 'Contoh Aksesoris', NULL, 0, 1, 0, 1, 0, 1, 1, 4, '2018-07-11 00:51:19', '2018-07-11 00:51:19'),
(1652, 245, 'Tema', NULL, 0, 0, 0, 0, 0, 1, 1, 5, '2018-07-11 00:51:19', '2018-07-11 00:51:19'),
(1653, 245, 'Catatan', NULL, 1, 0, 0, 1, 0, 1, 1, 6, '2018-07-11 00:51:19', '2018-07-11 00:51:19'),
(1654, 246, 'Nama', NULL, 0, 0, 0, 0, 0, 1, 1, 0, '2018-07-11 00:51:19', '2018-07-11 00:51:19'),
(1655, 246, 'Kontak', NULL, 0, 0, 0, 0, 0, 1, 1, 1, '2018-07-11 00:51:19', '2018-07-11 00:51:19'),
(1656, 246, 'Alamat', NULL, 0, 0, 0, 0, 0, 1, 1, 2, '2018-07-11 00:51:19', '2018-07-11 00:51:19'),
(1657, 246, 'Biaya', NULL, 0, 0, 0, 0, 1, 1, 1, 3, '2018-07-11 00:51:19', '2018-07-11 00:51:19'),
(1658, 246, 'Contoh Perias Wajah', NULL, 0, 1, 0, 1, 0, 1, 1, 4, '2018-07-11 00:51:19', '2018-07-11 00:51:19'),
(1659, 246, 'Tema', NULL, 0, 0, 0, 0, 0, 1, 1, 5, '2018-07-11 00:51:19', '2018-07-11 00:51:19'),
(1660, 246, 'Catatan', NULL, 1, 0, 0, 1, 0, 1, 1, 6, '2018-07-11 00:51:19', '2018-07-11 00:51:19'),
(1661, 247, 'Nama', NULL, 0, 0, 0, 0, 0, 1, 1, 0, '2018-07-11 00:51:19', '2018-07-11 00:51:19'),
(1662, 247, 'Kontak', NULL, 0, 0, 0, 0, 0, 1, 1, 1, '2018-07-11 00:51:19', '2018-07-11 00:51:19'),
(1663, 247, 'Alamat', NULL, 0, 0, 0, 0, 0, 1, 1, 2, '2018-07-11 00:51:19', '2018-07-11 00:51:19'),
(1664, 247, 'Biaya', NULL, 0, 0, 0, 0, 1, 1, 1, 3, '2018-07-11 00:51:19', '2018-07-11 00:51:19'),
(1665, 247, 'Contoh Makanan', NULL, 0, 1, 0, 1, 0, 1, 1, 4, '2018-07-11 00:51:19', '2018-07-11 00:51:19'),
(1666, 247, 'Nama Makanan', NULL, 0, 0, 0, 0, 0, 1, 1, 5, '2018-07-11 00:51:19', '2018-07-11 00:51:19'),
(1667, 247, 'Catatan', NULL, 1, 0, 0, 1, 0, 1, 1, 6, '2018-07-11 00:51:19', '2018-07-11 00:51:19'),
(1668, 248, 'Nama', NULL, 0, 0, 0, 0, 0, 1, 1, 0, '2018-07-11 00:51:19', '2018-07-11 00:51:19'),
(1669, 248, 'Kontak', NULL, 0, 0, 0, 0, 0, 1, 1, 1, '2018-07-11 00:51:19', '2018-07-11 00:51:19'),
(1670, 248, 'Alamat', NULL, 0, 0, 0, 0, 0, 1, 1, 2, '2018-07-11 00:51:19', '2018-07-11 00:51:19'),
(1671, 248, 'Biaya', NULL, 0, 0, 0, 0, 1, 1, 1, 3, '2018-07-11 00:51:19', '2018-07-11 00:51:19'),
(1672, 248, 'Contoh', NULL, 0, 1, 0, 1, 0, 1, 1, 4, '2018-07-11 00:51:19', '2018-07-11 00:51:19'),
(1673, 248, 'Isi Undangan', NULL, 0, 0, 0, 0, 0, 1, 1, 5, '2018-07-11 00:51:19', '2018-07-11 00:51:19'),
(1674, 248, 'Catatan', NULL, 1, 0, 0, 1, 0, 1, 1, 6, '2018-07-11 00:51:19', '2018-07-11 00:51:19'),
(1675, 249, 'Lokasi', NULL, 0, 0, 0, 0, 0, 1, 1, 0, '2018-07-11 00:51:19', '2018-07-11 00:51:19'),
(1676, 249, 'Tanggal', NULL, 0, 0, 0, 0, 0, 1, 1, 1, '2018-07-11 00:51:19', '2018-07-11 00:51:19'),
(1677, 249, 'Alamat', NULL, 0, 0, 0, 0, 0, 1, 1, 2, '2018-07-11 00:51:19', '2018-07-11 00:51:19'),
(1678, 249, 'Biaya', NULL, 0, 0, 0, 0, 1, 1, 1, 3, '2018-07-11 00:51:19', '2018-07-11 00:51:19'),
(1679, 249, 'Foto', NULL, 0, 1, 0, 1, 0, 1, 1, 4, '2018-07-11 00:51:19', '2018-07-11 00:51:19'),
(1680, 249, 'Catatan', NULL, 1, 0, 0, 1, 0, 1, 1, 5, '2018-07-11 00:51:19', '2018-07-11 00:51:19'),
(1681, 250, 'Nama', NULL, 0, 0, 0, 0, 0, 1, 1, 0, '2018-07-11 00:51:19', '2018-07-11 00:51:19'),
(1682, 250, 'Kontak', NULL, 0, 0, 0, 0, 0, 1, 1, 1, '2018-07-11 00:51:19', '2018-07-11 00:51:19'),
(1683, 250, 'Alamat', NULL, 0, 0, 0, 0, 0, 1, 1, 2, '2018-07-11 00:51:19', '2018-07-11 00:51:19'),
(1684, 250, 'Biaya', NULL, 0, 0, 0, 0, 1, 1, 1, 3, '2018-07-11 00:51:19', '2018-07-11 00:51:19'),
(1685, 250, 'Foto', NULL, 0, 1, 0, 1, 0, 1, 1, 4, '2018-07-11 00:51:19', '2018-07-11 00:51:19'),
(1686, 250, 'Catatan', NULL, 1, 0, 0, 1, 0, 1, 1, 5, '2018-07-11 00:51:19', '2018-07-11 00:51:19'),
(1687, 251, 'Nama', NULL, 0, 0, 0, 0, 0, 1, 1, 0, '2018-07-11 00:51:19', '2018-07-11 00:51:19'),
(1688, 251, 'Kontak', NULL, 0, 0, 0, 0, 0, 1, 1, 1, '2018-07-11 00:51:19', '2018-07-11 00:51:19'),
(1689, 251, 'Alamat', NULL, 0, 0, 0, 0, 0, 1, 1, 2, '2018-07-11 00:51:19', '2018-07-11 00:51:19'),
(1690, 251, 'Biaya', NULL, 0, 0, 0, 0, 1, 1, 1, 3, '2018-07-11 00:51:19', '2018-07-11 00:51:19'),
(1691, 251, 'Foto', NULL, 0, 1, 0, 1, 0, 1, 1, 4, '2018-07-11 00:51:19', '2018-07-11 00:51:19'),
(1692, 251, 'Catatan', NULL, 1, 0, 0, 1, 0, 1, 1, 5, '2018-07-11 00:51:19', '2018-07-11 00:51:19'),
(1693, 252, 'Lokasi', NULL, 0, 0, 0, 0, 0, 1, 1, 0, '2018-07-11 00:51:19', '2018-07-11 00:51:19'),
(1694, 252, 'Tanggal', NULL, 0, 0, 0, 0, 0, 1, 1, 1, '2018-07-11 00:51:19', '2018-07-11 00:51:19'),
(1695, 252, 'Hotel', NULL, 0, 0, 0, 0, 0, 1, 1, 2, '2018-07-11 00:51:19', '2018-07-11 00:51:19'),
(1696, 252, 'Biaya', NULL, 0, 0, 0, 0, 1, 1, 1, 3, '2018-07-11 00:51:19', '2018-07-11 00:51:19'),
(1697, 252, 'Foto Lokasi', NULL, 0, 1, 0, 1, 0, 1, 1, 4, '2018-07-11 00:51:19', '2018-07-11 00:51:19'),
(1698, 252, 'Catatan', NULL, 1, 0, 0, 1, 0, 1, 1, 5, '2018-07-11 00:51:19', '2018-07-11 00:51:19');

-- --------------------------------------------------------

--
-- Struktur dari tabel `content_detail_list`
--

CREATE TABLE `content_detail_list` (
  `id` int(11) NOT NULL,
  `content_detail_id` int(11) NOT NULL,
  `name` varchar(255) DEFAULT NULL,
  `value` text,
  `status` smallint(6) NOT NULL DEFAULT '1',
  `order` smallint(6) NOT NULL,
  `created_at` timestamp NULL DEFAULT NULL,
  `updated_at` timestamp NULL DEFAULT NULL
) ENGINE=InnoDB DEFAULT CHARSET=latin1;

-- --------------------------------------------------------

--
-- Struktur dari tabel `message`
--

CREATE TABLE `message` (
  `id` int(11) NOT NULL,
  `user_relation_id` bigint(20) DEFAULT NULL,
  `name` varchar(255) COLLATE utf8mb4_unicode_ci NOT NULL,
  `file` varchar(255) COLLATE utf8mb4_unicode_ci NOT NULL,
  `description` text COLLATE utf8mb4_unicode_ci NOT NULL,
  `start_date` date DEFAULT NULL,
  `end_date` date DEFAULT NULL,
  `is_all_date` smallint(6) NOT NULL DEFAULT '0',
  `message_at` timestamp NULL DEFAULT NULL,
  `status` smallint(6) NOT NULL,
  `created_at` timestamp NULL DEFAULT NULL,
  `updated_at` timestamp NULL DEFAULT NULL
) ENGINE=InnoDB DEFAULT CHARSET=utf8mb4 COLLATE=utf8mb4_unicode_ci;

--
-- Dumping data untuk tabel `message`
--

INSERT INTO `message` (`id`, `user_relation_id`, `name`, `file`, `description`, `start_date`, `end_date`, `is_all_date`, `message_at`, `status`, `created_at`, `updated_at`) VALUES
(1, 1, 'Persiapan: Gwjwb', 'default.jpg', 'Tanggal 03 Jul 2018 16:02 dan bertempat di Gsisb', '2018-07-03', '2018-07-04', 0, '2018-07-03 08:00:02', 1, '2018-07-03 08:00:02', '2018-07-03 08:00:02');

-- --------------------------------------------------------

--
-- Struktur dari tabel `migrations`
--

CREATE TABLE `migrations` (
  `id` int(10) UNSIGNED NOT NULL,
  `migration` varchar(255) COLLATE utf8mb4_unicode_ci NOT NULL,
  `batch` int(11) NOT NULL
) ENGINE=InnoDB DEFAULT CHARSET=utf8mb4 COLLATE=utf8mb4_unicode_ci;

-- --------------------------------------------------------

--
-- Struktur dari tabel `page`
--

CREATE TABLE `page` (
  `id` int(11) NOT NULL,
  `category` smallint(6) NOT NULL,
  `name` varchar(600) COLLATE utf8mb4_unicode_ci NOT NULL,
  `description` text COLLATE utf8mb4_unicode_ci NOT NULL,
  `created_at` timestamp NULL DEFAULT NULL,
  `updated_at` timestamp NULL DEFAULT NULL
) ENGINE=InnoDB DEFAULT CHARSET=utf8mb4 COLLATE=utf8mb4_unicode_ci;

--
-- Dumping data untuk tabel `page`
--

INSERT INTO `page` (`id`, `category`, `name`, `description`, `created_at`, `updated_at`) VALUES
(1, 1, 'Kebijakan Privasi', '<p>Agenda Nikah. (*Agenda Nikah*, *kami*, *KITA*) menawarkan aplikasi selullar AGENDA NIKAH. Antara lain bertujuan untuk sebagai acuan/catatan bagi pasangan calon pengantin. Dalam bentuk aplikasi seluler (*APLIKASI*) dan bersama situs-situs yang terkait didalamnya disebut sebagai (*LAYANAN*). Kami berharap Anda memahami secara jelas bagaimana kami, berdasarkan kebijakan privasi, menggunakan informasi anda saat anda menggunakan Layanan kami, serta hak opsi yang tersedia untuk anda sesuai dengan informasi Anda.</p>\r\n<br/>\r\n<h4>Sorotan Kebijakan:</h4>\r\n<p>Aspek Kebijakan Privasi ini disoroti hanya demi kenyamanan dan pelengkap bagi anda, namun tidak menggantikan, kebijakan Privasi lengkap.</p>', '2018-02-24 02:48:34', '2018-02-24 02:08:13'),
(2, 2, 'Tentang Kami', '<br/><br/>\r\n<h3>Agenda Nikah</h3>\r\n<br/>\r\n<p>Agenda Nikah adalah aplikasi seluler yang bertujuan untukmenjadi acuan/catatan bagi calon pengantin yang didalamnya terdapat kolom-kolom yang dapat diisi sendiri oleh kedua calon Pengantin.</p>\r\n<p>Dibuat oleh anak bangsa Indonesia untuk Indonesia</p>\r\n<br/><br/><br/><br/>\r\n<p>corner70.group 2018</p>', '2018-02-24 02:48:50', '2018-02-24 02:10:06'),
(3, 3, 'Ketentuan Penggunaan', '<p>Aplikasi seluler ini bertujuan untuk anda yang membutuhkan Acuan/catatan sebelum acara Pernikahan</p>\r\n<h4>DAPAT DIAKSES OLEH PASANGAN</h4>\r\n<p>Sistem kami akan menghubungkan anda dengan pasangan anda dan dapat bersama melihat/menambah isi (catatan) kedalam aplikasi ini dalam akses dua jalur secara real time.</p>\r\n<h4>LIST VENDOR</h4>\r\n<p>Kami menambahkan list VENDOR kedalam aplikasi ini sehingga dapat memudahkan kepada calon pengantin untuk mendapat INFO lebih tentang Vendor Vendor yang dibutuhkan.</p>\r\n<h4>KALKULASI BIAYA</h4>\r\n<p>Kami juga memberikan fitur kalkulasi anggaran BIAYA yang dapat menghitung TOTAL keseluruhan dari biaya. Biaya yang telah dimasukan calon pengantin menjadi JUMLAH TOTAL biaya keseluruhan acara.</p>', '2018-03-08 04:54:42', NULL);

-- --------------------------------------------------------

--
-- Struktur dari tabel `procedure`
--

CREATE TABLE `procedure` (
  `id` int(11) NOT NULL,
  `name` varchar(255) NOT NULL,
  `description` varchar(600) DEFAULT NULL,
  `status` smallint(6) NOT NULL DEFAULT '1',
  `order` smallint(6) NOT NULL,
  `created_at` timestamp NULL DEFAULT NULL,
  `updated_at` timestamp NULL DEFAULT NULL
) ENGINE=InnoDB DEFAULT CHARSET=latin1;

--
-- Dumping data untuk tabel `procedure`
--

INSERT INTO `procedure` (`id`, `name`, `description`, `status`, `order`, `created_at`, `updated_at`) VALUES
(1, 'RT/RW', 'Mengurus surat pengantar nikah untuk dibawa ke kelurahan', 1, 0, '2018-02-20 03:00:00', '2018-02-24 01:54:01'),
(2, 'KELURAHAN', 'Mengurus surat pengantar untuk dibawa ke KUA kecamatan', 1, 1, '2018-02-20 03:00:00', '2018-02-24 01:54:01'),
(3, 'KUA KECAMATAN', 'Mengurus surat pengantar rekomendasi nikah untuk dibawa ke KUA kecamatan akad nikah', 1, 2, '2018-02-20 03:00:00', '2018-02-24 01:54:01'),
(4, 'KUA KECAMATAN', 'Pendaftaran nikah di KUA tempat dilaksanakannya akad nikah', 1, 3, '2018-02-20 03:00:00', '2018-02-24 01:54:01'),
(5, 'Akad di KUA KECAMATAN (Biaya nikah gratis)', 'Akad di luar KUA KECAMATAN (Membayar Rp 600.000 di bank persepsi yang ada diwilayah KUA akad nikah', 1, 4, '2018-02-20 03:00:00', '2018-02-24 01:54:01'),
(6, '', 'Menyerahkan slip setoran biaya nikah ke KUA tempat akad nikah', 1, 5, '2018-02-20 03:00:00', '2018-02-24 01:54:01'),
(7, 'KUA KECAMATAN', 'Pemerikasaan data nikah calon pengantin & wali nikah di tempat akad nikah', 1, 6, '2018-02-20 03:00:00', '2018-02-24 01:54:01'),
(8, 'LOKASI NIKAH', 'Pelaksanaan akad nikah & penyerahan buku nikah', 1, 7, '2018-02-20 03:00:00', '2018-02-24 01:54:01');

-- --------------------------------------------------------

--
-- Struktur dari tabel `procedure_administration`
--

CREATE TABLE `procedure_administration` (
  `id` int(11) NOT NULL,
  `user_relation_id` bigint(20) NOT NULL,
  `user_id` bigint(20) UNSIGNED NOT NULL,
  `procedure_id` int(11) NOT NULL,
  `checklist` smallint(1) NOT NULL,
  `created_at` timestamp NULL DEFAULT NULL,
  `updated_at` timestamp NULL DEFAULT NULL
) ENGINE=InnoDB DEFAULT CHARSET=latin1;

--
-- Dumping data untuk tabel `procedure_administration`
--

INSERT INTO `procedure_administration` (`id`, `user_relation_id`, `user_id`, `procedure_id`, `checklist`, `created_at`, `updated_at`) VALUES
(1, 2, 4, 4, 0, '2018-05-31 02:05:19', '2018-05-31 02:05:22'),
(2, 1, 2, 1, 1, '2018-05-31 02:27:05', '2018-07-06 07:25:16'),
(3, 1, 2, 2, 0, '2018-05-31 02:27:08', '2018-07-10 08:52:48'),
(4, 1, 2, 3, 0, '2018-05-31 02:27:10', '2018-07-10 08:52:46'),
(5, 1, 2, 4, 0, '2018-05-31 02:27:12', '2018-07-10 08:52:45'),
(6, 1, 2, 8, 0, '2018-05-31 02:27:26', '2018-07-10 08:52:38'),
(7, 1, 2, 7, 0, '2018-05-31 02:27:28', '2018-07-10 08:52:39'),
(8, 1, 2, 6, 0, '2018-05-31 02:27:31', '2018-07-10 08:52:41'),
(9, 1, 2, 5, 0, '2018-05-31 02:27:33', '2018-07-10 08:52:43'),
(10, 3, 6, 1, 0, '2018-06-04 02:05:01', '2018-06-04 02:05:03');

-- --------------------------------------------------------

--
-- Struktur dari tabel `procedure_payment`
--

CREATE TABLE `procedure_payment` (
  `id` int(11) NOT NULL,
  `user_relation_id` bigint(20) NOT NULL,
  `user_id` bigint(20) UNSIGNED NOT NULL,
  `name` varchar(100) NOT NULL,
  `description` text,
  `account_number` varchar(50) DEFAULT NULL,
  `account_bank` varchar(50) DEFAULT NULL,
  `account_holder` varchar(100) DEFAULT NULL,
  `payment_total` decimal(10,0) NOT NULL,
  `installment_total_1` decimal(14,0) DEFAULT '0',
  `installment_total_2` decimal(14,0) DEFAULT '0',
  `installment_total_3` decimal(14,0) DEFAULT '0',
  `installment_date_1` date DEFAULT NULL,
  `installment_date_2` date DEFAULT NULL,
  `installment_date_3` date DEFAULT NULL,
  `created_at` timestamp NULL DEFAULT NULL,
  `updated_at` timestamp NULL DEFAULT NULL
) ENGINE=InnoDB DEFAULT CHARSET=latin1;

--
-- Dumping data untuk tabel `procedure_payment`
--

INSERT INTO `procedure_payment` (`id`, `user_relation_id`, `user_id`, `name`, `description`, `account_number`, `account_bank`, `account_holder`, `payment_total`, `installment_total_1`, `installment_total_2`, `installment_total_3`, `installment_date_1`, `installment_date_2`, `installment_date_3`, `created_at`, `updated_at`) VALUES
(1, 3, 6, 'Dp dekorasi', NULL, '0080865775', 'Bca', 'Annisa', '80000000', '20000000', '30000000', '30000000', '2018-06-06', '2018-12-06', '2019-02-06', '2018-06-04 02:07:41', '2018-06-04 02:07:41'),
(4, 1, 2, 'Photography', NULL, '987654321', 'BCA', 'Hendra', '17000000', '10000000', '5000000', '2000000', '2018-08-21', '2018-09-20', '2018-12-10', '2018-07-10 08:48:30', '2018-07-10 08:48:30');

-- --------------------------------------------------------

--
-- Struktur dari tabel `procedure_preparation`
--

CREATE TABLE `procedure_preparation` (
  `id` int(11) NOT NULL,
  `user_relation_id` bigint(20) NOT NULL,
  `user_id` bigint(20) UNSIGNED NOT NULL,
  `name` varchar(100) NOT NULL,
  `venue` varchar(100) NOT NULL,
  `preparation_at` timestamp NULL DEFAULT NULL,
  `created_at` timestamp NULL DEFAULT NULL,
  `updated_at` timestamp NULL DEFAULT NULL
) ENGINE=InnoDB DEFAULT CHARSET=latin1;

--
-- Dumping data untuk tabel `procedure_preparation`
--

INSERT INTO `procedure_preparation` (`id`, `user_relation_id`, `user_id`, `name`, `venue`, `preparation_at`, `created_at`, `updated_at`) VALUES
(1, 3, 6, 'Survey lokasi', 'Balai Kartini', '2018-06-07 02:05:00', '2018-06-04 02:05:47', '2018-06-04 02:05:47'),
(7, 1, 2, 'Meeting vendor', 'Starbuck', '2018-08-31 01:44:00', '2018-07-10 08:44:40', '2018-07-10 08:44:40');

-- --------------------------------------------------------

--
-- Struktur dari tabel `report_problem`
--

CREATE TABLE `report_problem` (
  `id` int(11) NOT NULL,
  `user_id` bigint(20) NOT NULL,
  `category` smallint(6) NOT NULL,
  `description` text COLLATE utf8mb4_unicode_ci NOT NULL,
  `status` smallint(6) NOT NULL DEFAULT '1',
  `created_at` timestamp NULL DEFAULT NULL,
  `updated_at` timestamp NULL DEFAULT NULL
) ENGINE=InnoDB DEFAULT CHARSET=utf8mb4 COLLATE=utf8mb4_unicode_ci;

-- --------------------------------------------------------

--
-- Struktur dari tabel `user`
--

CREATE TABLE `user` (
  `id` bigint(20) UNSIGNED NOT NULL,
  `name` varchar(255) COLLATE utf8mb4_unicode_ci DEFAULT NULL,
  `gender` smallint(6) DEFAULT NULL,
  `email` varchar(255) COLLATE utf8mb4_unicode_ci NOT NULL,
  `phone` varchar(30) COLLATE utf8mb4_unicode_ci DEFAULT NULL,
  `password` varchar(255) COLLATE utf8mb4_unicode_ci DEFAULT NULL,
  `remember_token` varchar(255) COLLATE utf8mb4_unicode_ci DEFAULT NULL,
  `user_id_token` varchar(255) COLLATE utf8mb4_unicode_ci DEFAULT NULL,
  `firebase_token` varchar(255) COLLATE utf8mb4_unicode_ci DEFAULT NULL,
  `device_number` varchar(255) COLLATE utf8mb4_unicode_ci DEFAULT NULL,
  `registered_device_number` varchar(255) COLLATE utf8mb4_unicode_ci DEFAULT NULL,
  `registered_token` text COLLATE utf8mb4_unicode_ci,
  `registered_at` timestamp NULL DEFAULT NULL,
  `forgot_token` text COLLATE utf8mb4_unicode_ci,
  `token` text COLLATE utf8mb4_unicode_ci,
  `status` smallint(6) DEFAULT NULL,
  `role` smallint(6) DEFAULT NULL,
  `last_login_at` timestamp NULL DEFAULT NULL,
  `created_at` timestamp NULL DEFAULT NULL,
  `updated_at` timestamp NULL DEFAULT NULL,
  `deleted_at` timestamp NULL DEFAULT NULL
) ENGINE=InnoDB DEFAULT CHARSET=utf8mb4 COLLATE=utf8mb4_unicode_ci;

--
-- Dumping data untuk tabel `user`
--

INSERT INTO `user` (`id`, `name`, `gender`, `email`, `phone`, `password`, `remember_token`, `user_id_token`, `firebase_token`, `device_number`, `registered_device_number`, `registered_token`, `registered_at`, `forgot_token`, `token`, `status`, `role`, `last_login_at`, `created_at`, `updated_at`, `deleted_at`) VALUES
(1, 'Administrator', NULL, 'admin@agendanikah.com', NULL, '$2y$10$JxpunDrKXU8bzcuoggx4GeFqZIRABR/jyhG4IrhD8wp2ZcJFkBAZ2', 'j0MNOSPJdPK9MgVbZ7s12dt4k9ZCgKNTMh7vMgMK3BfGiLAtpz0UeLKK6TGT', NULL, NULL, NULL, NULL, NULL, NULL, NULL, NULL, 1, 1, NULL, '2018-05-17 20:31:33', '2018-05-17 20:31:33', NULL),
(2, 'Hendri Gunawan', 1, 'hendri.gnw@gmail.com', '08561471500', '$2y$10$VoG3zu4SqURc/gfAtH2at.Rg.1KLxi4dmKPBnLudcqVYD3ayA805y', NULL, '1bdcf19f-9152-4bb2-b6c6-8caaaa893227', 'APA91bGo5L-dutJ9B9h6VsSNwcXCCtAU7Ahgu6sSdSJggxiLHc7-6-ulgfvpYkmNdg5E9iCV-x8iNPu9R1c0Rk-sHIx-3p1n2LVfKZBMhQLyaCDBFzqidb5c0FfRILir6Ld17Fi4RQAv', '3db1b9c6f66c72a7', '3db1b9c6f66c72a7', NULL, '2018-05-31 01:25:13', NULL, 'eyJ0eXAiOiJKV1QiLCJhbGciOiJIUzI1NiJ9.eyJzdWIiOjIsImlzcyI6Imh0dHA6Ly9hZ2VuZGFuaWthaC5jb20vYXBpL3YxL2F1dGgvbG9naW4iLCJpYXQiOjE1MzEyMjI1OTEsImV4cCI6MTUzMjQzMjE5MSwibmJmIjoxNTMxMjIyNTkxLCJqdGkiOiJDVTJEYndDek5KU1RKY1lVIn0.Gh0D7wk17cP7fwFfMC6P2Z5IGrIaA7clBtOsDcUBlik', 1, 10, '2018-07-10 11:36:31', '2018-05-31 01:25:13', '2018-07-10 11:36:31', NULL),
(3, 'Wina Marlina', 0, 'winamarlina97@gmail.com', NULL, NULL, NULL, NULL, NULL, NULL, NULL, 'bVsC9mrbh4qdun9tsJqsgxSLq', NULL, NULL, NULL, 5, 10, NULL, '2018-05-31 01:25:13', '2018-05-31 01:25:13', NULL),
(4, 'Muhamaf Ega', 1, 'ega281291@gamil.com', '085771012095', '$2y$10$99IXZLnYoIv3z/EENGysteBiLzw8Je.UMmx9v1HVBLegJBmbB2irK', NULL, NULL, 'APA91bHde9bnY2c7g4e0qRb0-0Eg1W5dbIW4KWzIecjjEgFaH8KcyetOpWlJoiR9BJY9E7xGKKYqtDScDW8f8BAe8f9sOKn_U7hl0xuAt77y2P_D_hNsQHVZdhGfBafs4c4kk92bb8H5', '23483bd3789914a4', '23483bd3789914a4', NULL, '2018-05-31 02:02:46', NULL, 'eyJ0eXAiOiJKV1QiLCJhbGciOiJIUzI1NiJ9.eyJzdWIiOjQsImlzcyI6Imh0dHA6Ly9hZ2VuZGFuaWthaC5jb20vYXBpL3YxL2F1dGgvcmVnaXN0ZXIiLCJpYXQiOjE1Mjc3NTczNjgsImV4cCI6MTUyODk2Njk2OCwibmJmIjoxNTI3NzU3MzY4LCJqdGkiOiJlZENpUFhqbExCZzl3a3dZIn0.2PweKfMDXLpqcxWs2flPqEeGgXI4UxWayPQya3JXT5I', 1, 10, '2018-05-31 02:02:48', '2018-05-31 02:02:46', '2018-05-31 02:02:48', NULL),
(5, 'Endah', 0, 'jaduldong@gmail.com', NULL, NULL, NULL, NULL, NULL, NULL, NULL, 'JX9TlqKJpHtAQW0G5uL8jA8kp', NULL, NULL, NULL, 5, 10, NULL, '2018-05-31 02:02:48', '2018-05-31 02:02:48', NULL),
(6, 'Annisa Fidianti', 0, 'annisa.fidianti@gmail.com', '087888492752', '$2y$10$ejEK0Edye1OfNXfZtP4dsOOEo1Qh.AXun6ILGhFlX4Hx9W7Tcq75C', NULL, '34d27d53-580b-4025-b0c4-40482347f3b9', '105d41cf80e049d52cc6c77d430d959d200515e949c06ad55acc9e8ff4724d39', '3D56A62B-23F8-4C87-B3F9-5B38064E1F7F', '3D56A62B-23F8-4C87-B3F9-5B38064E1F7F', NULL, '2018-06-04 02:04:37', NULL, 'eyJ0eXAiOiJKV1QiLCJhbGciOiJIUzI1NiJ9.eyJzdWIiOjYsImlzcyI6Imh0dHA6Ly9hZ2VuZGFuaWthaC5jb20vYXBpL3YxL2F1dGgvbG9naW4iLCJpYXQiOjE1MzEwNDgxODcsImV4cCI6MTUzMjI1Nzc4NywibmJmIjoxNTMxMDQ4MTg3LCJqdGkiOiI3WTVjczFiV0F3cXBkQlk1In0.4SnSxgSTW4WHu-yeNVn0nRqZL3zAhloS8y4JX94hFUc', 1, 10, '2018-07-08 11:09:47', '2018-06-04 02:04:37', '2018-07-08 11:09:47', NULL),
(7, 'Fadel Assegaf', 1, 'fadilfdl@yahoo.com', NULL, NULL, NULL, NULL, NULL, NULL, NULL, 'onvEaghKdDyi69mYlxX5zYLeR', NULL, NULL, NULL, 5, 10, NULL, '2018-06-04 02:04:37', '2018-06-04 02:04:37', NULL);

-- --------------------------------------------------------

--
-- Struktur dari tabel `user_relation`
--

CREATE TABLE `user_relation` (
  `id` bigint(20) NOT NULL,
  `male_user_id` bigint(20) UNSIGNED NOT NULL,
  `female_user_id` bigint(20) UNSIGNED NOT NULL,
  `wedding_day` date DEFAULT NULL,
  `venue` varchar(255) COLLATE utf8mb4_unicode_ci DEFAULT NULL,
  `photo` varchar(100) COLLATE utf8mb4_unicode_ci DEFAULT NULL,
  `created_at` date DEFAULT NULL,
  `updated_at` date DEFAULT NULL
) ENGINE=InnoDB DEFAULT CHARSET=utf8mb4 COLLATE=utf8mb4_unicode_ci;

--
-- Dumping data untuk tabel `user_relation`
--

INSERT INTO `user_relation` (`id`, `male_user_id`, `female_user_id`, `wedding_day`, `venue`, `photo`, `created_at`, `updated_at`) VALUES
(1, 2, 3, '2018-08-31', 'Jakarta', NULL, '2018-05-31', '2018-05-31'),
(2, 4, 5, '2020-01-26', 'dimana ya.', 'endah-muhamaf-ega-090427.jpg', '2018-05-31', '2018-05-31'),
(3, 7, 6, '2019-04-06', 'Balai Kartini', NULL, '2018-06-04', '2018-06-07');

-- --------------------------------------------------------

--
-- Struktur dari tabel `user_relation_concept`
--

CREATE TABLE `user_relation_concept` (
  `id` int(11) NOT NULL,
  `user_relation_id` bigint(20) NOT NULL,
  `user_id` bigint(20) UNSIGNED NOT NULL,
  `name` varchar(100) NOT NULL,
  `status` smallint(6) NOT NULL DEFAULT '1',
  `created_at` timestamp NULL DEFAULT NULL,
  `updated_at` timestamp NULL DEFAULT NULL
) ENGINE=InnoDB DEFAULT CHARSET=latin1;

-- --------------------------------------------------------

--
-- Struktur dari tabel `vendor`
--

CREATE TABLE `vendor` (
  `id` int(11) NOT NULL,
  `category` varchar(255) COLLATE utf8mb4_unicode_ci NOT NULL,
  `name` varchar(255) COLLATE utf8mb4_unicode_ci NOT NULL,
  `description` text COLLATE utf8mb4_unicode_ci,
  `file` varchar(255) COLLATE utf8mb4_unicode_ci NOT NULL,
  `address` varchar(255) COLLATE utf8mb4_unicode_ci DEFAULT NULL,
  `phone` varchar(255) COLLATE utf8mb4_unicode_ci DEFAULT NULL,
  `instagram` varchar(255) COLLATE utf8mb4_unicode_ci DEFAULT NULL,
  `website` varchar(255) COLLATE utf8mb4_unicode_ci DEFAULT NULL,
  `status` smallint(6) NOT NULL DEFAULT '1',
  `order` smallint(6) NOT NULL,
  `created_at` timestamp NULL DEFAULT NULL,
  `updated_at` timestamp NULL DEFAULT NULL
) ENGINE=InnoDB DEFAULT CHARSET=utf8mb4 COLLATE=utf8mb4_unicode_ci;

--
-- Dumping data untuk tabel `vendor`
--

INSERT INTO `vendor` (`id`, `category`, `name`, `description`, `file`, `address`, `phone`, `instagram`, `website`, `status`, `order`, `created_at`, `updated_at`) VALUES
(1, 'Videography', 'GoFotoVideo', 'Layanan Fotografi.Videografi. Are you looking for a passionate team of photographers and videographers to capture your once-in-a-lifetime moment?', 'gofotovideo-041658.jpg', 'Komplek BPK IV, Kebon Jeruk, Jakarta Barat 11530', '+62 81286920886', 'gofotovideo', 'fofotovideo.com', 1, 0, '2018-05-17 21:16:58', '2018-05-17 21:16:58');

-- --------------------------------------------------------

--
-- Struktur dari tabel `vendor_detail`
--

CREATE TABLE `vendor_detail` (
  `id` int(11) NOT NULL,
  `vendor_id` int(11) NOT NULL,
  `name` varchar(255) COLLATE utf8mb4_unicode_ci DEFAULT NULL,
  `file` varchar(255) COLLATE utf8mb4_unicode_ci NOT NULL,
  `status` smallint(6) NOT NULL DEFAULT '1',
  `order` smallint(6) NOT NULL,
  `created_at` timestamp NULL DEFAULT NULL,
  `updated_at` timestamp NULL DEFAULT NULL
) ENGINE=InnoDB DEFAULT CHARSET=utf8mb4 COLLATE=utf8mb4_unicode_ci;

--
-- Dumping data untuk tabel `vendor_detail`
--

INSERT INTO `vendor_detail` (`id`, `vendor_id`, `name`, `file`, `status`, `order`, `created_at`, `updated_at`) VALUES
(1, 1, 'Documentation 1', 'documentation-1-060934.jpg', 1, 1, '2018-05-17 23:09:34', '2018-05-17 23:09:34');

--
-- Indexes for dumped tables
--

--
-- Indexes for table `concept`
--
ALTER TABLE `concept`
  ADD PRIMARY KEY (`id`);

--
-- Indexes for table `content`
--
ALTER TABLE `content`
  ADD PRIMARY KEY (`id`),
  ADD KEY `concept_id` (`concept_id`),
  ADD KEY `user_relation_id` (`user_relation_id`),
  ADD KEY `user_id` (`user_id`),
  ADD KEY `user_relation_concept_id` (`user_relation_concept_id`);

--
-- Indexes for table `content_detail`
--
ALTER TABLE `content_detail`
  ADD PRIMARY KEY (`id`),
  ADD KEY `content_id` (`content_id`);

--
-- Indexes for table `content_detail_list`
--
ALTER TABLE `content_detail_list`
  ADD PRIMARY KEY (`id`),
  ADD KEY `content_detail_id` (`content_detail_id`);

--
-- Indexes for table `message`
--
ALTER TABLE `message`
  ADD PRIMARY KEY (`id`),
  ADD KEY `user_relation_id` (`user_relation_id`);

--
-- Indexes for table `migrations`
--
ALTER TABLE `migrations`
  ADD PRIMARY KEY (`id`);

--
-- Indexes for table `page`
--
ALTER TABLE `page`
  ADD PRIMARY KEY (`id`);

--
-- Indexes for table `procedure`
--
ALTER TABLE `procedure`
  ADD PRIMARY KEY (`id`);

--
-- Indexes for table `procedure_administration`
--
ALTER TABLE `procedure_administration`
  ADD PRIMARY KEY (`id`),
  ADD KEY `procedure_id` (`procedure_id`),
  ADD KEY `user_relation_id` (`user_relation_id`),
  ADD KEY `user_id` (`user_id`);

--
-- Indexes for table `procedure_payment`
--
ALTER TABLE `procedure_payment`
  ADD PRIMARY KEY (`id`),
  ADD KEY `user_relation_id` (`user_relation_id`),
  ADD KEY `user_id` (`user_id`);

--
-- Indexes for table `procedure_preparation`
--
ALTER TABLE `procedure_preparation`
  ADD PRIMARY KEY (`id`),
  ADD KEY `user_relation_id` (`user_relation_id`),
  ADD KEY `user_id` (`user_id`);

--
-- Indexes for table `report_problem`
--
ALTER TABLE `report_problem`
  ADD PRIMARY KEY (`id`);

--
-- Indexes for table `user`
--
ALTER TABLE `user`
  ADD PRIMARY KEY (`id`);

--
-- Indexes for table `user_relation`
--
ALTER TABLE `user_relation`
  ADD PRIMARY KEY (`id`),
  ADD KEY `male_user_id` (`male_user_id`),
  ADD KEY `female_user_id` (`female_user_id`);

--
-- Indexes for table `user_relation_concept`
--
ALTER TABLE `user_relation_concept`
  ADD PRIMARY KEY (`id`),
  ADD KEY `user_relation_id` (`user_relation_id`),
  ADD KEY `user_id` (`user_id`);

--
-- Indexes for table `vendor`
--
ALTER TABLE `vendor`
  ADD PRIMARY KEY (`id`);

--
-- Indexes for table `vendor_detail`
--
ALTER TABLE `vendor_detail`
  ADD PRIMARY KEY (`id`),
  ADD KEY `vendor_id` (`vendor_id`);

--
-- AUTO_INCREMENT for dumped tables
--

--
-- AUTO_INCREMENT for table `concept`
--
ALTER TABLE `concept`
  MODIFY `id` int(11) NOT NULL AUTO_INCREMENT, AUTO_INCREMENT=8;
--
-- AUTO_INCREMENT for table `content`
--
ALTER TABLE `content`
  MODIFY `id` int(11) NOT NULL AUTO_INCREMENT, AUTO_INCREMENT=253;
--
-- AUTO_INCREMENT for table `content_detail`
--
ALTER TABLE `content_detail`
  MODIFY `id` int(11) NOT NULL AUTO_INCREMENT, AUTO_INCREMENT=1699;
--
-- AUTO_INCREMENT for table `content_detail_list`
--
ALTER TABLE `content_detail_list`
  MODIFY `id` int(11) NOT NULL AUTO_INCREMENT;
--
-- AUTO_INCREMENT for table `message`
--
ALTER TABLE `message`
  MODIFY `id` int(11) NOT NULL AUTO_INCREMENT, AUTO_INCREMENT=2;
--
-- AUTO_INCREMENT for table `migrations`
--
ALTER TABLE `migrations`
  MODIFY `id` int(10) UNSIGNED NOT NULL AUTO_INCREMENT;
--
-- AUTO_INCREMENT for table `page`
--
ALTER TABLE `page`
  MODIFY `id` int(11) NOT NULL AUTO_INCREMENT, AUTO_INCREMENT=4;
--
-- AUTO_INCREMENT for table `procedure`
--
ALTER TABLE `procedure`
  MODIFY `id` int(11) NOT NULL AUTO_INCREMENT, AUTO_INCREMENT=9;
--
-- AUTO_INCREMENT for table `procedure_administration`
--
ALTER TABLE `procedure_administration`
  MODIFY `id` int(11) NOT NULL AUTO_INCREMENT, AUTO_INCREMENT=11;
--
-- AUTO_INCREMENT for table `procedure_payment`
--
ALTER TABLE `procedure_payment`
  MODIFY `id` int(11) NOT NULL AUTO_INCREMENT, AUTO_INCREMENT=5;
--
-- AUTO_INCREMENT for table `procedure_preparation`
--
ALTER TABLE `procedure_preparation`
  MODIFY `id` int(11) NOT NULL AUTO_INCREMENT, AUTO_INCREMENT=8;
--
-- AUTO_INCREMENT for table `report_problem`
--
ALTER TABLE `report_problem`
  MODIFY `id` int(11) NOT NULL AUTO_INCREMENT;
--
-- AUTO_INCREMENT for table `user`
--
ALTER TABLE `user`
  MODIFY `id` bigint(20) UNSIGNED NOT NULL AUTO_INCREMENT, AUTO_INCREMENT=8;
--
-- AUTO_INCREMENT for table `user_relation`
--
ALTER TABLE `user_relation`
  MODIFY `id` bigint(20) NOT NULL AUTO_INCREMENT, AUTO_INCREMENT=4;
--
-- AUTO_INCREMENT for table `user_relation_concept`
--
ALTER TABLE `user_relation_concept`
  MODIFY `id` int(11) NOT NULL AUTO_INCREMENT;
--
-- AUTO_INCREMENT for table `vendor`
--
ALTER TABLE `vendor`
  MODIFY `id` int(11) NOT NULL AUTO_INCREMENT, AUTO_INCREMENT=2;
--
-- AUTO_INCREMENT for table `vendor_detail`
--
ALTER TABLE `vendor_detail`
  MODIFY `id` int(11) NOT NULL AUTO_INCREMENT, AUTO_INCREMENT=2;
--
-- Ketidakleluasaan untuk tabel pelimpahan (Dumped Tables)
--

--
-- Ketidakleluasaan untuk tabel `content`
--
ALTER TABLE `content`
  ADD CONSTRAINT `content_ibfk_2` FOREIGN KEY (`concept_id`) REFERENCES `concept` (`id`) ON DELETE CASCADE ON UPDATE CASCADE,
  ADD CONSTRAINT `content_ibfk_5` FOREIGN KEY (`user_relation_id`) REFERENCES `user_relation` (`id`) ON DELETE CASCADE ON UPDATE CASCADE,
  ADD CONSTRAINT `content_ibfk_6` FOREIGN KEY (`user_id`) REFERENCES `user` (`id`) ON DELETE CASCADE ON UPDATE CASCADE,
  ADD CONSTRAINT `content_ibfk_7` FOREIGN KEY (`user_relation_concept_id`) REFERENCES `user_relation_concept` (`id`) ON DELETE CASCADE ON UPDATE CASCADE;

--
-- Ketidakleluasaan untuk tabel `content_detail`
--
ALTER TABLE `content_detail`
  ADD CONSTRAINT `content_detail_ibfk_2` FOREIGN KEY (`content_id`) REFERENCES `content` (`id`) ON DELETE CASCADE ON UPDATE CASCADE;

--
-- Ketidakleluasaan untuk tabel `content_detail_list`
--
ALTER TABLE `content_detail_list`
  ADD CONSTRAINT `content_detail_list_ibfk_2` FOREIGN KEY (`content_detail_id`) REFERENCES `content_detail` (`id`) ON DELETE CASCADE ON UPDATE CASCADE;

--
-- Ketidakleluasaan untuk tabel `message`
--
ALTER TABLE `message`
  ADD CONSTRAINT `message_ibfk_2` FOREIGN KEY (`user_relation_id`) REFERENCES `user_relation` (`id`) ON DELETE CASCADE ON UPDATE CASCADE;

--
-- Ketidakleluasaan untuk tabel `procedure_administration`
--
ALTER TABLE `procedure_administration`
  ADD CONSTRAINT `procedure_administration_ibfk_6` FOREIGN KEY (`procedure_id`) REFERENCES `procedure` (`id`) ON DELETE CASCADE ON UPDATE CASCADE,
  ADD CONSTRAINT `procedure_administration_ibfk_7` FOREIGN KEY (`user_relation_id`) REFERENCES `user_relation` (`id`) ON DELETE CASCADE ON UPDATE CASCADE,
  ADD CONSTRAINT `procedure_administration_ibfk_9` FOREIGN KEY (`user_id`) REFERENCES `user` (`id`) ON DELETE CASCADE ON UPDATE CASCADE;

--
-- Ketidakleluasaan untuk tabel `procedure_payment`
--
ALTER TABLE `procedure_payment`
  ADD CONSTRAINT `procedure_payment_ibfk_3` FOREIGN KEY (`user_relation_id`) REFERENCES `user_relation` (`id`) ON DELETE CASCADE ON UPDATE CASCADE,
  ADD CONSTRAINT `procedure_payment_ibfk_4` FOREIGN KEY (`user_id`) REFERENCES `user` (`id`) ON DELETE CASCADE ON UPDATE CASCADE;

--
-- Ketidakleluasaan untuk tabel `procedure_preparation`
--
ALTER TABLE `procedure_preparation`
  ADD CONSTRAINT `procedure_preparation_ibfk_3` FOREIGN KEY (`user_relation_id`) REFERENCES `user_relation` (`id`) ON DELETE CASCADE ON UPDATE CASCADE,
  ADD CONSTRAINT `procedure_preparation_ibfk_4` FOREIGN KEY (`user_id`) REFERENCES `user` (`id`) ON DELETE CASCADE ON UPDATE CASCADE;

--
-- Ketidakleluasaan untuk tabel `user_relation`
--
ALTER TABLE `user_relation`
  ADD CONSTRAINT `user_relation_ibfk_3` FOREIGN KEY (`male_user_id`) REFERENCES `user` (`id`) ON DELETE CASCADE ON UPDATE CASCADE,
  ADD CONSTRAINT `user_relation_ibfk_4` FOREIGN KEY (`female_user_id`) REFERENCES `user` (`id`) ON DELETE CASCADE ON UPDATE CASCADE;

--
-- Ketidakleluasaan untuk tabel `user_relation_concept`
--
ALTER TABLE `user_relation_concept`
  ADD CONSTRAINT `user_relation_concept_ibfk_3` FOREIGN KEY (`user_relation_id`) REFERENCES `user_relation` (`id`) ON DELETE CASCADE ON UPDATE CASCADE,
  ADD CONSTRAINT `user_relation_concept_ibfk_4` FOREIGN KEY (`user_id`) REFERENCES `user` (`id`) ON DELETE CASCADE ON UPDATE CASCADE;

--
-- Ketidakleluasaan untuk tabel `vendor_detail`
--
ALTER TABLE `vendor_detail`
  ADD CONSTRAINT `vendor_detail_ibfk_2` FOREIGN KEY (`vendor_id`) REFERENCES `vendor` (`id`) ON DELETE CASCADE ON UPDATE CASCADE;

/*!40101 SET CHARACTER_SET_CLIENT=@OLD_CHARACTER_SET_CLIENT */;
/*!40101 SET CHARACTER_SET_RESULTS=@OLD_CHARACTER_SET_RESULTS */;
/*!40101 SET COLLATION_CONNECTION=@OLD_COLLATION_CONNECTION */;
