-- phpMyAdmin SQL Dump
-- version 4.5.4.1deb2ubuntu2
-- http://www.phpmyadmin.net
--
-- Host: localhost
-- Generation Time: 11 Jul 2018 pada 14.44
-- Versi Server: 5.7.22-0ubuntu0.16.04.1
-- PHP Version: 7.1.19-1+ubuntu16.04.1+deb.sury.org+1

SET SQL_MODE = "NO_AUTO_VALUE_ON_ZERO";
SET time_zone = "+00:00";


/*!40101 SET @OLD_CHARACTER_SET_CLIENT=@@CHARACTER_SET_CLIENT */;
/*!40101 SET @OLD_CHARACTER_SET_RESULTS=@@CHARACTER_SET_RESULTS */;
/*!40101 SET @OLD_COLLATION_CONNECTION=@@COLLATION_CONNECTION */;
/*!40101 SET NAMES utf8mb4 */;

--
-- Database: `wedding_planner`
--

-- --------------------------------------------------------

--
-- Struktur dari tabel `concept`
--

CREATE TABLE `concept` (
  `id` int(11) NOT NULL,
  `name` varchar(255) NOT NULL,
  `description` text,
  `status` smallint(6) NOT NULL DEFAULT '1',
  `order` smallint(6) NOT NULL,
  `created_at` timestamp NULL DEFAULT NULL,
  `updated_at` timestamp NULL DEFAULT NULL
) ENGINE=InnoDB DEFAULT CHARSET=latin1;

--
-- Dumping data untuk tabel `concept`
--

INSERT INTO `concept` (`id`, `name`, `description`, `status`, `order`, `created_at`, `updated_at`) VALUES
(1, 'Acara Lamaran', NULL, 1, 0, '2018-02-20 03:00:00', '2018-02-21 02:33:06'),
(2, 'Acara Pengajian', NULL, 1, 1, '2018-02-20 03:00:01', NULL),
(3, 'Acara Siraman/Pra Nikah', NULL, 1, 2, '2018-02-20 03:00:02', NULL),
(4, 'Pre Wedding', NULL, 1, 3, '2018-02-20 03:00:03', NULL),
(5, 'Acara Akad Nikah', NULL, 1, 4, '2018-02-20 03:00:04', NULL),
(6, 'Acara Resepsi', NULL, 1, 5, '2018-02-20 03:00:05', NULL),
(7, 'Bulan Madu', NULL, 1, 6, '2018-02-20 03:00:06', NULL);

-- --------------------------------------------------------

--
-- Struktur dari tabel `content`
--

CREATE TABLE `content` (
  `id` int(11) NOT NULL,
  `concept_id` int(11) DEFAULT NULL,
  `user_relation_concept_id` int(11) DEFAULT NULL,
  `grouping` int(11) NOT NULL,
  `user_relation_id` bigint(20) NOT NULL,
  `user_id` bigint(20) UNSIGNED NOT NULL,
  `name` varchar(255) NOT NULL,
  `description` varchar(600) DEFAULT NULL,
  `status` smallint(6) NOT NULL DEFAULT '1',
  `order` smallint(6) NOT NULL,
  `is_not_deleted` smallint(6) NOT NULL DEFAULT '1',
  `created_at` timestamp NULL DEFAULT NULL,
  `updated_at` timestamp NULL DEFAULT NULL
) ENGINE=InnoDB DEFAULT CHARSET=latin1;

--
-- Dumping data untuk tabel `content`
--

INSERT INTO `content` (`id`, `concept_id`, `user_relation_concept_id`, `grouping`, `user_relation_id`, `user_id`, `name`, `description`, `status`, `order`, `is_not_deleted`, `created_at`, `updated_at`) VALUES
(1, 1, NULL, 1, 3, 6, 'Pengurus Pernikahan', NULL, 1, 0, 1, '2018-05-30 23:30:08', '2018-05-30 23:30:08'),
(2, 1, NULL, 2, 3, 6, 'Dekorasi', NULL, 1, 0, 1, '2018-05-30 23:30:08', '2018-05-30 23:30:08'),
(3, 1, NULL, 3, 3, 6, 'Lokasi Acara', NULL, 1, 0, 1, '2018-05-30 23:30:08', '2018-05-30 23:30:08'),
(4, 1, NULL, 4, 3, 6, 'Foto', NULL, 1, 0, 1, '2018-05-30 23:30:08', '2018-05-30 23:30:08'),
(5, 1, NULL, 5, 3, 6, 'Video', NULL, 1, 0, 1, '2018-05-30 23:30:08', '2018-05-30 23:30:08'),
(6, 1, NULL, 6, 3, 6, 'Busana pengantin & keluarga/panitia', NULL, 1, 0, 1, '2018-05-30 23:30:08', '2018-05-30 23:30:08'),
(7, 1, NULL, 7, 3, 6, 'Aksesoris', NULL, 1, 0, 1, '2018-05-30 23:30:08', '2018-05-30 23:30:08'),
(8, 1, NULL, 8, 3, 6, 'Perias Wajah', NULL, 1, 0, 1, '2018-05-30 23:30:08', '2018-05-30 23:30:08'),
(9, 1, NULL, 9, 3, 6, 'Katering', NULL, 1, 0, 1, '2018-05-30 23:30:08', '2018-05-30 23:30:08'),
(10, 1, NULL, 10, 3, 6, 'Undangan', NULL, 1, 0, 1, '2018-05-30 23:30:08', '2018-05-30 23:30:08'),
(11, 1, NULL, 12, 3, 6, 'Seserahan', NULL, 1, 0, 1, '2018-05-30 23:30:08', '2018-05-30 23:30:08'),
(12, 1, NULL, 11, 3, 6, 'Kenang-kenangan', NULL, 1, 0, 1, '2018-05-30 23:30:08', '2018-05-30 23:30:08'),
(13, 2, NULL, 1, 3, 6, 'Pengurus Pernikahan', NULL, 1, 0, 1, '2018-05-30 23:30:08', '2018-05-30 23:30:08'),
(14, 2, NULL, 2, 3, 6, 'Dekorasi', NULL, 1, 0, 1, '2018-05-30 23:30:08', '2018-05-30 23:30:08'),
(15, 2, NULL, 3, 3, 6, 'Lokasi Acara', NULL, 1, 0, 1, '2018-05-30 23:30:08', '2018-05-30 23:30:08'),
(16, 2, NULL, 4, 3, 6, 'Foto', NULL, 1, 0, 1, '2018-05-30 23:30:08', '2018-05-30 23:30:08'),
(17, 2, NULL, 5, 3, 6, 'Video', NULL, 1, 0, 1, '2018-05-30 23:30:08', '2018-05-30 23:30:08'),
(18, 2, NULL, 6, 3, 6, 'Busana pengantin & keluarga/panitia', NULL, 1, 0, 1, '2018-05-30 23:30:08', '2018-05-30 23:30:08'),
(19, 2, NULL, 7, 3, 6, 'Aksesoris', NULL, 1, 0, 1, '2018-05-30 23:30:08', '2018-05-30 23:30:08'),
(20, 2, NULL, 8, 3, 6, 'Perias Wajah', NULL, 1, 0, 1, '2018-05-30 23:30:08', '2018-05-30 23:30:08'),
(21, 2, NULL, 9, 3, 6, 'Katering', NULL, 1, 0, 1, '2018-05-30 23:30:08', '2018-05-30 23:30:08'),
(22, 2, NULL, 10, 3, 6, 'Undangan', NULL, 1, 0, 1, '2018-05-30 23:30:08', '2018-05-30 23:30:08'),
(23, 2, NULL, 11, 3, 6, 'Kenang-kenangan', NULL, 1, 0, 1, '2018-05-30 23:30:08', '2018-05-30 23:30:08'),
(24, 3, NULL, 1, 3, 6, 'Pengurus Pernikahan', NULL, 1, 0, 1, '2018-05-30 23:30:08', '2018-05-30 23:30:08'),
(25, 3, NULL, 2, 3, 6, 'Dekorasi', NULL, 1, 0, 1, '2018-05-30 23:30:08', '2018-05-30 23:30:08'),
(26, 3, NULL, 3, 3, 6, 'Lokasi Acara', NULL, 1, 0, 1, '2018-05-30 23:30:08', '2018-05-30 23:30:08'),
(27, 3, NULL, 4, 3, 6, 'Foto', NULL, 1, 0, 1, '2018-05-30 23:30:08', '2018-05-30 23:30:08'),
(28, 3, NULL, 5, 3, 6, 'Video', NULL, 1, 0, 1, '2018-05-30 23:30:08', '2018-05-30 23:30:08'),
(29, 3, NULL, 6, 3, 6, 'Busana pengantin & keluarga/panitia', NULL, 1, 0, 1, '2018-05-30 23:30:09', '2018-05-30 23:30:09'),
(30, 3, NULL, 7, 3, 6, 'Aksesoris', NULL, 1, 0, 1, '2018-05-30 23:30:09', '2018-05-30 23:30:09'),
(31, 3, NULL, 8, 3, 6, 'Perias Wajah', NULL, 1, 0, 1, '2018-05-30 23:30:09', '2018-05-30 23:30:09'),
(32, 3, NULL, 9, 3, 6, 'Katering', NULL, 1, 0, 1, '2018-05-30 23:30:09', '2018-05-30 23:30:09'),
(33, 3, NULL, 10, 3, 6, 'Undangan', NULL, 1, 0, 1, '2018-05-30 23:30:09', '2018-05-30 23:30:09'),
(34, 3, NULL, 11, 3, 6, 'Kenang-kenangan', NULL, 1, 0, 1, '2018-05-30 23:30:09', '2018-05-30 23:30:09'),
(35, 4, NULL, 1, 3, 6, 'Pengurus Pernikahan', NULL, 1, 0, 1, '2018-05-30 23:30:09', '2018-05-30 23:30:09'),
(36, 4, NULL, 2, 3, 6, 'Dekorasi', NULL, 1, 0, 1, '2018-05-30 23:30:09', '2018-05-30 23:30:09'),
(37, 4, NULL, 3, 3, 6, 'Lokasi Acara', NULL, 1, 0, 1, '2018-05-30 23:30:09', '2018-05-30 23:30:09'),
(38, 4, NULL, 4, 3, 6, 'Foto', NULL, 1, 0, 1, '2018-05-30 23:30:09', '2018-05-30 23:30:09'),
(39, 4, NULL, 5, 3, 6, 'Video', NULL, 1, 0, 1, '2018-05-30 23:30:09', '2018-05-30 23:30:09'),
(40, 4, NULL, 6, 3, 6, 'Busana pengantin & keluarga/panitia', NULL, 1, 0, 1, '2018-05-30 23:30:09', '2018-05-30 23:30:09'),
(41, 4, NULL, 7, 3, 6, 'Aksesoris', NULL, 1, 0, 1, '2018-05-30 23:30:09', '2018-05-30 23:30:09'),
(42, 4, NULL, 8, 3, 6, 'Perias Wajah', NULL, 1, 0, 1, '2018-05-30 23:30:09', '2018-05-30 23:30:09'),
(43, 4, NULL, 9, 3, 6, 'Makanan', NULL, 1, 0, 1, '2018-05-30 23:30:09', '2018-05-30 23:30:09'),
(44, 5, NULL, 1, 3, 6, 'Pengurus Pernikahan', NULL, 1, 0, 1, '2018-05-30 23:30:09', '2018-05-30 23:30:09'),
(45, 5, NULL, 2, 3, 6, 'Dekorasi', NULL, 1, 0, 1, '2018-05-30 23:30:09', '2018-05-30 23:30:09'),
(46, 5, NULL, 3, 3, 6, 'Lokasi Acara', NULL, 1, 0, 1, '2018-05-30 23:30:09', '2018-05-30 23:30:09'),
(47, 5, NULL, 4, 3, 6, 'Foto', NULL, 1, 0, 1, '2018-05-30 23:30:09', '2018-05-30 23:30:09'),
(48, 5, NULL, 5, 3, 6, 'Video', NULL, 1, 0, 1, '2018-05-30 23:30:09', '2018-05-30 23:30:09'),
(49, 5, NULL, 6, 3, 6, 'Busana pengantin & keluarga/panitia', NULL, 1, 0, 1, '2018-05-30 23:30:09', '2018-05-30 23:30:09'),
(50, 5, NULL, 7, 3, 6, 'Aksesoris', NULL, 1, 0, 1, '2018-05-30 23:30:09', '2018-05-30 23:30:09'),
(51, 5, NULL, 8, 3, 6, 'Perias Wajah', NULL, 1, 0, 1, '2018-05-30 23:30:09', '2018-05-30 23:30:09'),
(52, 5, NULL, 9, 3, 6, 'Makanan', NULL, 1, 0, 1, '2018-05-30 23:30:09', '2018-05-30 23:30:09'),
(53, 5, NULL, 10, 3, 6, 'Undangan', NULL, 1, 0, 1, '2018-05-30 23:30:09', '2018-05-30 23:30:09'),
(54, 5, NULL, 11, 3, 6, 'Kenang-kenangan', NULL, 1, 0, 1, '2018-05-30 23:30:09', '2018-05-30 23:30:09'),
(55, 6, NULL, 1, 3, 6, 'Pengurus Pernikahan', NULL, 1, 0, 1, '2018-05-30 23:30:09', '2018-05-30 23:30:09'),
(56, 6, NULL, 2, 3, 6, 'Dekorasi', NULL, 1, 0, 1, '2018-05-30 23:30:09', '2018-05-30 23:30:09'),
(57, 6, NULL, 3, 3, 6, 'Lokasi Acara', NULL, 1, 0, 1, '2018-05-30 23:30:09', '2018-05-30 23:30:09'),
(58, 6, NULL, 4, 3, 6, 'Foto', NULL, 1, 0, 1, '2018-05-30 23:30:09', '2018-05-30 23:30:09'),
(59, 6, NULL, 5, 3, 6, 'Video', NULL, 1, 0, 1, '2018-05-30 23:30:09', '2018-05-30 23:30:09'),
(60, 6, NULL, 6, 3, 6, 'Busana pengantin & keluarga/panitia', NULL, 1, 0, 1, '2018-05-30 23:30:09', '2018-05-30 23:30:09'),
(61, 6, NULL, 7, 3, 6, 'Aksesoris', NULL, 1, 0, 1, '2018-05-30 23:30:09', '2018-05-30 23:30:09'),
(62, 6, NULL, 8, 3, 6, 'Perias Wajah', NULL, 1, 0, 1, '2018-05-30 23:30:09', '2018-05-30 23:30:09'),
(63, 6, NULL, 9, 3, 6, 'Makanan', NULL, 1, 0, 1, '2018-05-30 23:30:09', '2018-05-30 23:30:09'),
(64, 6, NULL, 10, 3, 6, 'Undangan', NULL, 1, 0, 1, '2018-05-30 23:30:09', '2018-05-30 23:30:09'),
(65, 6, NULL, 12, 3, 6, 'Seserahan', NULL, 1, 0, 1, '2018-05-30 23:30:09', '2018-05-30 23:30:09'),
(66, 6, NULL, 11, 3, 6, 'Kenang-kenangan', NULL, 1, 0, 1, '2018-05-30 23:30:09', '2018-05-30 23:30:09'),
(67, 7, NULL, 13, 3, 6, 'Bulan Madu', NULL, 1, 0, 1, '2018-05-30 23:30:09', '2018-05-30 23:30:09');

-- --------------------------------------------------------

--
-- Struktur dari tabel `content_detail`
--

CREATE TABLE `content_detail` (
  `id` int(11) NOT NULL,
  `content_id` int(11) NOT NULL,
  `name` varchar(255) NOT NULL,
  `value` text,
  `is_noted` smallint(6) NOT NULL DEFAULT '0',
  `is_photo` smallint(6) NOT NULL DEFAULT '0',
  `is_video` smallint(6) NOT NULL DEFAULT '0',
  `is_link` smallint(6) NOT NULL DEFAULT '0',
  `is_cost` smallint(6) NOT NULL DEFAULT '0',
  `is_not_deleted` smallint(6) NOT NULL DEFAULT '1',
  `status` smallint(6) NOT NULL DEFAULT '1',
  `order` smallint(6) NOT NULL,
  `created_at` timestamp NULL DEFAULT NULL,
  `updated_at` timestamp NULL DEFAULT NULL
) ENGINE=InnoDB DEFAULT CHARSET=latin1;

--
-- Dumping data untuk tabel `content_detail`
--

INSERT INTO `content_detail` (`id`, `content_id`, `name`, `value`, `is_noted`, `is_photo`, `is_video`, `is_link`, `is_cost`, `is_not_deleted`, `status`, `order`, `created_at`, `updated_at`) VALUES
(1, 1, 'Nama Vendor', NULL, 0, 0, 0, 0, 0, 1, 1, 0, '2018-05-30 23:30:08', '2018-05-30 23:30:08'),
(2, 1, 'Kontak', NULL, 0, 0, 0, 0, 0, 1, 1, 1, '2018-05-30 23:30:08', '2018-05-30 23:30:08'),
(3, 1, 'Alamat', NULL, 0, 0, 0, 0, 0, 1, 1, 2, '2018-05-30 23:30:08', '2018-05-30 23:30:08'),
(4, 1, 'Biaya', NULL, 0, 0, 0, 0, 1, 1, 1, 3, '2018-05-30 23:30:08', '2018-05-30 23:30:08'),
(5, 1, 'Catatan', NULL, 1, 0, 0, 1, 0, 1, 1, 4, '2018-05-30 23:30:08', '2018-05-30 23:30:08'),
(6, 2, 'Nama Dekorator', NULL, 0, 0, 0, 0, 0, 1, 1, 0, '2018-05-30 23:30:08', '2018-05-30 23:30:08'),
(7, 2, 'Kontak', NULL, 0, 0, 0, 0, 0, 1, 1, 1, '2018-05-30 23:30:08', '2018-05-30 23:30:08'),
(8, 2, 'Alamat', NULL, 0, 0, 0, 0, 0, 1, 1, 2, '2018-05-30 23:30:08', '2018-05-30 23:30:08'),
(9, 2, 'Biaya', NULL, 0, 0, 0, 0, 1, 1, 1, 3, '2018-05-30 23:30:08', '2018-05-30 23:30:08'),
(10, 2, 'Foto Acuan Dekorasi', NULL, 0, 1, 0, 1, 0, 1, 1, 4, '2018-05-30 23:30:08', '2018-05-30 23:30:08'),
(11, 2, 'Tema Dekorasi', NULL, 0, 0, 0, 0, 0, 1, 1, 5, '2018-05-30 23:30:08', '2018-05-30 23:30:08'),
(12, 2, 'Nuansa Warna Bunga', NULL, 0, 0, 0, 0, 0, 1, 1, 6, '2018-05-30 23:30:08', '2018-05-30 23:30:08'),
(13, 2, 'Nuansa Warna Dekorasi', NULL, 0, 0, 0, 0, 0, 1, 1, 7, '2018-05-30 23:30:08', '2018-05-30 23:30:08'),
(14, 2, 'Kain Dekorasi', NULL, 0, 0, 0, 0, 0, 1, 1, 8, '2018-05-30 23:30:08', '2018-05-30 23:30:08'),
(15, 2, 'Catatan', NULL, 1, 0, 0, 1, 0, 1, 1, 9, '2018-05-30 23:30:08', '2018-05-30 23:30:08'),
(16, 3, 'Nama', NULL, 0, 0, 0, 0, 0, 1, 1, 0, '2018-05-30 23:30:08', '2018-05-30 23:30:08'),
(17, 3, 'Kontak', NULL, 0, 0, 0, 0, 0, 1, 1, 1, '2018-05-30 23:30:08', '2018-05-30 23:30:08'),
(18, 3, 'Alamat', NULL, 0, 0, 0, 0, 0, 1, 1, 2, '2018-05-30 23:30:08', '2018-05-30 23:30:08'),
(19, 3, 'Biaya', NULL, 0, 0, 0, 0, 1, 1, 1, 3, '2018-05-30 23:30:08', '2018-05-30 23:30:08'),
(20, 3, 'Foto Lokasi Acara', NULL, 0, 1, 0, 1, 0, 1, 1, 4, '2018-05-30 23:30:08', '2018-05-30 23:30:08'),
(21, 3, 'Catatan', NULL, 1, 0, 0, 1, 0, 1, 1, 5, '2018-05-30 23:30:08', '2018-05-30 23:30:08'),
(22, 4, 'Nama', NULL, 0, 0, 0, 0, 0, 1, 1, 0, '2018-05-30 23:30:08', '2018-05-30 23:30:08'),
(23, 4, 'Kontak', NULL, 0, 0, 0, 0, 0, 1, 1, 1, '2018-05-30 23:30:08', '2018-05-30 23:30:08'),
(24, 4, 'Alamat', NULL, 0, 0, 0, 0, 0, 1, 1, 2, '2018-05-30 23:30:08', '2018-05-30 23:30:08'),
(25, 4, 'Biaya', NULL, 0, 0, 0, 0, 1, 1, 1, 3, '2018-05-30 23:30:08', '2018-05-30 23:30:08'),
(26, 4, 'Foto Acuan Pernikahan', NULL, 0, 1, 0, 1, 0, 1, 1, 4, '2018-05-30 23:30:08', '2018-05-30 23:30:08'),
(27, 4, 'Catatan', NULL, 1, 0, 0, 1, 0, 1, 1, 5, '2018-05-30 23:30:08', '2018-05-30 23:30:08'),
(28, 5, 'Nama', NULL, 0, 0, 0, 0, 0, 1, 1, 0, '2018-05-30 23:30:08', '2018-05-30 23:30:08'),
(29, 5, 'Kontak', NULL, 0, 0, 0, 0, 0, 1, 1, 1, '2018-05-30 23:30:08', '2018-05-30 23:30:08'),
(30, 5, 'Alamat', NULL, 0, 0, 0, 0, 0, 1, 1, 2, '2018-05-30 23:30:08', '2018-05-30 23:30:08'),
(31, 5, 'Biaya', NULL, 0, 0, 0, 0, 1, 1, 1, 3, '2018-05-30 23:30:08', '2018-05-30 23:30:08'),
(32, 5, 'Video Acuan Pernikahan', NULL, 0, 0, 1, 1, 0, 1, 1, 4, '2018-05-30 23:30:08', '2018-05-30 23:30:08'),
(33, 5, 'Tema Video', NULL, 0, 0, 0, 0, 0, 1, 1, 5, '2018-05-30 23:30:08', '2018-05-30 23:30:08'),
(34, 5, 'Catatan', NULL, 1, 0, 0, 1, 0, 1, 1, 6, '2018-05-30 23:30:08', '2018-05-30 23:30:08'),
(35, 6, 'Nama', NULL, 0, 0, 0, 0, 0, 1, 1, 0, '2018-05-30 23:30:08', '2018-05-30 23:30:08'),
(36, 6, 'Kontak', NULL, 0, 0, 0, 0, 0, 1, 1, 1, '2018-05-30 23:30:08', '2018-05-30 23:30:08'),
(37, 6, 'Alamat', NULL, 0, 0, 0, 0, 0, 1, 1, 2, '2018-05-30 23:30:08', '2018-05-30 23:30:08'),
(38, 6, 'Biaya', NULL, 0, 0, 0, 0, 1, 1, 1, 3, '2018-05-30 23:30:08', '2018-05-30 23:30:08'),
(39, 6, 'Tema Busana', NULL, 0, 0, 0, 0, 0, 1, 1, 4, '2018-05-30 23:30:08', '2018-05-30 23:30:08'),
(40, 6, 'Nuansa Warna', NULL, 0, 0, 0, 0, 0, 1, 1, 5, '2018-05-30 23:30:08', '2018-05-30 23:30:08'),
(41, 6, 'Catatan', NULL, 1, 0, 0, 1, 0, 1, 1, 6, '2018-05-30 23:30:08', '2018-05-30 23:30:08'),
(42, 7, 'Nama', NULL, 0, 0, 0, 0, 0, 1, 1, 0, '2018-05-30 23:30:08', '2018-05-30 23:30:08'),
(43, 7, 'Kontak', NULL, 0, 0, 0, 0, 0, 1, 1, 1, '2018-05-30 23:30:08', '2018-05-30 23:30:08'),
(44, 7, 'Alamat', NULL, 0, 0, 0, 0, 0, 1, 1, 2, '2018-05-30 23:30:08', '2018-05-30 23:30:08'),
(45, 7, 'Biaya', NULL, 0, 0, 0, 0, 1, 1, 1, 3, '2018-05-30 23:30:08', '2018-05-30 23:30:08'),
(46, 7, 'Contoh Aksesoris', NULL, 0, 1, 0, 1, 0, 1, 1, 4, '2018-05-30 23:30:08', '2018-05-30 23:30:08'),
(47, 7, 'Tema', NULL, 0, 0, 0, 0, 0, 1, 1, 5, '2018-05-30 23:30:08', '2018-05-30 23:30:08'),
(48, 7, 'Catatan', NULL, 1, 0, 0, 1, 0, 1, 1, 6, '2018-05-30 23:30:08', '2018-05-30 23:30:08'),
(49, 8, 'Nama', NULL, 0, 0, 0, 0, 0, 1, 1, 0, '2018-05-30 23:30:08', '2018-05-30 23:30:08'),
(50, 8, 'Kontak', NULL, 0, 0, 0, 0, 0, 1, 1, 1, '2018-05-30 23:30:08', '2018-05-30 23:30:08'),
(51, 8, 'Alamat', NULL, 0, 0, 0, 0, 0, 1, 1, 2, '2018-05-30 23:30:08', '2018-05-30 23:30:08'),
(52, 8, 'Biaya', NULL, 0, 0, 0, 0, 1, 1, 1, 3, '2018-05-30 23:30:08', '2018-05-30 23:30:08'),
(53, 8, 'Contoh Perias Wajah', NULL, 0, 1, 0, 1, 0, 1, 1, 4, '2018-05-30 23:30:08', '2018-05-30 23:30:08'),
(54, 8, 'Tema', NULL, 0, 0, 0, 0, 0, 1, 1, 5, '2018-05-30 23:30:08', '2018-05-30 23:30:08'),
(55, 8, 'Catatan', NULL, 1, 0, 0, 1, 0, 1, 1, 6, '2018-05-30 23:30:08', '2018-05-30 23:30:08'),
(56, 9, 'Nama', NULL, 0, 0, 0, 0, 0, 1, 1, 0, '2018-05-30 23:30:08', '2018-05-30 23:30:08'),
(57, 9, 'Kontak', NULL, 0, 0, 0, 0, 0, 1, 1, 1, '2018-05-30 23:30:08', '2018-05-30 23:30:08'),
(58, 9, 'Alamat', NULL, 0, 0, 0, 0, 0, 1, 1, 2, '2018-05-30 23:30:08', '2018-05-30 23:30:08'),
(59, 9, 'Biaya', NULL, 0, 0, 0, 0, 1, 1, 1, 3, '2018-05-30 23:30:08', '2018-05-30 23:30:08'),
(60, 9, 'Contoh Makanan', NULL, 0, 1, 0, 1, 0, 1, 1, 4, '2018-05-30 23:30:08', '2018-05-30 23:30:08'),
(61, 9, 'Catatan', NULL, 1, 0, 0, 1, 0, 1, 1, 5, '2018-05-30 23:30:08', '2018-05-30 23:30:08'),
(62, 10, 'Nama', NULL, 0, 0, 0, 0, 0, 1, 1, 0, '2018-05-30 23:30:08', '2018-05-30 23:30:08'),
(63, 10, 'Kontak', NULL, 0, 0, 0, 0, 0, 1, 1, 1, '2018-05-30 23:30:08', '2018-05-30 23:30:08'),
(64, 10, 'Alamat', NULL, 0, 0, 0, 0, 0, 1, 1, 2, '2018-05-30 23:30:08', '2018-05-30 23:30:08'),
(65, 10, 'Biaya', NULL, 0, 0, 0, 0, 1, 1, 1, 3, '2018-05-30 23:30:08', '2018-05-30 23:30:08'),
(66, 10, 'Contoh', NULL, 0, 1, 0, 1, 0, 1, 1, 4, '2018-05-30 23:30:08', '2018-05-30 23:30:08'),
(67, 10, 'Isi Undangan', NULL, 0, 0, 0, 0, 0, 1, 1, 5, '2018-05-30 23:30:08', '2018-05-30 23:30:08'),
(68, 10, 'Catatan', NULL, 1, 0, 0, 1, 0, 1, 1, 6, '2018-05-30 23:30:08', '2018-05-30 23:30:08'),
(69, 11, 'Lokasi', NULL, 0, 0, 0, 0, 0, 1, 1, 0, '2018-05-30 23:30:08', '2018-05-30 23:30:08'),
(70, 11, 'Tanggal', NULL, 0, 0, 0, 0, 0, 1, 1, 1, '2018-05-30 23:30:08', '2018-05-30 23:30:08'),
(71, 11, 'Alamat', NULL, 0, 0, 0, 0, 0, 1, 1, 2, '2018-05-30 23:30:08', '2018-05-30 23:30:08'),
(72, 11, 'Biaya', NULL, 0, 0, 0, 0, 1, 1, 1, 3, '2018-05-30 23:30:08', '2018-05-30 23:30:08'),
(73, 11, 'Foto', NULL, 0, 1, 0, 1, 0, 1, 1, 4, '2018-05-30 23:30:08', '2018-05-30 23:30:08'),
(74, 11, 'Catatan', NULL, 1, 0, 0, 1, 0, 1, 1, 5, '2018-05-30 23:30:08', '2018-05-30 23:30:08'),
(75, 12, 'Nama', NULL, 0, 0, 0, 0, 0, 1, 1, 0, '2018-05-30 23:30:08', '2018-05-30 23:30:08'),
(76, 12, 'Kontak', NULL, 0, 0, 0, 0, 0, 1, 1, 1, '2018-05-30 23:30:08', '2018-05-30 23:30:08'),
(77, 12, 'Alamat', NULL, 0, 0, 0, 0, 0, 1, 1, 2, '2018-05-30 23:30:08', '2018-05-30 23:30:08'),
(78, 12, 'Biaya', NULL, 0, 0, 0, 0, 1, 1, 1, 3, '2018-05-30 23:30:08', '2018-05-30 23:30:08'),
(79, 12, 'Foto', NULL, 0, 1, 0, 1, 0, 1, 1, 4, '2018-05-30 23:30:08', '2018-05-30 23:30:08'),
(80, 12, 'Catatan', NULL, 1, 0, 0, 1, 0, 1, 1, 5, '2018-05-30 23:30:08', '2018-05-30 23:30:08'),
(81, 13, 'Nama Vendor', NULL, 0, 0, 0, 0, 0, 1, 1, 0, '2018-05-30 23:30:08', '2018-05-30 23:30:08'),
(82, 13, 'Kontak', NULL, 0, 0, 0, 0, 0, 1, 1, 1, '2018-05-30 23:30:08', '2018-05-30 23:30:08'),
(83, 13, 'Alamat', NULL, 0, 0, 0, 0, 0, 1, 1, 2, '2018-05-30 23:30:08', '2018-05-30 23:30:08'),
(84, 13, 'Biaya', NULL, 0, 0, 0, 0, 1, 1, 1, 3, '2018-05-30 23:30:08', '2018-05-30 23:30:08'),
(85, 13, 'Catatan', NULL, 1, 0, 0, 1, 0, 1, 1, 4, '2018-05-30 23:30:08', '2018-05-30 23:30:08'),
(86, 14, 'Nama Dekorator', NULL, 0, 0, 0, 0, 0, 1, 1, 0, '2018-05-30 23:30:08', '2018-05-30 23:30:08'),
(87, 14, 'Kontak', NULL, 0, 0, 0, 0, 0, 1, 1, 1, '2018-05-30 23:30:08', '2018-05-30 23:30:08'),
(88, 14, 'Alamat', NULL, 0, 0, 0, 0, 0, 1, 1, 2, '2018-05-30 23:30:08', '2018-05-30 23:30:08'),
(89, 14, 'Biaya', NULL, 0, 0, 0, 0, 1, 1, 1, 3, '2018-05-30 23:30:08', '2018-05-30 23:30:08'),
(90, 14, 'Foto Acuan Dekorasi', NULL, 0, 1, 0, 1, 0, 1, 1, 4, '2018-05-30 23:30:08', '2018-05-30 23:30:08'),
(91, 14, 'Tema Dekorasi', NULL, 0, 0, 0, 0, 0, 1, 1, 5, '2018-05-30 23:30:08', '2018-05-30 23:30:08'),
(92, 14, 'Nuansa Warna Bunga', NULL, 0, 0, 0, 0, 0, 1, 1, 6, '2018-05-30 23:30:08', '2018-05-30 23:30:08'),
(93, 14, 'Nuansa Warna Dekorasi', NULL, 0, 0, 0, 0, 0, 1, 1, 7, '2018-05-30 23:30:08', '2018-05-30 23:30:08'),
(94, 14, 'Kain Dekorasi', NULL, 0, 0, 0, 0, 0, 1, 1, 8, '2018-05-30 23:30:08', '2018-05-30 23:30:08'),
(95, 14, 'Catatan', NULL, 1, 0, 0, 1, 0, 1, 1, 9, '2018-05-30 23:30:08', '2018-05-30 23:30:08'),
(96, 15, 'Nama', NULL, 0, 0, 0, 0, 0, 1, 1, 0, '2018-05-30 23:30:08', '2018-05-30 23:30:08'),
(97, 15, 'Kontak', NULL, 0, 0, 0, 0, 0, 1, 1, 1, '2018-05-30 23:30:08', '2018-05-30 23:30:08'),
(98, 15, 'Alamat', NULL, 0, 0, 0, 0, 0, 1, 1, 2, '2018-05-30 23:30:08', '2018-05-30 23:30:08'),
(99, 15, 'Biaya', NULL, 0, 0, 0, 0, 1, 1, 1, 3, '2018-05-30 23:30:08', '2018-05-30 23:30:08'),
(100, 15, 'Foto Lokasi Acara', NULL, 0, 1, 0, 1, 0, 1, 1, 4, '2018-05-30 23:30:08', '2018-05-30 23:30:08'),
(101, 15, 'Catatan', NULL, 1, 0, 0, 1, 0, 1, 1, 5, '2018-05-30 23:30:08', '2018-05-30 23:30:08'),
(102, 16, 'Nama', NULL, 0, 0, 0, 0, 0, 1, 1, 0, '2018-05-30 23:30:08', '2018-05-30 23:30:08'),
(103, 16, 'Kontak', NULL, 0, 0, 0, 0, 0, 1, 1, 1, '2018-05-30 23:30:08', '2018-05-30 23:30:08'),
(104, 16, 'Alamat', NULL, 0, 0, 0, 0, 0, 1, 1, 2, '2018-05-30 23:30:08', '2018-05-30 23:30:08'),
(105, 16, 'Biaya', NULL, 0, 0, 0, 0, 1, 1, 1, 3, '2018-05-30 23:30:08', '2018-05-30 23:30:08'),
(106, 16, 'Foto Acuan Pernikahan', NULL, 0, 1, 0, 1, 0, 1, 1, 4, '2018-05-30 23:30:08', '2018-05-30 23:30:08'),
(107, 16, 'Catatan', NULL, 1, 0, 0, 1, 0, 1, 1, 5, '2018-05-30 23:30:08', '2018-05-30 23:30:08'),
(108, 17, 'Nama', NULL, 0, 0, 0, 0, 0, 1, 1, 0, '2018-05-30 23:30:08', '2018-05-30 23:30:08'),
(109, 17, 'Kontak', NULL, 0, 0, 0, 0, 0, 1, 1, 1, '2018-05-30 23:30:08', '2018-05-30 23:30:08'),
(110, 17, 'Alamat', NULL, 0, 0, 0, 0, 0, 1, 1, 2, '2018-05-30 23:30:08', '2018-05-30 23:30:08'),
(111, 17, 'Biaya', NULL, 0, 0, 0, 0, 1, 1, 1, 3, '2018-05-30 23:30:08', '2018-05-30 23:30:08'),
(112, 17, 'Video Acuan Pernikahan', NULL, 0, 0, 1, 1, 0, 1, 1, 4, '2018-05-30 23:30:08', '2018-05-30 23:30:08'),
(113, 17, 'Tema Video', NULL, 0, 0, 0, 0, 0, 1, 1, 5, '2018-05-30 23:30:08', '2018-05-30 23:30:08'),
(114, 17, 'Catatan', NULL, 1, 0, 0, 1, 0, 1, 1, 6, '2018-05-30 23:30:08', '2018-05-30 23:30:08'),
(115, 18, 'Nama', NULL, 0, 0, 0, 0, 0, 1, 1, 0, '2018-05-30 23:30:08', '2018-05-30 23:30:08'),
(116, 18, 'Kontak', NULL, 0, 0, 0, 0, 0, 1, 1, 1, '2018-05-30 23:30:08', '2018-05-30 23:30:08'),
(117, 18, 'Alamat', NULL, 0, 0, 0, 0, 0, 1, 1, 2, '2018-05-30 23:30:08', '2018-05-30 23:30:08'),
(118, 18, 'Biaya', NULL, 0, 0, 0, 0, 1, 1, 1, 3, '2018-05-30 23:30:08', '2018-05-30 23:30:08'),
(119, 18, 'Tema Busana', NULL, 0, 0, 0, 0, 0, 1, 1, 4, '2018-05-30 23:30:08', '2018-05-30 23:30:08'),
(120, 18, 'Nuansa Warna', NULL, 0, 0, 0, 0, 0, 1, 1, 5, '2018-05-30 23:30:08', '2018-05-30 23:30:08'),
(121, 18, 'Catatan', NULL, 1, 0, 0, 1, 0, 1, 1, 6, '2018-05-30 23:30:08', '2018-05-30 23:30:08'),
(122, 19, 'Nama', NULL, 0, 0, 0, 0, 0, 1, 1, 0, '2018-05-30 23:30:08', '2018-05-30 23:30:08'),
(123, 19, 'Kontak', NULL, 0, 0, 0, 0, 0, 1, 1, 1, '2018-05-30 23:30:08', '2018-05-30 23:30:08'),
(124, 19, 'Alamat', NULL, 0, 0, 0, 0, 0, 1, 1, 2, '2018-05-30 23:30:08', '2018-05-30 23:30:08'),
(125, 19, 'Biaya', NULL, 0, 0, 0, 0, 1, 1, 1, 3, '2018-05-30 23:30:08', '2018-05-30 23:30:08'),
(126, 19, 'Contoh Aksesoris', NULL, 0, 1, 0, 1, 0, 1, 1, 4, '2018-05-30 23:30:08', '2018-05-30 23:30:08'),
(127, 19, 'Tema', NULL, 0, 0, 0, 0, 0, 1, 1, 5, '2018-05-30 23:30:08', '2018-05-30 23:30:08'),
(128, 19, 'Catatan', NULL, 1, 0, 0, 1, 0, 1, 1, 6, '2018-05-30 23:30:08', '2018-05-30 23:30:08'),
(129, 20, 'Nama', NULL, 0, 0, 0, 0, 0, 1, 1, 0, '2018-05-30 23:30:08', '2018-05-30 23:30:08'),
(130, 20, 'Kontak', NULL, 0, 0, 0, 0, 0, 1, 1, 1, '2018-05-30 23:30:08', '2018-05-30 23:30:08'),
(131, 20, 'Alamat', NULL, 0, 0, 0, 0, 0, 1, 1, 2, '2018-05-30 23:30:08', '2018-05-30 23:30:08'),
(132, 20, 'Biaya', NULL, 0, 0, 0, 0, 1, 1, 1, 3, '2018-05-30 23:30:08', '2018-05-30 23:30:08'),
(133, 20, 'Contoh Perias Wajah', NULL, 0, 1, 0, 1, 0, 1, 1, 4, '2018-05-30 23:30:08', '2018-05-30 23:30:08'),
(134, 20, 'Tema', NULL, 0, 0, 0, 0, 0, 1, 1, 5, '2018-05-30 23:30:08', '2018-05-30 23:30:08'),
(135, 20, 'Catatan', NULL, 1, 0, 0, 1, 0, 1, 1, 6, '2018-05-30 23:30:08', '2018-05-30 23:30:08'),
(136, 21, 'Nama', NULL, 0, 0, 0, 0, 0, 1, 1, 0, '2018-05-30 23:30:08', '2018-05-30 23:30:08'),
(137, 21, 'Kontak', NULL, 0, 0, 0, 0, 0, 1, 1, 1, '2018-05-30 23:30:08', '2018-05-30 23:30:08'),
(138, 21, 'Alamat', NULL, 0, 0, 0, 0, 0, 1, 1, 2, '2018-05-30 23:30:08', '2018-05-30 23:30:08'),
(139, 21, 'Biaya', NULL, 0, 0, 0, 0, 1, 1, 1, 3, '2018-05-30 23:30:08', '2018-05-30 23:30:08'),
(140, 21, 'Contoh Makanan', NULL, 0, 1, 0, 1, 0, 1, 1, 4, '2018-05-30 23:30:08', '2018-05-30 23:30:08'),
(141, 21, 'Catatan', NULL, 1, 0, 0, 1, 0, 1, 1, 5, '2018-05-30 23:30:08', '2018-05-30 23:30:08'),
(142, 22, 'Nama', NULL, 0, 0, 0, 0, 0, 1, 1, 0, '2018-05-30 23:30:08', '2018-05-30 23:30:08'),
(143, 22, 'Kontak', NULL, 0, 0, 0, 0, 0, 1, 1, 1, '2018-05-30 23:30:08', '2018-05-30 23:30:08'),
(144, 22, 'Alamat', NULL, 0, 0, 0, 0, 0, 1, 1, 2, '2018-05-30 23:30:08', '2018-05-30 23:30:08'),
(145, 22, 'Biaya', NULL, 0, 0, 0, 0, 1, 1, 1, 3, '2018-05-30 23:30:08', '2018-05-30 23:30:08'),
(146, 22, 'Contoh', NULL, 0, 1, 0, 1, 0, 1, 1, 4, '2018-05-30 23:30:08', '2018-05-30 23:30:08'),
(147, 22, 'Isi Undangan', NULL, 0, 0, 0, 0, 0, 1, 1, 5, '2018-05-30 23:30:08', '2018-05-30 23:30:08'),
(148, 22, 'Catatan', NULL, 1, 0, 0, 1, 0, 1, 1, 6, '2018-05-30 23:30:08', '2018-05-30 23:30:08'),
(149, 23, 'Nama', NULL, 0, 0, 0, 0, 0, 1, 1, 0, '2018-05-30 23:30:08', '2018-05-30 23:30:08'),
(150, 23, 'Kontak', NULL, 0, 0, 0, 0, 0, 1, 1, 1, '2018-05-30 23:30:08', '2018-05-30 23:30:08'),
(151, 23, 'Alamat', NULL, 0, 0, 0, 0, 0, 1, 1, 2, '2018-05-30 23:30:08', '2018-05-30 23:30:08'),
(152, 23, 'Biaya', NULL, 0, 0, 0, 0, 1, 1, 1, 3, '2018-05-30 23:30:08', '2018-05-30 23:30:08'),
(153, 23, 'Foto', NULL, 0, 1, 0, 1, 0, 1, 1, 4, '2018-05-30 23:30:08', '2018-05-30 23:30:08'),
(154, 23, 'Catatan', NULL, 1, 0, 0, 1, 0, 1, 1, 5, '2018-05-30 23:30:08', '2018-05-30 23:30:08'),
(155, 24, 'Nama Vendor', NULL, 0, 0, 0, 0, 0, 1, 1, 0, '2018-05-30 23:30:08', '2018-05-30 23:30:08'),
(156, 24, 'Kontak', NULL, 0, 0, 0, 0, 0, 1, 1, 1, '2018-05-30 23:30:08', '2018-05-30 23:30:08'),
(157, 24, 'Alamat', NULL, 0, 0, 0, 0, 0, 1, 1, 2, '2018-05-30 23:30:08', '2018-05-30 23:30:08'),
(158, 24, 'Biaya', NULL, 0, 0, 0, 0, 1, 1, 1, 3, '2018-05-30 23:30:08', '2018-05-30 23:30:08'),
(159, 24, 'Catatan', NULL, 1, 0, 0, 1, 0, 1, 1, 4, '2018-05-30 23:30:08', '2018-05-30 23:30:08'),
(160, 25, 'Nama Dekorator', NULL, 0, 0, 0, 0, 0, 1, 1, 0, '2018-05-30 23:30:08', '2018-05-30 23:30:08'),
(161, 25, 'Kontak', NULL, 0, 0, 0, 0, 0, 1, 1, 1, '2018-05-30 23:30:08', '2018-05-30 23:30:08'),
(162, 25, 'Alamat', NULL, 0, 0, 0, 0, 0, 1, 1, 2, '2018-05-30 23:30:08', '2018-05-30 23:30:08'),
(163, 25, 'Biaya', NULL, 0, 0, 0, 0, 1, 1, 1, 3, '2018-05-30 23:30:08', '2018-05-30 23:30:08'),
(164, 25, 'Foto Acuan Dekorasi', NULL, 0, 1, 0, 1, 0, 1, 1, 4, '2018-05-30 23:30:08', '2018-05-30 23:30:08'),
(165, 25, 'Tema Dekorasi', NULL, 0, 0, 0, 0, 0, 1, 1, 5, '2018-05-30 23:30:08', '2018-05-30 23:30:08'),
(166, 25, 'Nuansa Warna Bunga', NULL, 0, 0, 0, 0, 0, 1, 1, 6, '2018-05-30 23:30:08', '2018-05-30 23:30:08'),
(167, 25, 'Nuansa Warna Dekorasi', NULL, 0, 0, 0, 0, 0, 1, 1, 7, '2018-05-30 23:30:08', '2018-05-30 23:30:08'),
(168, 25, 'Kain Dekorasi', NULL, 0, 0, 0, 0, 0, 1, 1, 8, '2018-05-30 23:30:08', '2018-05-30 23:30:08'),
(169, 25, 'Catatan', NULL, 1, 0, 0, 1, 0, 1, 1, 9, '2018-05-30 23:30:08', '2018-05-30 23:30:08'),
(170, 26, 'Nama', NULL, 0, 0, 0, 0, 0, 1, 1, 0, '2018-05-30 23:30:08', '2018-05-30 23:30:08'),
(171, 26, 'Kontak', NULL, 0, 0, 0, 0, 0, 1, 1, 1, '2018-05-30 23:30:08', '2018-05-30 23:30:08'),
(172, 26, 'Alamat', NULL, 0, 0, 0, 0, 0, 1, 1, 2, '2018-05-30 23:30:08', '2018-05-30 23:30:08'),
(173, 26, 'Biaya', NULL, 0, 0, 0, 0, 1, 1, 1, 3, '2018-05-30 23:30:08', '2018-05-30 23:30:08'),
(174, 26, 'Foto Lokasi Acara', NULL, 0, 1, 0, 1, 0, 1, 1, 4, '2018-05-30 23:30:08', '2018-05-30 23:30:08'),
(175, 26, 'Catatan', NULL, 1, 0, 0, 1, 0, 1, 1, 5, '2018-05-30 23:30:08', '2018-05-30 23:30:08'),
(176, 27, 'Nama', NULL, 0, 0, 0, 0, 0, 1, 1, 0, '2018-05-30 23:30:08', '2018-05-30 23:30:08'),
(177, 27, 'Kontak', NULL, 0, 0, 0, 0, 0, 1, 1, 1, '2018-05-30 23:30:08', '2018-05-30 23:30:08'),
(178, 27, 'Alamat', NULL, 0, 0, 0, 0, 0, 1, 1, 2, '2018-05-30 23:30:08', '2018-05-30 23:30:08'),
(179, 27, 'Biaya', NULL, 0, 0, 0, 0, 1, 1, 1, 3, '2018-05-30 23:30:08', '2018-05-30 23:30:08'),
(180, 27, 'Foto Acuan Pernikahan', NULL, 0, 1, 0, 1, 0, 1, 1, 4, '2018-05-30 23:30:08', '2018-05-30 23:30:08'),
(181, 27, 'Catatan', NULL, 1, 0, 0, 1, 0, 1, 1, 5, '2018-05-30 23:30:08', '2018-05-30 23:30:08'),
(182, 28, 'Nama', NULL, 0, 0, 0, 0, 0, 1, 1, 0, '2018-05-30 23:30:08', '2018-05-30 23:30:08'),
(183, 28, 'Kontak', NULL, 0, 0, 0, 0, 0, 1, 1, 1, '2018-05-30 23:30:09', '2018-05-30 23:30:09'),
(184, 28, 'Alamat', NULL, 0, 0, 0, 0, 0, 1, 1, 2, '2018-05-30 23:30:09', '2018-05-30 23:30:09'),
(185, 28, 'Biaya', NULL, 0, 0, 0, 0, 1, 1, 1, 3, '2018-05-30 23:30:09', '2018-05-30 23:30:09'),
(186, 28, 'Video Acuan Pernikahan', NULL, 0, 0, 1, 1, 0, 1, 1, 4, '2018-05-30 23:30:09', '2018-05-30 23:30:09'),
(187, 28, 'Tema Video', NULL, 0, 0, 0, 0, 0, 1, 1, 5, '2018-05-30 23:30:09', '2018-05-30 23:30:09'),
(188, 28, 'Catatan', NULL, 1, 0, 0, 1, 0, 1, 1, 6, '2018-05-30 23:30:09', '2018-05-30 23:30:09'),
(189, 29, 'Nama', NULL, 0, 0, 0, 0, 0, 1, 1, 0, '2018-05-30 23:30:09', '2018-05-30 23:30:09'),
(190, 29, 'Kontak', NULL, 0, 0, 0, 0, 0, 1, 1, 1, '2018-05-30 23:30:09', '2018-05-30 23:30:09'),
(191, 29, 'Alamat', NULL, 0, 0, 0, 0, 0, 1, 1, 2, '2018-05-30 23:30:09', '2018-05-30 23:30:09'),
(192, 29, 'Biaya', NULL, 0, 0, 0, 0, 1, 1, 1, 3, '2018-05-30 23:30:09', '2018-05-30 23:30:09'),
(193, 29, 'Tema Busana', NULL, 0, 0, 0, 0, 0, 1, 1, 4, '2018-05-30 23:30:09', '2018-05-30 23:30:09'),
(194, 29, 'Nuansa Warna', NULL, 0, 0, 0, 0, 0, 1, 1, 5, '2018-05-30 23:30:09', '2018-05-30 23:30:09'),
(195, 29, 'Catatan', NULL, 1, 0, 0, 1, 0, 1, 1, 6, '2018-05-30 23:30:09', '2018-05-30 23:30:09'),
(196, 30, 'Nama', NULL, 0, 0, 0, 0, 0, 1, 1, 0, '2018-05-30 23:30:09', '2018-05-30 23:30:09'),
(197, 30, 'Kontak', NULL, 0, 0, 0, 0, 0, 1, 1, 1, '2018-05-30 23:30:09', '2018-05-30 23:30:09'),
(198, 30, 'Alamat', NULL, 0, 0, 0, 0, 0, 1, 1, 2, '2018-05-30 23:30:09', '2018-05-30 23:30:09'),
(199, 30, 'Biaya', NULL, 0, 0, 0, 0, 1, 1, 1, 3, '2018-05-30 23:30:09', '2018-05-30 23:30:09'),
(200, 30, 'Contoh Aksesoris', NULL, 0, 1, 0, 1, 0, 1, 1, 4, '2018-05-30 23:30:09', '2018-05-30 23:30:09'),
(201, 30, 'Tema', NULL, 0, 0, 0, 0, 0, 1, 1, 5, '2018-05-30 23:30:09', '2018-05-30 23:30:09'),
(202, 30, 'Catatan', NULL, 1, 0, 0, 1, 0, 1, 1, 6, '2018-05-30 23:30:09', '2018-05-30 23:30:09'),
(203, 31, 'Nama', NULL, 0, 0, 0, 0, 0, 1, 1, 0, '2018-05-30 23:30:09', '2018-05-30 23:30:09'),
(204, 31, 'Kontak', NULL, 0, 0, 0, 0, 0, 1, 1, 1, '2018-05-30 23:30:09', '2018-05-30 23:30:09'),
(205, 31, 'Alamat', NULL, 0, 0, 0, 0, 0, 1, 1, 2, '2018-05-30 23:30:09', '2018-05-30 23:30:09'),
(206, 31, 'Biaya', NULL, 0, 0, 0, 0, 1, 1, 1, 3, '2018-05-30 23:30:09', '2018-05-30 23:30:09'),
(207, 31, 'Contoh Perias Wajah', NULL, 0, 1, 0, 1, 0, 1, 1, 4, '2018-05-30 23:30:09', '2018-05-30 23:30:09'),
(208, 31, 'Tema', NULL, 0, 0, 0, 0, 0, 1, 1, 5, '2018-05-30 23:30:09', '2018-05-30 23:30:09'),
(209, 31, 'Catatan', NULL, 1, 0, 0, 1, 0, 1, 1, 6, '2018-05-30 23:30:09', '2018-05-30 23:30:09'),
(210, 32, 'Nama', NULL, 0, 0, 0, 0, 0, 1, 1, 0, '2018-05-30 23:30:09', '2018-05-30 23:30:09'),
(211, 32, 'Kontak', NULL, 0, 0, 0, 0, 0, 1, 1, 1, '2018-05-30 23:30:09', '2018-05-30 23:30:09'),
(212, 32, 'Alamat', NULL, 0, 0, 0, 0, 0, 1, 1, 2, '2018-05-30 23:30:09', '2018-05-30 23:30:09'),
(213, 32, 'Biaya', NULL, 0, 0, 0, 0, 1, 1, 1, 3, '2018-05-30 23:30:09', '2018-05-30 23:30:09'),
(214, 32, 'Contoh Makanan', NULL, 0, 1, 0, 1, 0, 1, 1, 4, '2018-05-30 23:30:09', '2018-05-30 23:30:09'),
(215, 32, 'Catatan', NULL, 1, 0, 0, 1, 0, 1, 1, 5, '2018-05-30 23:30:09', '2018-05-30 23:30:09'),
(216, 33, 'Nama', NULL, 0, 0, 0, 0, 0, 1, 1, 0, '2018-05-30 23:30:09', '2018-05-30 23:30:09'),
(217, 33, 'Kontak', NULL, 0, 0, 0, 0, 0, 1, 1, 1, '2018-05-30 23:30:09', '2018-05-30 23:30:09'),
(218, 33, 'Alamat', NULL, 0, 0, 0, 0, 0, 1, 1, 2, '2018-05-30 23:30:09', '2018-05-30 23:30:09'),
(219, 33, 'Biaya', NULL, 0, 0, 0, 0, 1, 1, 1, 3, '2018-05-30 23:30:09', '2018-05-30 23:30:09'),
(220, 33, 'Contoh', NULL, 0, 1, 0, 1, 0, 1, 1, 4, '2018-05-30 23:30:09', '2018-05-30 23:30:09'),
(221, 33, 'Isi Undangan', NULL, 0, 0, 0, 0, 0, 1, 1, 5, '2018-05-30 23:30:09', '2018-05-30 23:30:09'),
(222, 33, 'Catatan', NULL, 1, 0, 0, 1, 0, 1, 1, 6, '2018-05-30 23:30:09', '2018-05-30 23:30:09'),
(223, 34, 'Nama', NULL, 0, 0, 0, 0, 0, 1, 1, 0, '2018-05-30 23:30:09', '2018-05-30 23:30:09'),
(224, 34, 'Kontak', NULL, 0, 0, 0, 0, 0, 1, 1, 1, '2018-05-30 23:30:09', '2018-05-30 23:30:09'),
(225, 34, 'Alamat', NULL, 0, 0, 0, 0, 0, 1, 1, 2, '2018-05-30 23:30:09', '2018-05-30 23:30:09'),
(226, 34, 'Biaya', NULL, 0, 0, 0, 0, 1, 1, 1, 3, '2018-05-30 23:30:09', '2018-05-30 23:30:09'),
(227, 34, 'Foto', NULL, 0, 1, 0, 1, 0, 1, 1, 4, '2018-05-30 23:30:09', '2018-05-30 23:30:09'),
(228, 34, 'Catatan', NULL, 1, 0, 0, 1, 0, 1, 1, 5, '2018-05-30 23:30:09', '2018-05-30 23:30:09'),
(229, 35, 'Nama Vendor', NULL, 0, 0, 0, 0, 0, 1, 1, 0, '2018-05-30 23:30:09', '2018-05-30 23:30:09'),
(230, 35, 'Kontak', NULL, 0, 0, 0, 0, 0, 1, 1, 1, '2018-05-30 23:30:09', '2018-05-30 23:30:09'),
(231, 35, 'Alamat', NULL, 0, 0, 0, 0, 0, 1, 1, 2, '2018-05-30 23:30:09', '2018-05-30 23:30:09'),
(232, 35, 'Biaya', NULL, 0, 0, 0, 0, 1, 1, 1, 3, '2018-05-30 23:30:09', '2018-05-30 23:30:09'),
(233, 35, 'Catatan', NULL, 1, 0, 0, 1, 0, 1, 1, 4, '2018-05-30 23:30:09', '2018-05-30 23:30:09'),
(234, 36, 'Nama Dekorator', NULL, 0, 0, 0, 0, 0, 1, 1, 0, '2018-05-30 23:30:09', '2018-05-30 23:30:09'),
(235, 36, 'Kontak', NULL, 0, 0, 0, 0, 0, 1, 1, 1, '2018-05-30 23:30:09', '2018-05-30 23:30:09'),
(236, 36, 'Alamat', NULL, 0, 0, 0, 0, 0, 1, 1, 2, '2018-05-30 23:30:09', '2018-05-30 23:30:09'),
(237, 36, 'Biaya', NULL, 0, 0, 0, 0, 1, 1, 1, 3, '2018-05-30 23:30:09', '2018-05-30 23:30:09'),
(238, 36, 'Foto Acuan Dekorasi', NULL, 0, 1, 0, 1, 0, 1, 1, 4, '2018-05-30 23:30:09', '2018-05-30 23:30:09'),
(239, 36, 'Tema Dekorasi', NULL, 0, 0, 0, 0, 0, 1, 1, 5, '2018-05-30 23:30:09', '2018-05-30 23:30:09'),
(240, 36, 'Nuansa Warna Bunga', NULL, 0, 0, 0, 0, 0, 1, 1, 6, '2018-05-30 23:30:09', '2018-05-30 23:30:09'),
(241, 36, 'Nuansa Warna Dekorasi', NULL, 0, 0, 0, 0, 0, 1, 1, 7, '2018-05-30 23:30:09', '2018-05-30 23:30:09'),
(242, 36, 'Kain Dekorasi', NULL, 0, 0, 0, 0, 0, 1, 1, 8, '2018-05-30 23:30:09', '2018-05-30 23:30:09'),
(243, 36, 'Catatan', NULL, 1, 0, 0, 1, 0, 1, 1, 9, '2018-05-30 23:30:09', '2018-05-30 23:30:09'),
(244, 37, 'Nama', NULL, 0, 0, 0, 0, 0, 1, 1, 0, '2018-05-30 23:30:09', '2018-05-30 23:30:09'),
(245, 37, 'Kontak', NULL, 0, 0, 0, 0, 0, 1, 1, 1, '2018-05-30 23:30:09', '2018-05-30 23:30:09'),
(246, 37, 'Alamat', NULL, 0, 0, 0, 0, 0, 1, 1, 2, '2018-05-30 23:30:09', '2018-05-30 23:30:09'),
(247, 37, 'Biaya', NULL, 0, 0, 0, 0, 1, 1, 1, 3, '2018-05-30 23:30:09', '2018-05-30 23:30:09'),
(248, 37, 'Foto Lokasi Acara', NULL, 0, 1, 0, 1, 0, 1, 1, 4, '2018-05-30 23:30:09', '2018-05-30 23:30:09'),
(249, 37, 'Catatan', NULL, 1, 0, 0, 1, 0, 1, 1, 5, '2018-05-30 23:30:09', '2018-05-30 23:30:09'),
(250, 38, 'Nama', NULL, 0, 0, 0, 0, 0, 1, 1, 0, '2018-05-30 23:30:09', '2018-05-30 23:30:09'),
(251, 38, 'Kontak', NULL, 0, 0, 0, 0, 0, 1, 1, 1, '2018-05-30 23:30:09', '2018-05-30 23:30:09'),
(252, 38, 'Alamat', NULL, 0, 0, 0, 0, 0, 1, 1, 2, '2018-05-30 23:30:09', '2018-05-30 23:30:09'),
(253, 38, 'Biaya', NULL, 0, 0, 0, 0, 1, 1, 1, 3, '2018-05-30 23:30:09', '2018-05-30 23:30:09'),
(254, 38, 'Foto Acuan Pernikahan', NULL, 0, 1, 0, 1, 0, 1, 1, 4, '2018-05-30 23:30:09', '2018-05-30 23:30:09'),
(255, 38, 'Catatan', NULL, 1, 0, 0, 1, 0, 1, 1, 5, '2018-05-30 23:30:09', '2018-05-30 23:30:09'),
(256, 39, 'Nama', NULL, 0, 0, 0, 0, 0, 1, 1, 0, '2018-05-30 23:30:09', '2018-05-30 23:30:09'),
(257, 39, 'Kontak', NULL, 0, 0, 0, 0, 0, 1, 1, 1, '2018-05-30 23:30:09', '2018-05-30 23:30:09'),
(258, 39, 'Alamat', NULL, 0, 0, 0, 0, 0, 1, 1, 2, '2018-05-30 23:30:09', '2018-05-30 23:30:09'),
(259, 39, 'Biaya', NULL, 0, 0, 0, 0, 1, 1, 1, 3, '2018-05-30 23:30:09', '2018-05-30 23:30:09'),
(260, 39, 'Video Acuan Pernikahan', NULL, 0, 0, 1, 1, 0, 1, 1, 4, '2018-05-30 23:30:09', '2018-05-30 23:30:09'),
(261, 39, 'Tema Video', NULL, 0, 0, 0, 0, 0, 1, 1, 5, '2018-05-30 23:30:09', '2018-05-30 23:30:09'),
(262, 39, 'Catatan', NULL, 1, 0, 0, 1, 0, 1, 1, 6, '2018-05-30 23:30:09', '2018-05-30 23:30:09'),
(263, 40, 'Nama', NULL, 0, 0, 0, 0, 0, 1, 1, 0, '2018-05-30 23:30:09', '2018-05-30 23:30:09'),
(264, 40, 'Kontak', NULL, 0, 0, 0, 0, 0, 1, 1, 1, '2018-05-30 23:30:09', '2018-05-30 23:30:09'),
(265, 40, 'Alamat', NULL, 0, 0, 0, 0, 0, 1, 1, 2, '2018-05-30 23:30:09', '2018-05-30 23:30:09'),
(266, 40, 'Biaya', NULL, 0, 0, 0, 0, 1, 1, 1, 3, '2018-05-30 23:30:09', '2018-05-30 23:30:09'),
(267, 40, 'Tema Busana', NULL, 0, 0, 0, 0, 0, 1, 1, 4, '2018-05-30 23:30:09', '2018-05-30 23:30:09'),
(268, 40, 'Nuansa Warna', NULL, 0, 0, 0, 0, 0, 1, 1, 5, '2018-05-30 23:30:09', '2018-05-30 23:30:09'),
(269, 40, 'Catatan', NULL, 1, 0, 0, 1, 0, 1, 1, 6, '2018-05-30 23:30:09', '2018-05-30 23:30:09'),
(270, 41, 'Nama', NULL, 0, 0, 0, 0, 0, 1, 1, 0, '2018-05-30 23:30:09', '2018-05-30 23:30:09'),
(271, 41, 'Kontak', NULL, 0, 0, 0, 0, 0, 1, 1, 1, '2018-05-30 23:30:09', '2018-05-30 23:30:09'),
(272, 41, 'Alamat', NULL, 0, 0, 0, 0, 0, 1, 1, 2, '2018-05-30 23:30:09', '2018-05-30 23:30:09'),
(273, 41, 'Biaya', NULL, 0, 0, 0, 0, 1, 1, 1, 3, '2018-05-30 23:30:09', '2018-05-30 23:30:09'),
(274, 41, 'Contoh Aksesoris', NULL, 0, 1, 0, 1, 0, 1, 1, 4, '2018-05-30 23:30:09', '2018-05-30 23:30:09'),
(275, 41, 'Tema', NULL, 0, 0, 0, 0, 0, 1, 1, 5, '2018-05-30 23:30:09', '2018-05-30 23:30:09'),
(276, 41, 'Catatan', NULL, 1, 0, 0, 1, 0, 1, 1, 6, '2018-05-30 23:30:09', '2018-05-30 23:30:09'),
(277, 42, 'Nama', NULL, 0, 0, 0, 0, 0, 1, 1, 0, '2018-05-30 23:30:09', '2018-05-30 23:30:09'),
(278, 42, 'Kontak', NULL, 0, 0, 0, 0, 0, 1, 1, 1, '2018-05-30 23:30:09', '2018-05-30 23:30:09'),
(279, 42, 'Alamat', NULL, 0, 0, 0, 0, 0, 1, 1, 2, '2018-05-30 23:30:09', '2018-05-30 23:30:09'),
(280, 42, 'Biaya', NULL, 0, 0, 0, 0, 1, 1, 1, 3, '2018-05-30 23:30:09', '2018-05-30 23:30:09'),
(281, 42, 'Contoh Perias Wajah', NULL, 0, 1, 0, 1, 0, 1, 1, 4, '2018-05-30 23:30:09', '2018-05-30 23:30:09'),
(282, 42, 'Tema', NULL, 0, 0, 0, 0, 0, 1, 1, 5, '2018-05-30 23:30:09', '2018-05-30 23:30:09'),
(283, 42, 'Catatan', NULL, 1, 0, 0, 1, 0, 1, 1, 6, '2018-05-30 23:30:09', '2018-05-30 23:30:09'),
(284, 43, 'Nama', NULL, 0, 0, 0, 0, 0, 1, 1, 0, '2018-05-30 23:30:09', '2018-05-30 23:30:09'),
(285, 43, 'Kontak', NULL, 0, 0, 0, 0, 0, 1, 1, 1, '2018-05-30 23:30:09', '2018-05-30 23:30:09'),
(286, 43, 'Alamat', NULL, 0, 0, 0, 0, 0, 1, 1, 2, '2018-05-30 23:30:09', '2018-05-30 23:30:09'),
(287, 43, 'Biaya', NULL, 0, 0, 0, 0, 1, 1, 1, 3, '2018-05-30 23:30:09', '2018-05-30 23:30:09'),
(288, 43, 'Contoh Makanan', NULL, 0, 1, 0, 1, 0, 1, 1, 4, '2018-05-30 23:30:09', '2018-05-30 23:30:09'),
(289, 43, 'Nama Makanan', NULL, 0, 0, 0, 0, 0, 1, 1, 5, '2018-05-30 23:30:09', '2018-05-30 23:30:09'),
(290, 43, 'Catatan', NULL, 1, 0, 0, 1, 0, 1, 1, 6, '2018-05-30 23:30:09', '2018-05-30 23:30:09'),
(291, 44, 'Nama Vendor', NULL, 0, 0, 0, 0, 0, 1, 1, 0, '2018-05-30 23:30:09', '2018-05-30 23:30:09'),
(292, 44, 'Kontak', NULL, 0, 0, 0, 0, 0, 1, 1, 1, '2018-05-30 23:30:09', '2018-05-30 23:30:09'),
(293, 44, 'Alamat', NULL, 0, 0, 0, 0, 0, 1, 1, 2, '2018-05-30 23:30:09', '2018-05-30 23:30:09'),
(294, 44, 'Biaya', NULL, 0, 0, 0, 0, 1, 1, 1, 3, '2018-05-30 23:30:09', '2018-05-30 23:30:09'),
(295, 44, 'Catatan', NULL, 1, 0, 0, 1, 0, 1, 1, 4, '2018-05-30 23:30:09', '2018-05-30 23:30:09'),
(296, 45, 'Nama Dekorator', NULL, 0, 0, 0, 0, 0, 1, 1, 0, '2018-05-30 23:30:09', '2018-05-30 23:30:09'),
(297, 45, 'Kontak', NULL, 0, 0, 0, 0, 0, 1, 1, 1, '2018-05-30 23:30:09', '2018-05-30 23:30:09'),
(298, 45, 'Alamat', NULL, 0, 0, 0, 0, 0, 1, 1, 2, '2018-05-30 23:30:09', '2018-05-30 23:30:09'),
(299, 45, 'Biaya', NULL, 0, 0, 0, 0, 1, 1, 1, 3, '2018-05-30 23:30:09', '2018-05-30 23:30:09'),
(300, 45, 'Foto Acuan Dekorasi', NULL, 0, 1, 0, 1, 0, 1, 1, 4, '2018-05-30 23:30:09', '2018-05-30 23:30:09'),
(301, 45, 'Tema Dekorasi', NULL, 0, 0, 0, 0, 0, 1, 1, 5, '2018-05-30 23:30:09', '2018-05-30 23:30:09'),
(302, 45, 'Nuansa Warna Bunga', NULL, 0, 0, 0, 0, 0, 1, 1, 6, '2018-05-30 23:30:09', '2018-05-30 23:30:09'),
(303, 45, 'Nuansa Warna Dekorasi', NULL, 0, 0, 0, 0, 0, 1, 1, 7, '2018-05-30 23:30:09', '2018-05-30 23:30:09'),
(304, 45, 'Kain Dekorasi', NULL, 0, 0, 0, 0, 0, 1, 1, 8, '2018-05-30 23:30:09', '2018-05-30 23:30:09'),
(305, 45, 'Catatan', NULL, 1, 0, 0, 1, 0, 1, 1, 9, '2018-05-30 23:30:09', '2018-05-30 23:30:09'),
(306, 46, 'Nama', NULL, 0, 0, 0, 0, 0, 1, 1, 0, '2018-05-30 23:30:09', '2018-05-30 23:30:09'),
(307, 46, 'Kontak', NULL, 0, 0, 0, 0, 0, 1, 1, 1, '2018-05-30 23:30:09', '2018-05-30 23:30:09'),
(308, 46, 'Alamat', NULL, 0, 0, 0, 0, 0, 1, 1, 2, '2018-05-30 23:30:09', '2018-05-30 23:30:09'),
(309, 46, 'Biaya', NULL, 0, 0, 0, 0, 1, 1, 1, 3, '2018-05-30 23:30:09', '2018-05-30 23:30:09'),
(310, 46, 'Foto Lokasi Acara', NULL, 0, 1, 0, 1, 0, 1, 1, 4, '2018-05-30 23:30:09', '2018-05-30 23:30:09'),
(311, 46, 'Catatan', NULL, 1, 0, 0, 1, 0, 1, 1, 5, '2018-05-30 23:30:09', '2018-05-30 23:30:09'),
(312, 47, 'Nama', NULL, 0, 0, 0, 0, 0, 1, 1, 0, '2018-05-30 23:30:09', '2018-05-30 23:30:09'),
(313, 47, 'Kontak', NULL, 0, 0, 0, 0, 0, 1, 1, 1, '2018-05-30 23:30:09', '2018-05-30 23:30:09'),
(314, 47, 'Alamat', NULL, 0, 0, 0, 0, 0, 1, 1, 2, '2018-05-30 23:30:09', '2018-05-30 23:30:09'),
(315, 47, 'Biaya', NULL, 0, 0, 0, 0, 1, 1, 1, 3, '2018-05-30 23:30:09', '2018-05-30 23:30:09'),
(316, 47, 'Foto Acuan Pernikahan', NULL, 0, 1, 0, 1, 0, 1, 1, 4, '2018-05-30 23:30:09', '2018-05-30 23:30:09'),
(317, 47, 'Catatan', NULL, 1, 0, 0, 1, 0, 1, 1, 5, '2018-05-30 23:30:09', '2018-05-30 23:30:09'),
(318, 48, 'Nama', NULL, 0, 0, 0, 0, 0, 1, 1, 0, '2018-05-30 23:30:09', '2018-05-30 23:30:09'),
(319, 48, 'Kontak', NULL, 0, 0, 0, 0, 0, 1, 1, 1, '2018-05-30 23:30:09', '2018-05-30 23:30:09'),
(320, 48, 'Alamat', NULL, 0, 0, 0, 0, 0, 1, 1, 2, '2018-05-30 23:30:09', '2018-05-30 23:30:09'),
(321, 48, 'Biaya', NULL, 0, 0, 0, 0, 1, 1, 1, 3, '2018-05-30 23:30:09', '2018-05-30 23:30:09'),
(322, 48, 'Video Acuan Pernikahan', NULL, 0, 0, 1, 1, 0, 1, 1, 4, '2018-05-30 23:30:09', '2018-05-30 23:30:09'),
(323, 48, 'Tema Video', NULL, 0, 0, 0, 0, 0, 1, 1, 5, '2018-05-30 23:30:09', '2018-05-30 23:30:09'),
(324, 48, 'Catatan', NULL, 1, 0, 0, 1, 0, 1, 1, 6, '2018-05-30 23:30:09', '2018-05-30 23:30:09'),
(325, 49, 'Nama', NULL, 0, 0, 0, 0, 0, 1, 1, 0, '2018-05-30 23:30:09', '2018-05-30 23:30:09'),
(326, 49, 'Kontak', NULL, 0, 0, 0, 0, 0, 1, 1, 1, '2018-05-30 23:30:09', '2018-05-30 23:30:09'),
(327, 49, 'Alamat', NULL, 0, 0, 0, 0, 0, 1, 1, 2, '2018-05-30 23:30:09', '2018-05-30 23:30:09'),
(328, 49, 'Biaya', NULL, 0, 0, 0, 0, 1, 1, 1, 3, '2018-05-30 23:30:09', '2018-05-30 23:30:09'),
(329, 49, 'Tema Busana', NULL, 0, 0, 0, 0, 0, 1, 1, 4, '2018-05-30 23:30:09', '2018-05-30 23:30:09'),
(330, 49, 'Nuansa Warna', NULL, 0, 0, 0, 0, 0, 1, 1, 5, '2018-05-30 23:30:09', '2018-05-30 23:30:09'),
(331, 49, 'Catatan', NULL, 1, 0, 0, 1, 0, 1, 1, 6, '2018-05-30 23:30:09', '2018-05-30 23:30:09'),
(332, 50, 'Nama', NULL, 0, 0, 0, 0, 0, 1, 1, 0, '2018-05-30 23:30:09', '2018-05-30 23:30:09'),
(333, 50, 'Kontak', NULL, 0, 0, 0, 0, 0, 1, 1, 1, '2018-05-30 23:30:09', '2018-05-30 23:30:09'),
(334, 50, 'Alamat', NULL, 0, 0, 0, 0, 0, 1, 1, 2, '2018-05-30 23:30:09', '2018-05-30 23:30:09'),
(335, 50, 'Biaya', NULL, 0, 0, 0, 0, 1, 1, 1, 3, '2018-05-30 23:30:09', '2018-05-30 23:30:09'),
(336, 50, 'Contoh Aksesoris', NULL, 0, 1, 0, 1, 0, 1, 1, 4, '2018-05-30 23:30:09', '2018-05-30 23:30:09'),
(337, 50, 'Tema', NULL, 0, 0, 0, 0, 0, 1, 1, 5, '2018-05-30 23:30:09', '2018-05-30 23:30:09'),
(338, 50, 'Catatan', NULL, 1, 0, 0, 1, 0, 1, 1, 6, '2018-05-30 23:30:09', '2018-05-30 23:30:09'),
(339, 51, 'Nama', NULL, 0, 0, 0, 0, 0, 1, 1, 0, '2018-05-30 23:30:09', '2018-05-30 23:30:09'),
(340, 51, 'Kontak', NULL, 0, 0, 0, 0, 0, 1, 1, 1, '2018-05-30 23:30:09', '2018-05-30 23:30:09'),
(341, 51, 'Alamat', NULL, 0, 0, 0, 0, 0, 1, 1, 2, '2018-05-30 23:30:09', '2018-05-30 23:30:09'),
(342, 51, 'Biaya', NULL, 0, 0, 0, 0, 1, 1, 1, 3, '2018-05-30 23:30:09', '2018-05-30 23:30:09'),
(343, 51, 'Contoh Perias Wajah', NULL, 0, 1, 0, 1, 0, 1, 1, 4, '2018-05-30 23:30:09', '2018-05-30 23:30:09'),
(344, 51, 'Tema', NULL, 0, 0, 0, 0, 0, 1, 1, 5, '2018-05-30 23:30:09', '2018-05-30 23:30:09'),
(345, 51, 'Catatan', NULL, 1, 0, 0, 1, 0, 1, 1, 6, '2018-05-30 23:30:09', '2018-05-30 23:30:09'),
(346, 52, 'Nama', NULL, 0, 0, 0, 0, 0, 1, 1, 0, '2018-05-30 23:30:09', '2018-05-30 23:30:09'),
(347, 52, 'Kontak', NULL, 0, 0, 0, 0, 0, 1, 1, 1, '2018-05-30 23:30:09', '2018-05-30 23:30:09'),
(348, 52, 'Alamat', NULL, 0, 0, 0, 0, 0, 1, 1, 2, '2018-05-30 23:30:09', '2018-05-30 23:30:09'),
(349, 52, 'Biaya', NULL, 0, 0, 0, 0, 1, 1, 1, 3, '2018-05-30 23:30:09', '2018-05-30 23:30:09'),
(350, 52, 'Contoh Makanan', NULL, 0, 1, 0, 1, 0, 1, 1, 4, '2018-05-30 23:30:09', '2018-05-30 23:30:09'),
(351, 52, 'Nama Makanan', NULL, 0, 0, 0, 0, 0, 1, 1, 5, '2018-05-30 23:30:09', '2018-05-30 23:30:09'),
(352, 52, 'Catatan', NULL, 1, 0, 0, 1, 0, 1, 1, 6, '2018-05-30 23:30:09', '2018-05-30 23:30:09'),
(353, 53, 'Nama', NULL, 0, 0, 0, 0, 0, 1, 1, 0, '2018-05-30 23:30:09', '2018-05-30 23:30:09'),
(354, 53, 'Kontak', NULL, 0, 0, 0, 0, 0, 1, 1, 1, '2018-05-30 23:30:09', '2018-05-30 23:30:09'),
(355, 53, 'Alamat', NULL, 0, 0, 0, 0, 0, 1, 1, 2, '2018-05-30 23:30:09', '2018-05-30 23:30:09'),
(356, 53, 'Biaya', NULL, 0, 0, 0, 0, 1, 1, 1, 3, '2018-05-30 23:30:09', '2018-05-30 23:30:09'),
(357, 53, 'Contoh', NULL, 0, 1, 0, 1, 0, 1, 1, 4, '2018-05-30 23:30:09', '2018-05-30 23:30:09'),
(358, 53, 'Isi Undangan', NULL, 0, 0, 0, 0, 0, 1, 1, 5, '2018-05-30 23:30:09', '2018-05-30 23:30:09'),
(359, 53, 'Catatan', NULL, 1, 0, 0, 1, 0, 1, 1, 6, '2018-05-30 23:30:09', '2018-05-30 23:30:09'),
(360, 54, 'Nama', NULL, 0, 0, 0, 0, 0, 1, 1, 0, '2018-05-30 23:30:09', '2018-05-30 23:30:09'),
(361, 54, 'Kontak', NULL, 0, 0, 0, 0, 0, 1, 1, 1, '2018-05-30 23:30:09', '2018-05-30 23:30:09'),
(362, 54, 'Alamat', NULL, 0, 0, 0, 0, 0, 1, 1, 2, '2018-05-30 23:30:09', '2018-05-30 23:30:09'),
(363, 54, 'Biaya', NULL, 0, 0, 0, 0, 1, 1, 1, 3, '2018-05-30 23:30:09', '2018-05-30 23:30:09'),
(364, 54, 'Foto', NULL, 0, 1, 0, 1, 0, 1, 1, 4, '2018-05-30 23:30:09', '2018-05-30 23:30:09'),
(365, 54, 'Catatan', NULL, 1, 0, 0, 1, 0, 1, 1, 5, '2018-05-30 23:30:09', '2018-05-30 23:30:09'),
(366, 55, 'Nama Vendor', NULL, 0, 0, 0, 0, 0, 1, 1, 0, '2018-05-30 23:30:09', '2018-05-30 23:30:09'),
(367, 55, 'Kontak', NULL, 0, 0, 0, 0, 0, 1, 1, 1, '2018-05-30 23:30:09', '2018-05-30 23:30:09'),
(368, 55, 'Alamat', NULL, 0, 0, 0, 0, 0, 1, 1, 2, '2018-05-30 23:30:09', '2018-05-30 23:30:09'),
(369, 55, 'Biaya', NULL, 0, 0, 0, 0, 1, 1, 1, 3, '2018-05-30 23:30:09', '2018-05-30 23:30:09'),
(370, 55, 'Catatan', NULL, 1, 0, 0, 1, 0, 1, 1, 4, '2018-05-30 23:30:09', '2018-05-30 23:30:09'),
(371, 56, 'Nama Dekorator', NULL, 0, 0, 0, 0, 0, 1, 1, 0, '2018-05-30 23:30:09', '2018-05-30 23:30:09'),
(372, 56, 'Kontak', NULL, 0, 0, 0, 0, 0, 1, 1, 1, '2018-05-30 23:30:09', '2018-05-30 23:30:09'),
(373, 56, 'Alamat', NULL, 0, 0, 0, 0, 0, 1, 1, 2, '2018-05-30 23:30:09', '2018-05-30 23:30:09'),
(374, 56, 'Biaya', NULL, 0, 0, 0, 0, 1, 1, 1, 3, '2018-05-30 23:30:09', '2018-05-30 23:30:09'),
(375, 56, 'Foto Acuan Dekorasi', NULL, 0, 1, 0, 1, 0, 1, 1, 4, '2018-05-30 23:30:09', '2018-05-30 23:30:09'),
(376, 56, 'Tema Dekorasi', NULL, 0, 0, 0, 0, 0, 1, 1, 5, '2018-05-30 23:30:09', '2018-05-30 23:30:09'),
(377, 56, 'Nuansa Warna Bunga', NULL, 0, 0, 0, 0, 0, 1, 1, 6, '2018-05-30 23:30:09', '2018-05-30 23:30:09'),
(378, 56, 'Nuansa Warna Dekorasi', NULL, 0, 0, 0, 0, 0, 1, 1, 7, '2018-05-30 23:30:09', '2018-05-30 23:30:09'),
(379, 56, 'Kain Dekorasi', NULL, 0, 0, 0, 0, 0, 1, 1, 8, '2018-05-30 23:30:09', '2018-05-30 23:30:09'),
(380, 56, 'Catatan', NULL, 1, 0, 0, 1, 0, 1, 1, 9, '2018-05-30 23:30:09', '2018-05-30 23:30:09'),
(381, 57, 'Nama', NULL, 0, 0, 0, 0, 0, 1, 1, 0, '2018-05-30 23:30:09', '2018-05-30 23:30:09'),
(382, 57, 'Kontak', NULL, 0, 0, 0, 0, 0, 1, 1, 1, '2018-05-30 23:30:09', '2018-05-30 23:30:09'),
(383, 57, 'Alamat', NULL, 0, 0, 0, 0, 0, 1, 1, 2, '2018-05-30 23:30:09', '2018-05-30 23:30:09'),
(384, 57, 'Biaya', NULL, 0, 0, 0, 0, 1, 1, 1, 3, '2018-05-30 23:30:09', '2018-05-30 23:30:09'),
(385, 57, 'Foto Lokasi Acara', NULL, 0, 1, 0, 1, 0, 1, 1, 4, '2018-05-30 23:30:09', '2018-05-30 23:30:09'),
(386, 57, 'Catatan', NULL, 1, 0, 0, 1, 0, 1, 1, 5, '2018-05-30 23:30:09', '2018-05-30 23:30:09'),
(387, 58, 'Nama', NULL, 0, 0, 0, 0, 0, 1, 1, 0, '2018-05-30 23:30:09', '2018-05-30 23:30:09'),
(388, 58, 'Kontak', NULL, 0, 0, 0, 0, 0, 1, 1, 1, '2018-05-30 23:30:09', '2018-05-30 23:30:09'),
(389, 58, 'Alamat', NULL, 0, 0, 0, 0, 0, 1, 1, 2, '2018-05-30 23:30:09', '2018-05-30 23:30:09'),
(390, 58, 'Biaya', NULL, 0, 0, 0, 0, 1, 1, 1, 3, '2018-05-30 23:30:09', '2018-05-30 23:30:09'),
(391, 58, 'Foto Acuan Pernikahan', NULL, 0, 1, 0, 1, 0, 1, 1, 4, '2018-05-30 23:30:09', '2018-05-30 23:30:09'),
(392, 58, 'Catatan', NULL, 1, 0, 0, 1, 0, 1, 1, 5, '2018-05-30 23:30:09', '2018-05-30 23:30:09'),
(393, 59, 'Nama', NULL, 0, 0, 0, 0, 0, 1, 1, 0, '2018-05-30 23:30:09', '2018-05-30 23:30:09'),
(394, 59, 'Kontak', NULL, 0, 0, 0, 0, 0, 1, 1, 1, '2018-05-30 23:30:09', '2018-05-30 23:30:09'),
(395, 59, 'Alamat', NULL, 0, 0, 0, 0, 0, 1, 1, 2, '2018-05-30 23:30:09', '2018-05-30 23:30:09'),
(396, 59, 'Biaya', NULL, 0, 0, 0, 0, 1, 1, 1, 3, '2018-05-30 23:30:09', '2018-05-30 23:30:09'),
(397, 59, 'Video Acuan Pernikahan', NULL, 0, 0, 1, 1, 0, 1, 1, 4, '2018-05-30 23:30:09', '2018-05-30 23:30:09'),
(398, 59, 'Tema Video', NULL, 0, 0, 0, 0, 0, 1, 1, 5, '2018-05-30 23:30:09', '2018-05-30 23:30:09'),
(399, 59, 'Catatan', NULL, 1, 0, 0, 1, 0, 1, 1, 6, '2018-05-30 23:30:09', '2018-05-30 23:30:09'),
(400, 60, 'Nama', NULL, 0, 0, 0, 0, 0, 1, 1, 0, '2018-05-30 23:30:09', '2018-05-30 23:30:09'),
(401, 60, 'Kontak', NULL, 0, 0, 0, 0, 0, 1, 1, 1, '2018-05-30 23:30:09', '2018-05-30 23:30:09'),
(402, 60, 'Alamat', NULL, 0, 0, 0, 0, 0, 1, 1, 2, '2018-05-30 23:30:09', '2018-05-30 23:30:09'),
(403, 60, 'Biaya', NULL, 0, 0, 0, 0, 1, 1, 1, 3, '2018-05-30 23:30:09', '2018-05-30 23:30:09'),
(404, 60, 'Tema Busana', NULL, 0, 0, 0, 0, 0, 1, 1, 4, '2018-05-30 23:30:09', '2018-05-30 23:30:09'),
(405, 60, 'Nuansa Warna', NULL, 0, 0, 0, 0, 0, 1, 1, 5, '2018-05-30 23:30:09', '2018-05-30 23:30:09'),
(406, 60, 'Catatan', NULL, 1, 0, 0, 1, 0, 1, 1, 6, '2018-05-30 23:30:09', '2018-05-30 23:30:09'),
(407, 61, 'Nama', NULL, 0, 0, 0, 0, 0, 1, 1, 0, '2018-05-30 23:30:09', '2018-05-30 23:30:09'),
(408, 61, 'Kontak', NULL, 0, 0, 0, 0, 0, 1, 1, 1, '2018-05-30 23:30:09', '2018-05-30 23:30:09'),
(409, 61, 'Alamat', NULL, 0, 0, 0, 0, 0, 1, 1, 2, '2018-05-30 23:30:09', '2018-05-30 23:30:09'),
(410, 61, 'Biaya', NULL, 0, 0, 0, 0, 1, 1, 1, 3, '2018-05-30 23:30:09', '2018-05-30 23:30:09'),
(411, 61, 'Contoh Aksesoris', NULL, 0, 1, 0, 1, 0, 1, 1, 4, '2018-05-30 23:30:09', '2018-05-30 23:30:09'),
(412, 61, 'Tema', NULL, 0, 0, 0, 0, 0, 1, 1, 5, '2018-05-30 23:30:09', '2018-05-30 23:30:09'),
(413, 61, 'Catatan', NULL, 1, 0, 0, 1, 0, 1, 1, 6, '2018-05-30 23:30:09', '2018-05-30 23:30:09'),
(414, 62, 'Nama', NULL, 0, 0, 0, 0, 0, 1, 1, 0, '2018-05-30 23:30:09', '2018-05-30 23:30:09'),
(415, 62, 'Kontak', NULL, 0, 0, 0, 0, 0, 1, 1, 1, '2018-05-30 23:30:09', '2018-05-30 23:30:09'),
(416, 62, 'Alamat', NULL, 0, 0, 0, 0, 0, 1, 1, 2, '2018-05-30 23:30:09', '2018-05-30 23:30:09'),
(417, 62, 'Biaya', NULL, 0, 0, 0, 0, 1, 1, 1, 3, '2018-05-30 23:30:09', '2018-05-30 23:30:09'),
(418, 62, 'Contoh Perias Wajah', NULL, 0, 1, 0, 1, 0, 1, 1, 4, '2018-05-30 23:30:09', '2018-05-30 23:30:09'),
(419, 62, 'Tema', NULL, 0, 0, 0, 0, 0, 1, 1, 5, '2018-05-30 23:30:09', '2018-05-30 23:30:09'),
(420, 62, 'Catatan', NULL, 1, 0, 0, 1, 0, 1, 1, 6, '2018-05-30 23:30:09', '2018-05-30 23:30:09'),
(421, 63, 'Nama', NULL, 0, 0, 0, 0, 0, 1, 1, 0, '2018-05-30 23:30:09', '2018-05-30 23:30:09'),
(422, 63, 'Kontak', NULL, 0, 0, 0, 0, 0, 1, 1, 1, '2018-05-30 23:30:09', '2018-05-30 23:30:09'),
(423, 63, 'Alamat', NULL, 0, 0, 0, 0, 0, 1, 1, 2, '2018-05-30 23:30:09', '2018-05-30 23:30:09'),
(424, 63, 'Biaya', NULL, 0, 0, 0, 0, 1, 1, 1, 3, '2018-05-30 23:30:09', '2018-05-30 23:30:09'),
(425, 63, 'Contoh Makanan', NULL, 0, 1, 0, 1, 0, 1, 1, 4, '2018-05-30 23:30:09', '2018-05-30 23:30:09'),
(426, 63, 'Nama Makanan', NULL, 0, 0, 0, 0, 0, 1, 1, 5, '2018-05-30 23:30:09', '2018-05-30 23:30:09'),
(427, 63, 'Catatan', NULL, 1, 0, 0, 1, 0, 1, 1, 6, '2018-05-30 23:30:09', '2018-05-30 23:30:09'),
(428, 64, 'Nama', NULL, 0, 0, 0, 0, 0, 1, 1, 0, '2018-05-30 23:30:09', '2018-05-30 23:30:09'),
(429, 64, 'Kontak', NULL, 0, 0, 0, 0, 0, 1, 1, 1, '2018-05-30 23:30:09', '2018-05-30 23:30:09'),
(430, 64, 'Alamat', NULL, 0, 0, 0, 0, 0, 1, 1, 2, '2018-05-30 23:30:09', '2018-05-30 23:30:09'),
(431, 64, 'Biaya', NULL, 0, 0, 0, 0, 1, 1, 1, 3, '2018-05-30 23:30:09', '2018-05-30 23:30:09'),
(432, 64, 'Contoh', NULL, 0, 1, 0, 1, 0, 1, 1, 4, '2018-05-30 23:30:09', '2018-05-30 23:30:09'),
(433, 64, 'Isi Undangan', NULL, 0, 0, 0, 0, 0, 1, 1, 5, '2018-05-30 23:30:09', '2018-05-30 23:30:09'),
(434, 64, 'Catatan', NULL, 1, 0, 0, 1, 0, 1, 1, 6, '2018-05-30 23:30:09', '2018-05-30 23:30:09'),
(435, 65, 'Lokasi', NULL, 0, 0, 0, 0, 0, 1, 1, 0, '2018-05-30 23:30:09', '2018-05-30 23:30:09'),
(436, 65, 'Tanggal', NULL, 0, 0, 0, 0, 0, 1, 1, 1, '2018-05-30 23:30:09', '2018-05-30 23:30:09'),
(437, 65, 'Alamat', NULL, 0, 0, 0, 0, 0, 1, 1, 2, '2018-05-30 23:30:09', '2018-05-30 23:30:09'),
(438, 65, 'Biaya', NULL, 0, 0, 0, 0, 1, 1, 1, 3, '2018-05-30 23:30:09', '2018-05-30 23:30:09'),
(439, 65, 'Foto', NULL, 0, 1, 0, 1, 0, 1, 1, 4, '2018-05-30 23:30:09', '2018-05-30 23:30:09'),
(440, 65, 'Catatan', NULL, 1, 0, 0, 1, 0, 1, 1, 5, '2018-05-30 23:30:09', '2018-05-30 23:30:09'),
(441, 66, 'Nama', NULL, 0, 0, 0, 0, 0, 1, 1, 0, '2018-05-30 23:30:09', '2018-05-30 23:30:09'),
(442, 66, 'Kontak', NULL, 0, 0, 0, 0, 0, 1, 1, 1, '2018-05-30 23:30:09', '2018-05-30 23:30:09'),
(443, 66, 'Alamat', NULL, 0, 0, 0, 0, 0, 1, 1, 2, '2018-05-30 23:30:09', '2018-05-30 23:30:09'),
(444, 66, 'Biaya', NULL, 0, 0, 0, 0, 1, 1, 1, 3, '2018-05-30 23:30:09', '2018-05-30 23:30:09'),
(445, 66, 'Foto', NULL, 0, 1, 0, 1, 0, 1, 1, 4, '2018-05-30 23:30:09', '2018-05-30 23:30:09'),
(446, 66, 'Catatan', NULL, 1, 0, 0, 1, 0, 1, 1, 5, '2018-05-30 23:30:09', '2018-05-30 23:30:09'),
(447, 67, 'Lokasi', NULL, 0, 0, 0, 0, 0, 1, 1, 0, '2018-05-30 23:30:09', '2018-05-30 23:30:09'),
(448, 67, 'Tanggal', NULL, 0, 0, 0, 0, 0, 1, 1, 1, '2018-05-30 23:30:09', '2018-05-30 23:30:09'),
(449, 67, 'Hotel', NULL, 0, 0, 0, 0, 0, 1, 1, 2, '2018-05-30 23:30:09', '2018-05-30 23:30:09'),
(450, 67, 'Biaya', NULL, 0, 0, 0, 0, 1, 1, 1, 3, '2018-05-30 23:30:09', '2018-05-30 23:30:09'),
(451, 67, 'Foto Lokasi', NULL, 0, 1, 0, 1, 0, 1, 1, 4, '2018-05-30 23:30:09', '2018-05-30 23:30:09'),
(452, 67, 'Catatan', NULL, 1, 0, 0, 1, 0, 1, 1, 5, '2018-05-30 23:30:09', '2018-05-30 23:30:09');

-- --------------------------------------------------------

--
-- Struktur dari tabel `content_detail_list`
--

CREATE TABLE `content_detail_list` (
  `id` int(11) NOT NULL,
  `content_detail_id` int(11) NOT NULL,
  `name` varchar(255) DEFAULT NULL,
  `value` text,
  `status` smallint(6) NOT NULL DEFAULT '1',
  `order` smallint(6) NOT NULL,
  `created_at` timestamp NULL DEFAULT NULL,
  `updated_at` timestamp NULL DEFAULT NULL
) ENGINE=InnoDB DEFAULT CHARSET=latin1;

-- --------------------------------------------------------

--
-- Struktur dari tabel `message`
--

CREATE TABLE `message` (
  `id` int(11) NOT NULL,
  `user_relation_id` bigint(20) DEFAULT NULL,
  `name` varchar(255) COLLATE utf8mb4_unicode_ci NOT NULL,
  `file` varchar(255) COLLATE utf8mb4_unicode_ci NOT NULL,
  `description` text COLLATE utf8mb4_unicode_ci NOT NULL,
  `start_date` date DEFAULT NULL,
  `end_date` date DEFAULT NULL,
  `is_all_date` smallint(6) NOT NULL DEFAULT '0',
  `message_at` timestamp NULL DEFAULT NULL,
  `status` smallint(6) NOT NULL,
  `created_at` timestamp NULL DEFAULT NULL,
  `updated_at` timestamp NULL DEFAULT NULL
) ENGINE=InnoDB DEFAULT CHARSET=utf8mb4 COLLATE=utf8mb4_unicode_ci;

--
-- Dumping data untuk tabel `message`
--

INSERT INTO `message` (`id`, `user_relation_id`, `name`, `file`, `description`, `start_date`, `end_date`, `is_all_date`, `message_at`, `status`, `created_at`, `updated_at`) VALUES
(1, 3, 'Hendri GUnawan', '', 'asda sdasd asd asd', NULL, NULL, 1, '2018-07-02 11:34:45', 1, '2018-07-02 11:34:45', NULL),
(2, NULL, 'Hendri GUnawan d', '', 'asda sdasd asd asd', NULL, NULL, 1, '2018-07-02 11:34:45', 1, '2018-07-02 11:34:45', NULL);

-- --------------------------------------------------------

--
-- Struktur dari tabel `migrations`
--

CREATE TABLE `migrations` (
  `id` int(10) UNSIGNED NOT NULL,
  `migration` varchar(255) COLLATE utf8mb4_unicode_ci NOT NULL,
  `batch` int(11) NOT NULL
) ENGINE=InnoDB DEFAULT CHARSET=utf8mb4 COLLATE=utf8mb4_unicode_ci;

-- --------------------------------------------------------

--
-- Struktur dari tabel `page`
--

CREATE TABLE `page` (
  `id` int(11) NOT NULL,
  `category` smallint(6) NOT NULL,
  `name` varchar(600) COLLATE utf8mb4_unicode_ci NOT NULL,
  `description` text COLLATE utf8mb4_unicode_ci NOT NULL,
  `created_at` timestamp NULL DEFAULT NULL,
  `updated_at` timestamp NULL DEFAULT NULL
) ENGINE=InnoDB DEFAULT CHARSET=utf8mb4 COLLATE=utf8mb4_unicode_ci;

--
-- Dumping data untuk tabel `page`
--

INSERT INTO `page` (`id`, `category`, `name`, `description`, `created_at`, `updated_at`) VALUES
(1, 1, 'Kebijakan Privasi', '<p>Lorem Ipsum adalah contoh teks atau dummy dalam industri percetakan dan penataan huruf atau typesetting. Lorem Ipsum telah menjadi standar contoh teks sejak tahun 1500an, saat seorang tukang cetak yang tidak dikenal mengambil sebuah kumpulan teks dan mengacaknya untuk menjadi sebuah buku contoh huruf. Ia tidak hanya bertahan selama 5 abad, tapi juga telah beralih ke penataan huruf elektronik, tanpa ada perubahan apapun. Ia mulai dipopulerkan pada tahun 1960 dengan diluncurkannya lembaran-lembaran Letraset yang menggunakan kalimat-kalimat dari Lorem Ipsum, dan seiring munculnya perangkat lunak Desktop Publishing seperti Aldus PageMaker juga memiliki versi Lorem Ipsum.</p>\r\n<p>Dari mana asalnya?\r\nTidak seperti anggapan banyak orang, Lorem Ipsum bukanlah teks-teks yang diacak. Ia berakar dari sebuah naskah sastra latin klasik dari era 45 sebelum masehi, hingga bisa dipastikan usianya telah mencapai lebih dari 2000 tahun. Richard McClintock, seorang professor Bahasa Latin dari Hampden-Sidney College di Virginia, mencoba mencari makna salah satu kata latin yang dianggap paling tidak jelas, yakni consectetur, yang diambil dari salah satu bagian Lorem Ipsum. Setelah ia mencari maknanya di di literatur klasik, ia mendapatkan sebuah sumber yang tidak bisa diragukan. Lorem Ipsum berasal dari bagian 1.10.32 dan 1.10.33 dari naskah "de Finibus Bonorum et Malorum" (Sisi Ekstrim dari Kebaikan dan Kejahatan) karya Cicero, yang ditulis pada tahun 45 sebelum masehi. BUku ini adalah risalah dari teori etika yang sangat terkenal pada masa Renaissance. Baris pertama dari Lorem Ipsum, "Lorem ipsum dolor sit amet..", berasal dari sebuah baris di bagian 1.10.32.</p>', '2018-02-24 02:48:34', '2018-02-24 02:08:13'),
(2, 2, 'Tentang Kami', '<p>Lorem Ipsum adalah contoh teks atau dummy dalam industri percetakan dan penataan huruf atau typesetting. Lorem Ipsum telah menjadi standar contoh teks sejak tahun 1500an, saat seorang tukang cetak yang tidak dikenal mengambil sebuah kumpulan teks dan mengacaknya untuk menjadi sebuah buku contoh huruf. Ia tidak hanya bertahan selama 5 abad, tapi juga telah beralih ke penataan huruf elektronik, tanpa ada perubahan apapun. Ia mulai dipopulerkan pada tahun 1960 dengan diluncurkannya lembaran-lembaran Letraset yang menggunakan kalimat-kalimat dari Lorem Ipsum, dan seiring munculnya perangkat lunak Desktop Publishing seperti Aldus PageMaker juga memiliki versi Lorem Ipsum.</p>\r\n<p>Dari mana asalnya?\r\nTidak seperti anggapan banyak orang, Lorem Ipsum bukanlah teks-teks yang diacak. Ia berakar dari sebuah naskah sastra latin klasik dari era 45 sebelum masehi, hingga bisa dipastikan usianya telah mencapai lebih dari 2000 tahun. Richard McClintock, seorang professor Bahasa Latin dari Hampden-Sidney College di Virginia, mencoba mencari makna salah satu kata latin yang dianggap paling tidak jelas, yakni consectetur, yang diambil dari salah satu bagian Lorem Ipsum. Setelah ia mencari maknanya di di literatur klasik, ia mendapatkan sebuah sumber yang tidak bisa diragukan. Lorem Ipsum berasal dari bagian 1.10.32 dan 1.10.33 dari naskah "de Finibus Bonorum et Malorum" (Sisi Ekstrim dari Kebaikan dan Kejahatan) karya Cicero, yang ditulis pada tahun 45 sebelum masehi. BUku ini adalah risalah dari teori etika yang sangat terkenal pada masa Renaissance. Baris pertama dari Lorem Ipsum, "Lorem ipsum dolor sit amet..", berasal dari sebuah baris di bagian 1.10.32.</p>', '2018-02-24 02:48:50', '2018-02-24 02:10:06'),
(3, 3, 'Ketentuan Penggunaan', '<p>Lorem Ipsum adalah contoh teks atau dummy dalam industri percetakan dan penataan huruf atau typesetting. Lorem Ipsum telah menjadi standar contoh teks sejak tahun 1500an, saat seorang tukang cetak yang tidak dikenal mengambil sebuah kumpulan teks dan mengacaknya untuk menjadi sebuah buku contoh huruf. Ia tidak hanya bertahan selama 5 abad, tapi juga telah beralih ke penataan huruf elektronik, tanpa ada perubahan apapun. Ia mulai dipopulerkan pada tahun 1960 dengan diluncurkannya lembaran-lembaran Letraset yang menggunakan kalimat-kalimat dari Lorem Ipsum, dan seiring munculnya perangkat lunak Desktop Publishing seperti Aldus PageMaker juga memiliki versi Lorem Ipsum.</p>\r\n<p>Dari mana asalnya?\r\nTidak seperti anggapan banyak orang, Lorem Ipsum bukanlah teks-teks yang diacak. Ia berakar dari sebuah naskah sastra latin klasik dari era 45 sebelum masehi, hingga bisa dipastikan usianya telah mencapai lebih dari 2000 tahun. Richard McClintock, seorang professor Bahasa Latin dari Hampden-Sidney College di Virginia, mencoba mencari makna salah satu kata latin yang dianggap paling tidak jelas, yakni consectetur, yang diambil dari salah satu bagian Lorem Ipsum. Setelah ia mencari maknanya di di literatur klasik, ia mendapatkan sebuah sumber yang tidak bisa diragukan. Lorem Ipsum berasal dari bagian 1.10.32 dan 1.10.33 dari naskah "de Finibus Bonorum et Malorum" (Sisi Ekstrim dari Kebaikan dan Kejahatan) karya Cicero, yang ditulis pada tahun 45 sebelum masehi. BUku ini adalah risalah dari teori etika yang sangat terkenal pada masa Renaissance. Baris pertama dari Lorem Ipsum, "Lorem ipsum dolor sit amet..", berasal dari sebuah baris di bagian 1.10.32.</p>', '2018-03-08 04:54:42', NULL);

-- --------------------------------------------------------

--
-- Struktur dari tabel `procedure`
--

CREATE TABLE `procedure` (
  `id` int(11) NOT NULL,
  `name` varchar(255) NOT NULL,
  `description` varchar(600) DEFAULT NULL,
  `status` smallint(6) NOT NULL DEFAULT '1',
  `order` smallint(6) NOT NULL,
  `created_at` timestamp NULL DEFAULT NULL,
  `updated_at` timestamp NULL DEFAULT NULL
) ENGINE=InnoDB DEFAULT CHARSET=latin1;

--
-- Dumping data untuk tabel `procedure`
--

INSERT INTO `procedure` (`id`, `name`, `description`, `status`, `order`, `created_at`, `updated_at`) VALUES
(1, 'RT/RW', 'Mengurus surat pengantar nikah untuk dibawa ke kelurahan', 1, 0, '2018-02-20 03:00:00', '2018-02-24 01:54:01'),
(2, 'KELURAHAN', 'Mengurus surat pengantar untuk dibawa ke KUA kecamatan', 1, 1, '2018-02-20 03:00:00', '2018-02-24 01:54:01'),
(3, 'KUA KECAMATAN', 'Mengurus surat pengantar rekomendasi nikah untuk dibawa ke KUA kecamatan akad nikah', 1, 2, '2018-02-20 03:00:00', '2018-02-24 01:54:01'),
(4, 'KUA KECAMATAN', 'Pendaftaran nikah di KUA tempat dilaksanakannya akad nikah', 1, 3, '2018-02-20 03:00:00', '2018-02-24 01:54:01'),
(5, 'Akad di KUA KECAMATAN (Biaya nikah gratis)', 'Akad di luar KUA KECAMATAN (Membayar Rp 600.000 di bank persepsi yang ada diwilayah KUA akad nikah', 1, 4, '2018-02-20 03:00:00', '2018-02-24 01:54:01'),
(6, '', 'Menyerahkan slip setoran biaya nikah ke KUA tempat akad nikah', 1, 5, '2018-02-20 03:00:00', '2018-02-24 01:54:01'),
(7, 'KUA KECAMATAN', 'Pemerikasaan data nikah calon pengantin & wali nikah di tempat akad nikah', 1, 6, '2018-02-20 03:00:00', '2018-02-24 01:54:01'),
(8, 'LOKASI NIKAH', 'Pelaksanaan akad nikah & penyerahan buku nikah', 1, 7, '2018-02-20 03:00:00', '2018-02-24 01:54:01');

-- --------------------------------------------------------

--
-- Struktur dari tabel `procedure_administration`
--

CREATE TABLE `procedure_administration` (
  `id` int(11) NOT NULL,
  `user_relation_id` bigint(20) NOT NULL,
  `user_id` bigint(20) UNSIGNED NOT NULL,
  `procedure_id` int(11) NOT NULL,
  `checklist` smallint(1) NOT NULL,
  `created_at` timestamp NULL DEFAULT NULL,
  `updated_at` timestamp NULL DEFAULT NULL
) ENGINE=InnoDB DEFAULT CHARSET=latin1;

-- --------------------------------------------------------

--
-- Struktur dari tabel `procedure_payment`
--

CREATE TABLE `procedure_payment` (
  `id` int(11) NOT NULL,
  `user_relation_id` bigint(20) NOT NULL,
  `user_id` bigint(20) UNSIGNED NOT NULL,
  `name` varchar(100) NOT NULL,
  `description` text,
  `account_number` varchar(50) DEFAULT NULL,
  `account_bank` varchar(50) DEFAULT NULL,
  `account_holder` varchar(100) DEFAULT NULL,
  `payment_total` decimal(10,0) NOT NULL,
  `installment_total_1` decimal(14,0) DEFAULT '0',
  `installment_total_2` decimal(14,0) DEFAULT '0',
  `installment_total_3` decimal(14,0) DEFAULT '0',
  `installment_date_1` date DEFAULT NULL,
  `installment_date_2` date DEFAULT NULL,
  `installment_date_3` date DEFAULT NULL,
  `created_at` timestamp NULL DEFAULT NULL,
  `updated_at` timestamp NULL DEFAULT NULL
) ENGINE=InnoDB DEFAULT CHARSET=latin1;

-- --------------------------------------------------------

--
-- Struktur dari tabel `procedure_preparation`
--

CREATE TABLE `procedure_preparation` (
  `id` int(11) NOT NULL,
  `user_relation_id` bigint(20) NOT NULL,
  `user_id` bigint(20) UNSIGNED NOT NULL,
  `name` varchar(100) NOT NULL,
  `venue` varchar(100) NOT NULL,
  `preparation_at` timestamp NULL DEFAULT NULL,
  `created_at` timestamp NULL DEFAULT NULL,
  `updated_at` timestamp NULL DEFAULT NULL
) ENGINE=InnoDB DEFAULT CHARSET=latin1;

-- --------------------------------------------------------

--
-- Struktur dari tabel `report_problem`
--

CREATE TABLE `report_problem` (
  `id` int(11) NOT NULL,
  `user_id` bigint(20) NOT NULL,
  `category` smallint(6) NOT NULL,
  `description` text COLLATE utf8mb4_unicode_ci NOT NULL,
  `status` smallint(6) NOT NULL DEFAULT '1',
  `created_at` timestamp NULL DEFAULT NULL,
  `updated_at` timestamp NULL DEFAULT NULL
) ENGINE=InnoDB DEFAULT CHARSET=utf8mb4 COLLATE=utf8mb4_unicode_ci;

-- --------------------------------------------------------

--
-- Struktur dari tabel `user`
--

CREATE TABLE `user` (
  `id` bigint(20) UNSIGNED NOT NULL,
  `name` varchar(255) COLLATE utf8mb4_unicode_ci DEFAULT NULL,
  `gender` smallint(6) DEFAULT NULL,
  `email` varchar(255) COLLATE utf8mb4_unicode_ci NOT NULL,
  `phone` varchar(30) COLLATE utf8mb4_unicode_ci DEFAULT NULL,
  `password` varchar(255) COLLATE utf8mb4_unicode_ci DEFAULT NULL,
  `remember_token` varchar(255) COLLATE utf8mb4_unicode_ci DEFAULT NULL,
  `user_id_token` varchar(255) COLLATE utf8mb4_unicode_ci DEFAULT NULL,
  `firebase_token` varchar(255) COLLATE utf8mb4_unicode_ci DEFAULT NULL,
  `device_number` varchar(255) COLLATE utf8mb4_unicode_ci DEFAULT NULL,
  `registered_device_number` varchar(255) COLLATE utf8mb4_unicode_ci DEFAULT NULL,
  `registered_token` text COLLATE utf8mb4_unicode_ci,
  `registered_at` timestamp NULL DEFAULT NULL,
  `forgot_token` text COLLATE utf8mb4_unicode_ci,
  `token` text COLLATE utf8mb4_unicode_ci,
  `status` smallint(6) DEFAULT NULL,
  `role` smallint(6) DEFAULT NULL,
  `last_login_at` timestamp NULL DEFAULT NULL,
  `created_at` timestamp NULL DEFAULT NULL,
  `updated_at` timestamp NULL DEFAULT NULL,
  `deleted_at` timestamp NULL DEFAULT NULL
) ENGINE=InnoDB DEFAULT CHARSET=utf8mb4 COLLATE=utf8mb4_unicode_ci;

--
-- Dumping data untuk tabel `user`
--

INSERT INTO `user` (`id`, `name`, `gender`, `email`, `phone`, `password`, `remember_token`, `user_id_token`, `firebase_token`, `device_number`, `registered_device_number`, `registered_token`, `registered_at`, `forgot_token`, `token`, `status`, `role`, `last_login_at`, `created_at`, `updated_at`, `deleted_at`) VALUES
(1, 'Administrator', NULL, 'admin@agendanikah.com', NULL, '$2y$10$JxpunDrKXU8bzcuoggx4GeFqZIRABR/jyhG4IrhD8wp2ZcJFkBAZ2', 'j0MNOSPJdPK9MgVbZ7s12dt4k9ZCgKNTMh7vMgMK3BfGiLAtpz0UeLKK6TGT', NULL, NULL, NULL, NULL, NULL, NULL, NULL, NULL, 1, 1, NULL, '2018-05-18 03:31:33', '2018-05-18 03:31:33', NULL),
(6, 'Hendri Gunawan', 1, 'hendri.gnw@gmail.com', '08561471500', '$2y$10$JnawrHvsVoIunjt3PIVHGei303hZlugUI3vOsBdNi0OpHzAzUxgLS', NULL, NULL, 'xxx', 'xxx', 'xxx', NULL, '2018-05-30 23:30:08', NULL, 'eyJ0eXAiOiJKV1QiLCJhbGciOiJIUzI1NiJ9.eyJzdWIiOjYsImlzcyI6Imh0dHA6Ly9sb2NhbGhvc3QvYWdlbmRhbmlrYWgvYXBpL3YxL2F1dGgvbG9naW4iLCJpYXQiOjE1MzA1MzExNDUsImV4cCI6MTUzMTc0MDc0NSwibmJmIjoxNTMwNTMxMTQ1LCJqdGkiOiJsR21MTFh0ZUR0NDhLM2pDIn0.l9fMcvkHhVa2LxX4E18Sjcks_blyYcDTiPanJHQIJ_4', 1, 10, '2018-07-02 04:32:25', '2018-05-30 23:30:08', '2018-07-02 04:32:25', NULL),
(7, 'Wina Marlina', 0, 'winamarlina97@gmail.com', NULL, NULL, NULL, NULL, NULL, NULL, NULL, 'P04ziEQ6QQLFjMJDZCpMmwKWm', NULL, NULL, NULL, 5, 10, NULL, '2018-05-30 23:30:08', '2018-05-30 23:30:08', NULL);

-- --------------------------------------------------------

--
-- Struktur dari tabel `user_relation`
--

CREATE TABLE `user_relation` (
  `id` bigint(20) NOT NULL,
  `male_user_id` bigint(20) UNSIGNED NOT NULL,
  `female_user_id` bigint(20) UNSIGNED NOT NULL,
  `wedding_day` date DEFAULT NULL,
  `venue` varchar(255) COLLATE utf8mb4_unicode_ci DEFAULT NULL,
  `photo` varchar(100) COLLATE utf8mb4_unicode_ci DEFAULT NULL,
  `created_at` date DEFAULT NULL,
  `updated_at` date DEFAULT NULL
) ENGINE=InnoDB DEFAULT CHARSET=utf8mb4 COLLATE=utf8mb4_unicode_ci;

--
-- Dumping data untuk tabel `user_relation`
--

INSERT INTO `user_relation` (`id`, `male_user_id`, `female_user_id`, `wedding_day`, `venue`, `photo`, `created_at`, `updated_at`) VALUES
(3, 6, 7, '2018-08-02', '123', NULL, '2018-05-31', '2018-05-31');

-- --------------------------------------------------------

--
-- Struktur dari tabel `user_relation_concept`
--

CREATE TABLE `user_relation_concept` (
  `id` int(11) NOT NULL,
  `user_relation_id` bigint(20) NOT NULL,
  `user_id` bigint(20) UNSIGNED NOT NULL,
  `name` varchar(100) NOT NULL,
  `status` smallint(6) NOT NULL DEFAULT '1',
  `created_at` timestamp NULL DEFAULT NULL,
  `updated_at` timestamp NULL DEFAULT NULL
) ENGINE=InnoDB DEFAULT CHARSET=latin1;

-- --------------------------------------------------------

--
-- Struktur dari tabel `vendor`
--

CREATE TABLE `vendor` (
  `id` int(11) NOT NULL,
  `category` varchar(255) COLLATE utf8mb4_unicode_ci NOT NULL,
  `name` varchar(255) COLLATE utf8mb4_unicode_ci NOT NULL,
  `description` text COLLATE utf8mb4_unicode_ci,
  `file` varchar(255) COLLATE utf8mb4_unicode_ci NOT NULL,
  `address` varchar(255) COLLATE utf8mb4_unicode_ci DEFAULT NULL,
  `phone` varchar(255) COLLATE utf8mb4_unicode_ci DEFAULT NULL,
  `instagram` varchar(255) COLLATE utf8mb4_unicode_ci DEFAULT NULL,
  `website` varchar(255) COLLATE utf8mb4_unicode_ci DEFAULT NULL,
  `status` smallint(6) NOT NULL DEFAULT '1',
  `order` smallint(6) NOT NULL,
  `created_at` timestamp NULL DEFAULT NULL,
  `updated_at` timestamp NULL DEFAULT NULL
) ENGINE=InnoDB DEFAULT CHARSET=utf8mb4 COLLATE=utf8mb4_unicode_ci;

--
-- Dumping data untuk tabel `vendor`
--

INSERT INTO `vendor` (`id`, `category`, `name`, `description`, `file`, `address`, `phone`, `instagram`, `website`, `status`, `order`, `created_at`, `updated_at`) VALUES
(1, 'asdads', 'asda sd', 'asd asd', 'asda-sd-041805.jpg', 'asd', '12312312', '12312313', '3123', 1, 1, '2018-05-17 21:18:05', '2018-05-17 21:18:05');

-- --------------------------------------------------------

--
-- Struktur dari tabel `vendor_detail`
--

CREATE TABLE `vendor_detail` (
  `id` int(11) NOT NULL,
  `vendor_id` int(11) NOT NULL,
  `name` varchar(255) COLLATE utf8mb4_unicode_ci DEFAULT NULL,
  `file` varchar(255) COLLATE utf8mb4_unicode_ci NOT NULL,
  `status` smallint(6) NOT NULL DEFAULT '1',
  `order` smallint(6) NOT NULL,
  `created_at` timestamp NULL DEFAULT NULL,
  `updated_at` timestamp NULL DEFAULT NULL
) ENGINE=InnoDB DEFAULT CHARSET=utf8mb4 COLLATE=utf8mb4_unicode_ci;

--
-- Dumping data untuk tabel `vendor_detail`
--

INSERT INTO `vendor_detail` (`id`, `vendor_id`, `name`, `file`, `status`, `order`, `created_at`, `updated_at`) VALUES
(1, 1, 'Photo 1', 'photo-1-060030.jpg', 1, 2, '2018-05-17 23:00:30', '2018-05-17 23:00:30');

--
-- Indexes for dumped tables
--

--
-- Indexes for table `concept`
--
ALTER TABLE `concept`
  ADD PRIMARY KEY (`id`);

--
-- Indexes for table `content`
--
ALTER TABLE `content`
  ADD PRIMARY KEY (`id`),
  ADD KEY `concept_id` (`concept_id`),
  ADD KEY `user_relation_id` (`user_relation_id`),
  ADD KEY `user_id` (`user_id`),
  ADD KEY `user_relation_concept_id` (`user_relation_concept_id`);

--
-- Indexes for table `content_detail`
--
ALTER TABLE `content_detail`
  ADD PRIMARY KEY (`id`),
  ADD KEY `content_id` (`content_id`);

--
-- Indexes for table `content_detail_list`
--
ALTER TABLE `content_detail_list`
  ADD PRIMARY KEY (`id`),
  ADD KEY `content_detail_id` (`content_detail_id`);

--
-- Indexes for table `message`
--
ALTER TABLE `message`
  ADD PRIMARY KEY (`id`),
  ADD KEY `user_relation_id` (`user_relation_id`);

--
-- Indexes for table `migrations`
--
ALTER TABLE `migrations`
  ADD PRIMARY KEY (`id`);

--
-- Indexes for table `page`
--
ALTER TABLE `page`
  ADD PRIMARY KEY (`id`);

--
-- Indexes for table `procedure`
--
ALTER TABLE `procedure`
  ADD PRIMARY KEY (`id`);

--
-- Indexes for table `procedure_administration`
--
ALTER TABLE `procedure_administration`
  ADD PRIMARY KEY (`id`),
  ADD KEY `procedure_id` (`procedure_id`),
  ADD KEY `user_relation_id` (`user_relation_id`),
  ADD KEY `user_id` (`user_id`);

--
-- Indexes for table `procedure_payment`
--
ALTER TABLE `procedure_payment`
  ADD PRIMARY KEY (`id`),
  ADD KEY `user_relation_id` (`user_relation_id`),
  ADD KEY `user_id` (`user_id`);

--
-- Indexes for table `procedure_preparation`
--
ALTER TABLE `procedure_preparation`
  ADD PRIMARY KEY (`id`),
  ADD KEY `user_relation_id` (`user_relation_id`),
  ADD KEY `user_id` (`user_id`);

--
-- Indexes for table `report_problem`
--
ALTER TABLE `report_problem`
  ADD PRIMARY KEY (`id`);

--
-- Indexes for table `user`
--
ALTER TABLE `user`
  ADD PRIMARY KEY (`id`);

--
-- Indexes for table `user_relation`
--
ALTER TABLE `user_relation`
  ADD PRIMARY KEY (`id`),
  ADD KEY `male_user_id` (`male_user_id`),
  ADD KEY `female_user_id` (`female_user_id`);

--
-- Indexes for table `user_relation_concept`
--
ALTER TABLE `user_relation_concept`
  ADD PRIMARY KEY (`id`),
  ADD KEY `user_relation_id` (`user_relation_id`),
  ADD KEY `user_id` (`user_id`);

--
-- Indexes for table `vendor`
--
ALTER TABLE `vendor`
  ADD PRIMARY KEY (`id`);

--
-- Indexes for table `vendor_detail`
--
ALTER TABLE `vendor_detail`
  ADD PRIMARY KEY (`id`),
  ADD KEY `vendor_id` (`vendor_id`);

--
-- AUTO_INCREMENT for dumped tables
--

--
-- AUTO_INCREMENT for table `concept`
--
ALTER TABLE `concept`
  MODIFY `id` int(11) NOT NULL AUTO_INCREMENT, AUTO_INCREMENT=8;
--
-- AUTO_INCREMENT for table `content`
--
ALTER TABLE `content`
  MODIFY `id` int(11) NOT NULL AUTO_INCREMENT, AUTO_INCREMENT=68;
--
-- AUTO_INCREMENT for table `content_detail`
--
ALTER TABLE `content_detail`
  MODIFY `id` int(11) NOT NULL AUTO_INCREMENT, AUTO_INCREMENT=453;
--
-- AUTO_INCREMENT for table `content_detail_list`
--
ALTER TABLE `content_detail_list`
  MODIFY `id` int(11) NOT NULL AUTO_INCREMENT;
--
-- AUTO_INCREMENT for table `message`
--
ALTER TABLE `message`
  MODIFY `id` int(11) NOT NULL AUTO_INCREMENT, AUTO_INCREMENT=3;
--
-- AUTO_INCREMENT for table `migrations`
--
ALTER TABLE `migrations`
  MODIFY `id` int(10) UNSIGNED NOT NULL AUTO_INCREMENT;
--
-- AUTO_INCREMENT for table `page`
--
ALTER TABLE `page`
  MODIFY `id` int(11) NOT NULL AUTO_INCREMENT, AUTO_INCREMENT=4;
--
-- AUTO_INCREMENT for table `procedure`
--
ALTER TABLE `procedure`
  MODIFY `id` int(11) NOT NULL AUTO_INCREMENT, AUTO_INCREMENT=9;
--
-- AUTO_INCREMENT for table `procedure_administration`
--
ALTER TABLE `procedure_administration`
  MODIFY `id` int(11) NOT NULL AUTO_INCREMENT;
--
-- AUTO_INCREMENT for table `procedure_payment`
--
ALTER TABLE `procedure_payment`
  MODIFY `id` int(11) NOT NULL AUTO_INCREMENT;
--
-- AUTO_INCREMENT for table `procedure_preparation`
--
ALTER TABLE `procedure_preparation`
  MODIFY `id` int(11) NOT NULL AUTO_INCREMENT;
--
-- AUTO_INCREMENT for table `report_problem`
--
ALTER TABLE `report_problem`
  MODIFY `id` int(11) NOT NULL AUTO_INCREMENT;
--
-- AUTO_INCREMENT for table `user`
--
ALTER TABLE `user`
  MODIFY `id` bigint(20) UNSIGNED NOT NULL AUTO_INCREMENT, AUTO_INCREMENT=8;
--
-- AUTO_INCREMENT for table `user_relation`
--
ALTER TABLE `user_relation`
  MODIFY `id` bigint(20) NOT NULL AUTO_INCREMENT, AUTO_INCREMENT=4;
--
-- AUTO_INCREMENT for table `user_relation_concept`
--
ALTER TABLE `user_relation_concept`
  MODIFY `id` int(11) NOT NULL AUTO_INCREMENT;
--
-- AUTO_INCREMENT for table `vendor`
--
ALTER TABLE `vendor`
  MODIFY `id` int(11) NOT NULL AUTO_INCREMENT, AUTO_INCREMENT=2;
--
-- AUTO_INCREMENT for table `vendor_detail`
--
ALTER TABLE `vendor_detail`
  MODIFY `id` int(11) NOT NULL AUTO_INCREMENT, AUTO_INCREMENT=2;
--
-- Ketidakleluasaan untuk tabel pelimpahan (Dumped Tables)
--

--
-- Ketidakleluasaan untuk tabel `content`
--
ALTER TABLE `content`
  ADD CONSTRAINT `content_ibfk_2` FOREIGN KEY (`concept_id`) REFERENCES `concept` (`id`) ON DELETE CASCADE ON UPDATE CASCADE,
  ADD CONSTRAINT `content_ibfk_5` FOREIGN KEY (`user_relation_id`) REFERENCES `user_relation` (`id`) ON DELETE CASCADE ON UPDATE CASCADE,
  ADD CONSTRAINT `content_ibfk_6` FOREIGN KEY (`user_id`) REFERENCES `user` (`id`) ON DELETE CASCADE ON UPDATE CASCADE,
  ADD CONSTRAINT `content_ibfk_8` FOREIGN KEY (`user_relation_concept_id`) REFERENCES `user_relation_concept` (`id`) ON DELETE CASCADE ON UPDATE CASCADE;

--
-- Ketidakleluasaan untuk tabel `content_detail`
--
ALTER TABLE `content_detail`
  ADD CONSTRAINT `content_detail_ibfk_2` FOREIGN KEY (`content_id`) REFERENCES `content` (`id`) ON DELETE CASCADE ON UPDATE CASCADE;

--
-- Ketidakleluasaan untuk tabel `content_detail_list`
--
ALTER TABLE `content_detail_list`
  ADD CONSTRAINT `content_detail_list_ibfk_2` FOREIGN KEY (`content_detail_id`) REFERENCES `content_detail` (`id`) ON DELETE CASCADE ON UPDATE CASCADE;

--
-- Ketidakleluasaan untuk tabel `message`
--
ALTER TABLE `message`
  ADD CONSTRAINT `message_ibfk_2` FOREIGN KEY (`user_relation_id`) REFERENCES `user_relation` (`id`) ON DELETE CASCADE ON UPDATE CASCADE;

--
-- Ketidakleluasaan untuk tabel `procedure_administration`
--
ALTER TABLE `procedure_administration`
  ADD CONSTRAINT `procedure_administration_ibfk_6` FOREIGN KEY (`procedure_id`) REFERENCES `procedure` (`id`) ON DELETE CASCADE ON UPDATE CASCADE,
  ADD CONSTRAINT `procedure_administration_ibfk_7` FOREIGN KEY (`user_relation_id`) REFERENCES `user_relation` (`id`) ON DELETE CASCADE ON UPDATE CASCADE,
  ADD CONSTRAINT `procedure_administration_ibfk_9` FOREIGN KEY (`user_id`) REFERENCES `user` (`id`) ON DELETE CASCADE ON UPDATE CASCADE;

--
-- Ketidakleluasaan untuk tabel `procedure_payment`
--
ALTER TABLE `procedure_payment`
  ADD CONSTRAINT `procedure_payment_ibfk_3` FOREIGN KEY (`user_relation_id`) REFERENCES `user_relation` (`id`) ON DELETE CASCADE ON UPDATE CASCADE,
  ADD CONSTRAINT `procedure_payment_ibfk_4` FOREIGN KEY (`user_id`) REFERENCES `user` (`id`) ON DELETE CASCADE ON UPDATE CASCADE;

--
-- Ketidakleluasaan untuk tabel `procedure_preparation`
--
ALTER TABLE `procedure_preparation`
  ADD CONSTRAINT `procedure_preparation_ibfk_3` FOREIGN KEY (`user_relation_id`) REFERENCES `user_relation` (`id`) ON DELETE CASCADE ON UPDATE CASCADE,
  ADD CONSTRAINT `procedure_preparation_ibfk_4` FOREIGN KEY (`user_id`) REFERENCES `user` (`id`) ON DELETE CASCADE ON UPDATE CASCADE;

--
-- Ketidakleluasaan untuk tabel `user_relation`
--
ALTER TABLE `user_relation`
  ADD CONSTRAINT `user_relation_ibfk_3` FOREIGN KEY (`male_user_id`) REFERENCES `user` (`id`) ON DELETE CASCADE ON UPDATE CASCADE,
  ADD CONSTRAINT `user_relation_ibfk_4` FOREIGN KEY (`female_user_id`) REFERENCES `user` (`id`) ON DELETE CASCADE ON UPDATE CASCADE;

--
-- Ketidakleluasaan untuk tabel `user_relation_concept`
--
ALTER TABLE `user_relation_concept`
  ADD CONSTRAINT `user_relation_concept_ibfk_3` FOREIGN KEY (`user_relation_id`) REFERENCES `user_relation` (`id`) ON DELETE CASCADE ON UPDATE CASCADE,
  ADD CONSTRAINT `user_relation_concept_ibfk_4` FOREIGN KEY (`user_id`) REFERENCES `user` (`id`) ON DELETE CASCADE ON UPDATE CASCADE;

--
-- Ketidakleluasaan untuk tabel `vendor_detail`
--
ALTER TABLE `vendor_detail`
  ADD CONSTRAINT `vendor_detail_ibfk_2` FOREIGN KEY (`vendor_id`) REFERENCES `vendor` (`id`) ON DELETE CASCADE ON UPDATE CASCADE;

/*!40101 SET CHARACTER_SET_CLIENT=@OLD_CHARACTER_SET_CLIENT */;
/*!40101 SET CHARACTER_SET_RESULTS=@OLD_CHARACTER_SET_RESULTS */;
/*!40101 SET COLLATION_CONNECTION=@OLD_COLLATION_CONNECTION */;
