-- Adminer 4.6.2 MySQL dump

SET NAMES utf8;
SET time_zone = '+00:00';
SET foreign_key_checks = 0;
SET sql_mode = 'NO_AUTO_VALUE_ON_ZERO';

DROP TABLE IF EXISTS `concept`;
CREATE TABLE `concept` (
  `id` int(11) NOT NULL AUTO_INCREMENT,
  `name` varchar(255) NOT NULL,
  `description` text,
  `status` smallint(6) NOT NULL DEFAULT '1',
  `order` smallint(6) NOT NULL,
  `created_at` timestamp NULL DEFAULT NULL,
  `updated_at` timestamp NULL DEFAULT NULL,
  PRIMARY KEY (`id`)
) ENGINE=InnoDB DEFAULT CHARSET=latin1;

INSERT INTO `concept` (`id`, `name`, `description`, `status`, `order`, `created_at`, `updated_at`) VALUES
(1,	'Acara Lamaran',	NULL,	1,	0,	'2018-02-20 03:00:00',	'2018-02-21 02:33:06'),
(2,	'Acara Pengajian',	NULL,	1,	1,	'2018-02-20 03:00:01',	NULL),
(3,	'Acara Siraman/Pra Nikah',	NULL,	1,	2,	'2018-02-20 03:00:02',	NULL),
(4,	'Pre Wedding',	NULL,	1,	3,	'2018-02-20 03:00:03',	NULL),
(5,	'Acara Akad Nikah',	NULL,	1,	4,	'2018-02-20 03:00:04',	NULL),
(6,	'Acara Resepsi',	NULL,	1,	5,	'2018-02-20 03:00:05',	NULL),
(7,	'Bulan Madu',	NULL,	1,	6,	'2018-02-20 03:00:06',	NULL);

DROP TABLE IF EXISTS `content`;
CREATE TABLE `content` (
  `id` int(11) NOT NULL AUTO_INCREMENT,
  `concept_id` int(11) NOT NULL,
  `grouping` int(11) NOT NULL,
  `user_relation_id` bigint(20) NOT NULL,
  `user_id` bigint(20) unsigned NOT NULL,
  `name` varchar(255) NOT NULL,
  `description` varchar(600) DEFAULT NULL,
  `status` smallint(6) NOT NULL DEFAULT '1',
  `order` smallint(6) NOT NULL,
  `is_not_deleted` smallint(6) NOT NULL DEFAULT '1',
  `created_at` timestamp NULL DEFAULT NULL,
  `updated_at` timestamp NULL DEFAULT NULL,
  PRIMARY KEY (`id`),
  KEY `concept_id` (`concept_id`),
  KEY `user_relation_id` (`user_relation_id`),
  KEY `user_id` (`user_id`),
  CONSTRAINT `content_ibfk_2` FOREIGN KEY (`concept_id`) REFERENCES `concept` (`id`) ON DELETE CASCADE ON UPDATE CASCADE,
  CONSTRAINT `content_ibfk_5` FOREIGN KEY (`user_relation_id`) REFERENCES `user_relation` (`id`) ON DELETE CASCADE ON UPDATE CASCADE,
  CONSTRAINT `content_ibfk_6` FOREIGN KEY (`user_id`) REFERENCES `user` (`id`) ON DELETE CASCADE ON UPDATE CASCADE
) ENGINE=InnoDB DEFAULT CHARSET=latin1;

INSERT INTO `content` (`id`, `concept_id`, `grouping`, `user_relation_id`, `user_id`, `name`, `description`, `status`, `order`, `is_not_deleted`, `created_at`, `updated_at`) VALUES
(358,	1,	1,	8,	17,	'Pengurus Pernikahan',	NULL,	1,	0,	1,	'2018-03-02 00:59:54',	'2018-03-02 00:59:54'),
(359,	1,	2,	8,	17,	'Dekorasi',	NULL,	1,	0,	1,	'2018-03-02 00:59:54',	'2018-03-02 00:59:54'),
(360,	1,	3,	8,	17,	'Lokasi Acara',	NULL,	1,	0,	1,	'2018-03-02 00:59:54',	'2018-03-02 00:59:54'),
(361,	1,	4,	8,	17,	'Foto',	NULL,	1,	0,	1,	'2018-03-02 00:59:54',	'2018-03-02 00:59:54'),
(362,	1,	5,	8,	17,	'Video',	NULL,	1,	0,	1,	'2018-03-02 00:59:54',	'2018-03-02 00:59:54'),
(363,	1,	6,	8,	17,	'Busana pengantin & keluarga/panitia',	NULL,	1,	0,	1,	'2018-03-02 00:59:54',	'2018-03-02 00:59:54'),
(364,	1,	7,	8,	17,	'Aksesoris',	NULL,	1,	0,	1,	'2018-03-02 00:59:54',	'2018-03-02 00:59:54'),
(365,	1,	8,	8,	17,	'Pengrias Wajah',	NULL,	1,	0,	1,	'2018-03-02 00:59:54',	'2018-03-02 00:59:54'),
(366,	1,	9,	8,	17,	'Katering',	NULL,	1,	0,	1,	'2018-03-02 00:59:54',	'2018-03-02 00:59:54'),
(367,	1,	10,	8,	17,	'Undangan',	NULL,	1,	0,	1,	'2018-03-02 00:59:54',	'2018-03-02 00:59:54'),
(368,	1,	12,	8,	17,	'Seserahan',	NULL,	1,	0,	1,	'2018-03-02 00:59:54',	'2018-03-02 00:59:54'),
(369,	1,	11,	8,	17,	'Kenang-kenangan',	NULL,	1,	0,	1,	'2018-03-02 00:59:54',	'2018-03-02 00:59:54'),
(370,	2,	1,	8,	17,	'Pengurus Pernikahan',	NULL,	1,	0,	1,	'2018-03-02 00:59:54',	'2018-03-02 00:59:54'),
(371,	2,	2,	8,	17,	'Dekorasi',	NULL,	1,	0,	1,	'2018-03-02 00:59:54',	'2018-03-02 00:59:54'),
(372,	2,	3,	8,	17,	'Lokasi Acara',	NULL,	1,	0,	1,	'2018-03-02 00:59:54',	'2018-03-02 00:59:54'),
(373,	2,	4,	8,	17,	'Foto',	NULL,	1,	0,	1,	'2018-03-02 00:59:54',	'2018-03-02 00:59:54'),
(374,	2,	5,	8,	17,	'Video',	NULL,	1,	0,	1,	'2018-03-02 00:59:54',	'2018-03-02 00:59:54'),
(375,	2,	6,	8,	17,	'Busana pengantin & keluarga/panitia',	NULL,	1,	0,	1,	'2018-03-02 00:59:54',	'2018-03-02 00:59:54'),
(376,	2,	7,	8,	17,	'Aksesoris',	NULL,	1,	0,	1,	'2018-03-02 00:59:54',	'2018-03-02 00:59:54'),
(377,	2,	8,	8,	17,	'Pengrias Wajah',	NULL,	1,	0,	1,	'2018-03-02 00:59:54',	'2018-03-02 00:59:54'),
(378,	2,	9,	8,	17,	'Katering',	NULL,	1,	0,	1,	'2018-03-02 00:59:54',	'2018-03-02 00:59:54'),
(379,	2,	10,	8,	17,	'Undangan',	NULL,	1,	0,	1,	'2018-03-02 00:59:54',	'2018-03-02 00:59:54'),
(380,	2,	11,	8,	17,	'Kenang-kenangan',	NULL,	1,	0,	1,	'2018-03-02 00:59:54',	'2018-03-02 00:59:54'),
(381,	3,	1,	8,	17,	'Pengurus Pernikahan',	NULL,	1,	0,	1,	'2018-03-02 00:59:54',	'2018-03-02 00:59:54'),
(382,	3,	2,	8,	17,	'Dekorasi',	NULL,	1,	0,	1,	'2018-03-02 00:59:54',	'2018-03-02 00:59:54'),
(383,	3,	3,	8,	17,	'Lokasi Acara',	NULL,	1,	0,	1,	'2018-03-02 00:59:54',	'2018-03-02 00:59:54'),
(384,	3,	4,	8,	17,	'Foto',	NULL,	1,	0,	1,	'2018-03-02 00:59:54',	'2018-03-02 00:59:54'),
(385,	3,	5,	8,	17,	'Video',	NULL,	1,	0,	1,	'2018-03-02 00:59:54',	'2018-03-02 00:59:54'),
(386,	3,	6,	8,	17,	'Busana pengantin & keluarga/panitia',	NULL,	1,	0,	1,	'2018-03-02 00:59:54',	'2018-03-02 00:59:54'),
(387,	3,	7,	8,	17,	'Aksesoris',	NULL,	1,	0,	1,	'2018-03-02 00:59:54',	'2018-03-02 00:59:54'),
(388,	3,	8,	8,	17,	'Pengrias Wajah',	NULL,	1,	0,	1,	'2018-03-02 00:59:54',	'2018-03-02 00:59:54'),
(389,	3,	9,	8,	17,	'Katering',	NULL,	1,	0,	1,	'2018-03-02 00:59:54',	'2018-03-02 00:59:54'),
(390,	3,	10,	8,	17,	'Undangan',	NULL,	1,	0,	1,	'2018-03-02 00:59:54',	'2018-03-02 00:59:54'),
(391,	3,	11,	8,	17,	'Kenang-kenangan',	NULL,	1,	0,	1,	'2018-03-02 00:59:54',	'2018-03-02 00:59:54'),
(392,	4,	1,	8,	17,	'Pengurus Pernikahan',	NULL,	1,	0,	1,	'2018-03-02 00:59:54',	'2018-03-02 00:59:54'),
(393,	4,	2,	8,	17,	'Dekorasi',	NULL,	1,	0,	1,	'2018-03-02 00:59:54',	'2018-03-02 00:59:54'),
(394,	4,	3,	8,	17,	'Lokasi Acara',	NULL,	1,	0,	1,	'2018-03-02 00:59:54',	'2018-03-02 00:59:54'),
(395,	4,	4,	8,	17,	'Foto',	NULL,	1,	0,	1,	'2018-03-02 00:59:54',	'2018-03-02 00:59:54'),
(396,	4,	5,	8,	17,	'Video',	NULL,	1,	0,	1,	'2018-03-02 00:59:54',	'2018-03-02 00:59:54'),
(397,	4,	6,	8,	17,	'Busana pengantin & keluarga/panitia',	NULL,	1,	0,	1,	'2018-03-02 00:59:54',	'2018-03-02 00:59:54'),
(398,	4,	7,	8,	17,	'Aksesoris',	NULL,	1,	0,	1,	'2018-03-02 00:59:54',	'2018-03-02 00:59:54'),
(399,	4,	8,	8,	17,	'Pengrias Wajah',	NULL,	1,	0,	1,	'2018-03-02 00:59:54',	'2018-03-02 00:59:54'),
(400,	4,	9,	8,	17,	'Makanan',	NULL,	1,	0,	1,	'2018-03-02 00:59:54',	'2018-03-02 00:59:54'),
(401,	5,	1,	8,	17,	'Pengurus Pernikahan',	NULL,	1,	0,	1,	'2018-03-02 00:59:54',	'2018-03-02 00:59:54'),
(402,	5,	2,	8,	17,	'Dekorasi',	NULL,	1,	0,	1,	'2018-03-02 00:59:54',	'2018-03-02 00:59:54'),
(403,	5,	3,	8,	17,	'Lokasi Acara',	NULL,	1,	0,	1,	'2018-03-02 00:59:54',	'2018-03-02 00:59:54'),
(404,	5,	4,	8,	17,	'Foto',	NULL,	1,	0,	1,	'2018-03-02 00:59:55',	'2018-03-02 00:59:55'),
(405,	5,	5,	8,	17,	'Video',	NULL,	1,	0,	1,	'2018-03-02 00:59:55',	'2018-03-02 00:59:55'),
(406,	5,	6,	8,	17,	'Busana pengantin & keluarga/panitia',	NULL,	1,	0,	1,	'2018-03-02 00:59:55',	'2018-03-02 00:59:55'),
(407,	5,	7,	8,	17,	'Aksesoris',	NULL,	1,	0,	1,	'2018-03-02 00:59:55',	'2018-03-02 00:59:55'),
(408,	5,	8,	8,	17,	'Pengrias Wajah',	NULL,	1,	0,	1,	'2018-03-02 00:59:55',	'2018-03-02 00:59:55'),
(409,	5,	9,	8,	17,	'Makanan',	NULL,	1,	0,	1,	'2018-03-02 00:59:55',	'2018-03-02 00:59:55'),
(410,	5,	10,	8,	17,	'Undangan',	NULL,	1,	0,	1,	'2018-03-02 00:59:55',	'2018-03-02 00:59:55'),
(411,	5,	11,	8,	17,	'Kenang-kenangan',	NULL,	1,	0,	1,	'2018-03-02 00:59:55',	'2018-03-02 00:59:55'),
(412,	6,	1,	8,	17,	'Pengurus Pernikahan',	NULL,	1,	0,	1,	'2018-03-02 00:59:55',	'2018-03-02 00:59:55'),
(413,	6,	2,	8,	17,	'Dekorasi',	NULL,	1,	0,	1,	'2018-03-02 00:59:55',	'2018-03-02 00:59:55'),
(414,	6,	3,	8,	17,	'Lokasi Acara',	NULL,	1,	0,	1,	'2018-03-02 00:59:55',	'2018-03-02 00:59:55'),
(415,	6,	4,	8,	17,	'Foto',	NULL,	1,	0,	1,	'2018-03-02 00:59:55',	'2018-03-02 00:59:55'),
(416,	6,	5,	8,	17,	'Video',	NULL,	1,	0,	1,	'2018-03-02 00:59:55',	'2018-03-02 00:59:55'),
(417,	6,	6,	8,	17,	'Busana pengantin & keluarga/panitia',	NULL,	1,	0,	1,	'2018-03-02 00:59:55',	'2018-03-02 00:59:55'),
(418,	6,	7,	8,	17,	'Aksesoris',	NULL,	1,	0,	1,	'2018-03-02 00:59:55',	'2018-03-02 00:59:55'),
(419,	6,	8,	8,	17,	'Pengrias Wajah',	NULL,	1,	0,	1,	'2018-03-02 00:59:55',	'2018-03-02 00:59:55'),
(420,	6,	9,	8,	17,	'Makanan',	NULL,	1,	0,	1,	'2018-03-02 00:59:55',	'2018-03-02 00:59:55'),
(421,	6,	10,	8,	17,	'Undangan',	NULL,	1,	0,	1,	'2018-03-02 00:59:55',	'2018-03-02 00:59:55'),
(422,	6,	12,	8,	17,	'Seserahan',	NULL,	1,	0,	1,	'2018-03-02 00:59:55',	'2018-03-02 00:59:55'),
(423,	6,	11,	8,	17,	'Kenang-kenangan',	NULL,	1,	0,	1,	'2018-03-02 00:59:55',	'2018-03-02 00:59:55');

DROP TABLE IF EXISTS `content_detail`;
CREATE TABLE `content_detail` (
  `id` int(11) NOT NULL AUTO_INCREMENT,
  `content_id` int(11) NOT NULL,
  `name` varchar(255) NOT NULL,
  `value` text,
  `is_noted` smallint(6) NOT NULL DEFAULT '0',
  `is_photo` smallint(6) NOT NULL DEFAULT '0',
  `is_video` smallint(6) NOT NULL DEFAULT '0',
  `is_link` smallint(6) NOT NULL DEFAULT '0',
  `is_cost` smallint(6) NOT NULL DEFAULT '0',
  `is_not_deleted` smallint(6) NOT NULL DEFAULT '1',
  `status` smallint(6) NOT NULL DEFAULT '1',
  `order` smallint(6) NOT NULL,
  `created_at` timestamp NULL DEFAULT NULL,
  `updated_at` timestamp NULL DEFAULT NULL,
  PRIMARY KEY (`id`),
  KEY `content_id` (`content_id`),
  CONSTRAINT `content_detail_ibfk_2` FOREIGN KEY (`content_id`) REFERENCES `content` (`id`) ON DELETE CASCADE ON UPDATE CASCADE
) ENGINE=InnoDB DEFAULT CHARSET=latin1;

INSERT INTO `content_detail` (`id`, `content_id`, `name`, `value`, `is_noted`, `is_photo`, `is_video`, `is_link`, `is_cost`, `is_not_deleted`, `status`, `order`, `created_at`, `updated_at`) VALUES
(2407,	358,	'Nama Vendor',	NULL,	0,	0,	0,	0,	0,	1,	1,	0,	'2018-03-02 00:59:54',	'2018-03-02 00:59:54'),
(2408,	358,	'Kontak',	NULL,	0,	0,	0,	0,	0,	1,	1,	1,	'2018-03-02 00:59:54',	'2018-03-02 00:59:54'),
(2409,	358,	'Alamat',	NULL,	0,	0,	0,	0,	0,	1,	1,	2,	'2018-03-02 00:59:54',	'2018-03-02 00:59:54'),
(2410,	358,	'Biaya',	'100000',	0,	0,	0,	0,	1,	1,	1,	3,	'2018-03-02 00:59:54',	'2018-03-02 00:59:54'),
(2411,	358,	'Catatan',	NULL,	1,	0,	0,	1,	0,	1,	1,	4,	'2018-03-02 00:59:54',	'2018-03-02 00:59:54'),
(2412,	359,	'Nama Dekorator',	NULL,	0,	0,	0,	0,	0,	1,	1,	0,	'2018-03-02 00:59:54',	'2018-03-02 00:59:54'),
(2413,	359,	'Kontak',	NULL,	0,	0,	0,	0,	0,	1,	1,	1,	'2018-03-02 00:59:54',	'2018-03-02 00:59:54'),
(2414,	359,	'Alamat',	NULL,	0,	0,	0,	0,	0,	1,	1,	2,	'2018-03-02 00:59:54',	'2018-03-02 00:59:54'),
(2415,	359,	'Biaya',	'100000',	0,	0,	0,	0,	1,	1,	1,	3,	'2018-03-02 00:59:54',	'2018-03-02 00:59:54'),
(2416,	359,	'Foto Acuan Dekorasi',	NULL,	0,	1,	0,	1,	0,	1,	1,	4,	'2018-03-02 00:59:54',	'2018-03-02 00:59:54'),
(2417,	359,	'Tema Dekorasi',	NULL,	0,	0,	0,	0,	0,	1,	1,	5,	'2018-03-02 00:59:54',	'2018-03-02 00:59:54'),
(2418,	359,	'Nuansa Warna Bunga',	NULL,	0,	0,	0,	0,	0,	1,	1,	6,	'2018-03-02 00:59:54',	'2018-03-02 00:59:54'),
(2419,	359,	'Nuansa Warna Dekorasi',	NULL,	0,	0,	0,	0,	0,	1,	1,	7,	'2018-03-02 00:59:54',	'2018-03-02 00:59:54'),
(2420,	359,	'Kain Dekorasi',	NULL,	0,	0,	0,	0,	0,	1,	1,	8,	'2018-03-02 00:59:54',	'2018-03-02 00:59:54'),
(2421,	359,	'Catatan',	NULL,	1,	0,	0,	1,	0,	1,	1,	9,	'2018-03-02 00:59:54',	'2018-03-02 00:59:54'),
(2422,	360,	'Nama',	NULL,	0,	0,	0,	0,	0,	1,	1,	0,	'2018-03-02 00:59:54',	'2018-03-02 00:59:54'),
(2423,	360,	'Kontak',	NULL,	0,	0,	0,	0,	0,	1,	1,	1,	'2018-03-02 00:59:54',	'2018-03-02 00:59:54'),
(2424,	360,	'Alamat',	NULL,	0,	0,	0,	0,	0,	1,	1,	2,	'2018-03-02 00:59:54',	'2018-03-02 00:59:54'),
(2425,	360,	'Biaya',	'100000',	0,	0,	0,	0,	1,	1,	1,	3,	'2018-03-02 00:59:54',	'2018-03-02 00:59:54'),
(2426,	360,	'Foto Lokasi Acara',	NULL,	0,	1,	0,	1,	0,	1,	1,	4,	'2018-03-02 00:59:54',	'2018-03-02 00:59:54'),
(2427,	360,	'Catatan',	NULL,	1,	0,	0,	1,	0,	1,	1,	5,	'2018-03-02 00:59:54',	'2018-03-02 00:59:54'),
(2428,	361,	'Nama',	NULL,	0,	0,	0,	0,	0,	1,	1,	0,	'2018-03-02 00:59:54',	'2018-03-02 00:59:54'),
(2429,	361,	'Kontak',	NULL,	0,	0,	0,	0,	0,	1,	1,	1,	'2018-03-02 00:59:54',	'2018-03-02 00:59:54'),
(2430,	361,	'Alamat',	NULL,	0,	0,	0,	0,	0,	1,	1,	2,	'2018-03-02 00:59:54',	'2018-03-02 00:59:54'),
(2431,	361,	'Biaya',	'100000',	0,	0,	0,	0,	1,	1,	1,	3,	'2018-03-02 00:59:54',	'2018-03-02 00:59:54'),
(2432,	361,	'Foto Acuan Pernikahan',	NULL,	0,	1,	0,	1,	0,	1,	1,	4,	'2018-03-02 00:59:54',	'2018-03-02 00:59:54'),
(2433,	361,	'Catatan',	NULL,	1,	0,	0,	1,	0,	1,	1,	5,	'2018-03-02 00:59:54',	'2018-03-02 00:59:54'),
(2434,	362,	'Nama',	NULL,	0,	0,	0,	0,	0,	1,	1,	0,	'2018-03-02 00:59:54',	'2018-03-02 00:59:54'),
(2435,	362,	'Kontak',	NULL,	0,	0,	0,	0,	0,	1,	1,	1,	'2018-03-02 00:59:54',	'2018-03-02 00:59:54'),
(2436,	362,	'Alamat',	NULL,	0,	0,	0,	0,	0,	1,	1,	2,	'2018-03-02 00:59:54',	'2018-03-02 00:59:54'),
(2437,	362,	'Biaya',	'100000',	0,	0,	0,	0,	1,	1,	1,	3,	'2018-03-02 00:59:54',	'2018-03-02 00:59:54'),
(2438,	362,	'Video Acuan Pernikahan',	NULL,	0,	0,	1,	1,	0,	1,	1,	4,	'2018-03-02 00:59:54',	'2018-03-02 00:59:54'),
(2439,	362,	'Tema Video',	NULL,	0,	0,	0,	0,	0,	1,	1,	5,	'2018-03-02 00:59:54',	'2018-03-02 00:59:54'),
(2440,	362,	'Catatan',	NULL,	1,	0,	0,	1,	0,	1,	1,	6,	'2018-03-02 00:59:54',	'2018-03-02 00:59:54'),
(2441,	363,	'Nama',	NULL,	0,	0,	0,	0,	0,	1,	1,	0,	'2018-03-02 00:59:54',	'2018-03-02 00:59:54'),
(2442,	363,	'Kontak',	NULL,	0,	0,	0,	0,	0,	1,	1,	1,	'2018-03-02 00:59:54',	'2018-03-02 00:59:54'),
(2443,	363,	'Alamat',	NULL,	0,	0,	0,	0,	0,	1,	1,	2,	'2018-03-02 00:59:54',	'2018-03-02 00:59:54'),
(2444,	363,	'Biaya',	'100000',	0,	0,	0,	0,	1,	1,	1,	3,	'2018-03-02 00:59:54',	'2018-03-02 00:59:54'),
(2445,	363,	'Tema Busana',	NULL,	0,	0,	0,	0,	0,	1,	1,	4,	'2018-03-02 00:59:54',	'2018-03-02 00:59:54'),
(2446,	363,	'Nuansa Warna',	NULL,	0,	0,	0,	0,	0,	1,	1,	5,	'2018-03-02 00:59:54',	'2018-03-02 00:59:54'),
(2447,	363,	'Catatan',	NULL,	1,	0,	0,	1,	0,	1,	1,	6,	'2018-03-02 00:59:54',	'2018-03-02 00:59:54'),
(2448,	364,	'Nama',	NULL,	0,	0,	0,	0,	0,	1,	1,	0,	'2018-03-02 00:59:54',	'2018-03-02 00:59:54'),
(2449,	364,	'Kontak',	NULL,	0,	0,	0,	0,	0,	1,	1,	1,	'2018-03-02 00:59:54',	'2018-03-02 00:59:54'),
(2450,	364,	'Alamat',	NULL,	0,	0,	0,	0,	0,	1,	1,	2,	'2018-03-02 00:59:54',	'2018-03-02 00:59:54'),
(2451,	364,	'Biaya',	'100000',	0,	0,	0,	0,	1,	1,	1,	3,	'2018-03-02 00:59:54',	'2018-03-02 00:59:54'),
(2452,	364,	'Contoh Aksesoris',	NULL,	0,	1,	0,	1,	0,	1,	1,	4,	'2018-03-02 00:59:54',	'2018-03-02 00:59:54'),
(2453,	364,	'Tema',	NULL,	0,	0,	0,	0,	0,	1,	1,	5,	'2018-03-02 00:59:54',	'2018-03-02 00:59:54'),
(2454,	364,	'Catatan',	NULL,	1,	0,	0,	1,	0,	1,	1,	6,	'2018-03-02 00:59:54',	'2018-03-02 00:59:54'),
(2455,	365,	'Nama',	NULL,	0,	0,	0,	0,	0,	1,	1,	0,	'2018-03-02 00:59:54',	'2018-03-02 00:59:54'),
(2456,	365,	'Kontak',	NULL,	0,	0,	0,	0,	0,	1,	1,	1,	'2018-03-02 00:59:54',	'2018-03-02 00:59:54'),
(2457,	365,	'Alamat',	NULL,	0,	0,	0,	0,	0,	1,	1,	2,	'2018-03-02 00:59:54',	'2018-03-02 00:59:54'),
(2458,	365,	'Biaya',	'100000',	0,	0,	0,	0,	1,	1,	1,	3,	'2018-03-02 00:59:54',	'2018-03-02 00:59:54'),
(2459,	365,	'Contoh Pengrias Wajah',	NULL,	0,	1,	0,	1,	0,	1,	1,	4,	'2018-03-02 00:59:54',	'2018-03-02 00:59:54'),
(2460,	365,	'Tema',	NULL,	0,	0,	0,	0,	0,	1,	1,	5,	'2018-03-02 00:59:54',	'2018-03-02 00:59:54'),
(2461,	365,	'Catatan',	NULL,	1,	0,	0,	1,	0,	1,	1,	6,	'2018-03-02 00:59:54',	'2018-03-02 00:59:54'),
(2462,	366,	'Nama',	NULL,	0,	0,	0,	0,	0,	1,	1,	0,	'2018-03-02 00:59:54',	'2018-03-02 00:59:54'),
(2463,	366,	'Kontak',	NULL,	0,	0,	0,	0,	0,	1,	1,	1,	'2018-03-02 00:59:54',	'2018-03-02 00:59:54'),
(2464,	366,	'Alamat',	NULL,	0,	0,	0,	0,	0,	1,	1,	2,	'2018-03-02 00:59:54',	'2018-03-02 00:59:54'),
(2465,	366,	'Biaya',	'100000',	0,	0,	0,	0,	1,	1,	1,	3,	'2018-03-02 00:59:54',	'2018-03-02 00:59:54'),
(2466,	366,	'Contoh Makanan',	NULL,	0,	1,	0,	1,	0,	1,	1,	4,	'2018-03-02 00:59:54',	'2018-03-02 00:59:54'),
(2467,	366,	'Catatan',	NULL,	1,	0,	0,	1,	0,	1,	1,	5,	'2018-03-02 00:59:54',	'2018-03-02 00:59:54'),
(2468,	367,	'Nama',	NULL,	0,	0,	0,	0,	0,	1,	1,	0,	'2018-03-02 00:59:54',	'2018-03-02 00:59:54'),
(2469,	367,	'Kontak',	NULL,	0,	0,	0,	0,	0,	1,	1,	1,	'2018-03-02 00:59:54',	'2018-03-02 00:59:54'),
(2470,	367,	'Alamat',	NULL,	0,	0,	0,	0,	0,	1,	1,	2,	'2018-03-02 00:59:54',	'2018-03-02 00:59:54'),
(2471,	367,	'Biaya',	'100000',	0,	0,	0,	0,	1,	1,	1,	3,	'2018-03-02 00:59:54',	'2018-03-02 00:59:54'),
(2472,	367,	'Contoh',	NULL,	0,	1,	0,	1,	0,	1,	1,	4,	'2018-03-02 00:59:54',	'2018-03-02 00:59:54'),
(2473,	367,	'Isi Undangan',	NULL,	0,	0,	0,	0,	0,	1,	1,	5,	'2018-03-02 00:59:54',	'2018-03-02 00:59:54'),
(2474,	367,	'Catatan',	NULL,	1,	0,	0,	1,	0,	1,	1,	6,	'2018-03-02 00:59:54',	'2018-03-02 00:59:54'),
(2475,	368,	'Lokasi',	NULL,	0,	0,	0,	0,	0,	1,	1,	0,	'2018-03-02 00:59:54',	'2018-03-02 00:59:54'),
(2476,	368,	'Tanggal',	NULL,	0,	0,	0,	0,	0,	1,	1,	1,	'2018-03-02 00:59:54',	'2018-03-02 00:59:54'),
(2477,	368,	'Alamat',	NULL,	0,	0,	0,	0,	0,	1,	1,	2,	'2018-03-02 00:59:54',	'2018-03-02 00:59:54'),
(2478,	368,	'Biaya',	'100000',	0,	0,	0,	0,	1,	1,	1,	3,	'2018-03-02 00:59:54',	'2018-03-02 00:59:54'),
(2479,	368,	'Foto',	NULL,	0,	1,	0,	1,	0,	1,	1,	4,	'2018-03-02 00:59:54',	'2018-03-02 00:59:54'),
(2480,	368,	'Catatan',	NULL,	1,	0,	0,	1,	0,	1,	1,	5,	'2018-03-02 00:59:54',	'2018-03-02 00:59:54'),
(2481,	369,	'Nama',	NULL,	0,	0,	0,	0,	0,	1,	1,	0,	'2018-03-02 00:59:54',	'2018-03-02 00:59:54'),
(2482,	369,	'Kontak',	NULL,	0,	0,	0,	0,	0,	1,	1,	1,	'2018-03-02 00:59:54',	'2018-03-02 00:59:54'),
(2483,	369,	'Alamat',	NULL,	0,	0,	0,	0,	0,	1,	1,	2,	'2018-03-02 00:59:54',	'2018-03-02 00:59:54'),
(2484,	369,	'Biaya',	'100000',	0,	0,	0,	0,	1,	1,	1,	3,	'2018-03-02 00:59:54',	'2018-03-02 00:59:54'),
(2485,	369,	'Foto',	NULL,	0,	1,	0,	1,	0,	1,	1,	4,	'2018-03-02 00:59:54',	'2018-03-02 00:59:54'),
(2486,	369,	'Catatan',	NULL,	1,	0,	0,	1,	0,	1,	1,	5,	'2018-03-02 00:59:54',	'2018-03-02 00:59:54'),
(2487,	370,	'Nama Vendor',	NULL,	0,	0,	0,	0,	0,	1,	1,	0,	'2018-03-02 00:59:54',	'2018-03-02 00:59:54'),
(2488,	370,	'Kontak',	NULL,	0,	0,	0,	0,	0,	1,	1,	1,	'2018-03-02 00:59:54',	'2018-03-02 00:59:54'),
(2489,	370,	'Alamat',	NULL,	0,	0,	0,	0,	0,	1,	1,	2,	'2018-03-02 00:59:54',	'2018-03-02 00:59:54'),
(2490,	370,	'Biaya',	'100000',	0,	0,	0,	0,	1,	1,	1,	3,	'2018-03-02 00:59:54',	'2018-03-02 00:59:54'),
(2491,	370,	'Catatan',	NULL,	1,	0,	0,	1,	0,	1,	1,	4,	'2018-03-02 00:59:54',	'2018-03-02 00:59:54'),
(2492,	371,	'Nama Dekorator',	NULL,	0,	0,	0,	0,	0,	1,	1,	0,	'2018-03-02 00:59:54',	'2018-03-02 00:59:54'),
(2493,	371,	'Kontak',	NULL,	0,	0,	0,	0,	0,	1,	1,	1,	'2018-03-02 00:59:54',	'2018-03-02 00:59:54'),
(2494,	371,	'Alamat',	NULL,	0,	0,	0,	0,	0,	1,	1,	2,	'2018-03-02 00:59:54',	'2018-03-02 00:59:54'),
(2495,	371,	'Biaya',	'100000',	0,	0,	0,	0,	1,	1,	1,	3,	'2018-03-02 00:59:54',	'2018-03-02 00:59:54'),
(2496,	371,	'Foto Acuan Dekorasi',	NULL,	0,	1,	0,	1,	0,	1,	1,	4,	'2018-03-02 00:59:54',	'2018-03-02 00:59:54'),
(2497,	371,	'Tema Dekorasi',	NULL,	0,	0,	0,	0,	0,	1,	1,	5,	'2018-03-02 00:59:54',	'2018-03-02 00:59:54'),
(2498,	371,	'Nuansa Warna Bunga',	NULL,	0,	0,	0,	0,	0,	1,	1,	6,	'2018-03-02 00:59:54',	'2018-03-02 00:59:54'),
(2499,	371,	'Nuansa Warna Dekorasi',	NULL,	0,	0,	0,	0,	0,	1,	1,	7,	'2018-03-02 00:59:54',	'2018-03-02 00:59:54'),
(2500,	371,	'Kain Dekorasi',	NULL,	0,	0,	0,	0,	0,	1,	1,	8,	'2018-03-02 00:59:54',	'2018-03-02 00:59:54'),
(2501,	371,	'Catatan',	NULL,	1,	0,	0,	1,	0,	1,	1,	9,	'2018-03-02 00:59:54',	'2018-03-02 00:59:54'),
(2502,	372,	'Nama',	NULL,	0,	0,	0,	0,	0,	1,	1,	0,	'2018-03-02 00:59:54',	'2018-03-02 00:59:54'),
(2503,	372,	'Kontak',	NULL,	0,	0,	0,	0,	0,	1,	1,	1,	'2018-03-02 00:59:54',	'2018-03-02 00:59:54'),
(2504,	372,	'Alamat',	NULL,	0,	0,	0,	0,	0,	1,	1,	2,	'2018-03-02 00:59:54',	'2018-03-02 00:59:54'),
(2505,	372,	'Biaya',	'100000',	0,	0,	0,	0,	1,	1,	1,	3,	'2018-03-02 00:59:54',	'2018-03-02 00:59:54'),
(2506,	372,	'Foto Lokasi Acara',	NULL,	0,	1,	0,	1,	0,	1,	1,	4,	'2018-03-02 00:59:54',	'2018-03-02 00:59:54'),
(2507,	372,	'Catatan',	NULL,	1,	0,	0,	1,	0,	1,	1,	5,	'2018-03-02 00:59:54',	'2018-03-02 00:59:54'),
(2508,	373,	'Nama',	NULL,	0,	0,	0,	0,	0,	1,	1,	0,	'2018-03-02 00:59:54',	'2018-03-02 00:59:54'),
(2509,	373,	'Kontak',	NULL,	0,	0,	0,	0,	0,	1,	1,	1,	'2018-03-02 00:59:54',	'2018-03-02 00:59:54'),
(2510,	373,	'Alamat',	NULL,	0,	0,	0,	0,	0,	1,	1,	2,	'2018-03-02 00:59:54',	'2018-03-02 00:59:54'),
(2511,	373,	'Biaya',	'100000',	0,	0,	0,	0,	1,	1,	1,	3,	'2018-03-02 00:59:54',	'2018-03-02 00:59:54'),
(2512,	373,	'Foto Acuan Pernikahan',	NULL,	0,	1,	0,	1,	0,	1,	1,	4,	'2018-03-02 00:59:54',	'2018-03-02 00:59:54'),
(2513,	373,	'Catatan',	NULL,	1,	0,	0,	1,	0,	1,	1,	5,	'2018-03-02 00:59:54',	'2018-03-02 00:59:54'),
(2514,	374,	'Nama',	NULL,	0,	0,	0,	0,	0,	1,	1,	0,	'2018-03-02 00:59:54',	'2018-03-02 00:59:54'),
(2515,	374,	'Kontak',	NULL,	0,	0,	0,	0,	0,	1,	1,	1,	'2018-03-02 00:59:54',	'2018-03-02 00:59:54'),
(2516,	374,	'Alamat',	NULL,	0,	0,	0,	0,	0,	1,	1,	2,	'2018-03-02 00:59:54',	'2018-03-02 00:59:54'),
(2517,	374,	'Biaya',	'100000',	0,	0,	0,	0,	1,	1,	1,	3,	'2018-03-02 00:59:54',	'2018-03-02 00:59:54'),
(2518,	374,	'Video Acuan Pernikahan',	NULL,	0,	0,	1,	1,	0,	1,	1,	4,	'2018-03-02 00:59:54',	'2018-03-02 00:59:54'),
(2519,	374,	'Tema Video',	NULL,	0,	0,	0,	0,	0,	1,	1,	5,	'2018-03-02 00:59:54',	'2018-03-02 00:59:54'),
(2520,	374,	'Catatan',	NULL,	1,	0,	0,	1,	0,	1,	1,	6,	'2018-03-02 00:59:54',	'2018-03-02 00:59:54'),
(2521,	375,	'Nama',	NULL,	0,	0,	0,	0,	0,	1,	1,	0,	'2018-03-02 00:59:54',	'2018-03-02 00:59:54'),
(2522,	375,	'Kontak',	NULL,	0,	0,	0,	0,	0,	1,	1,	1,	'2018-03-02 00:59:54',	'2018-03-02 00:59:54'),
(2523,	375,	'Alamat',	NULL,	0,	0,	0,	0,	0,	1,	1,	2,	'2018-03-02 00:59:54',	'2018-03-02 00:59:54'),
(2524,	375,	'Biaya',	'100000',	0,	0,	0,	0,	1,	1,	1,	3,	'2018-03-02 00:59:54',	'2018-03-02 00:59:54'),
(2525,	375,	'Tema Busana',	NULL,	0,	0,	0,	0,	0,	1,	1,	4,	'2018-03-02 00:59:54',	'2018-03-02 00:59:54'),
(2526,	375,	'Nuansa Warna',	NULL,	0,	0,	0,	0,	0,	1,	1,	5,	'2018-03-02 00:59:54',	'2018-03-02 00:59:54'),
(2527,	375,	'Catatan',	NULL,	1,	0,	0,	1,	0,	1,	1,	6,	'2018-03-02 00:59:54',	'2018-03-02 00:59:54'),
(2528,	376,	'Nama',	NULL,	0,	0,	0,	0,	0,	1,	1,	0,	'2018-03-02 00:59:54',	'2018-03-02 00:59:54'),
(2529,	376,	'Kontak',	NULL,	0,	0,	0,	0,	0,	1,	1,	1,	'2018-03-02 00:59:54',	'2018-03-02 00:59:54'),
(2530,	376,	'Alamat',	NULL,	0,	0,	0,	0,	0,	1,	1,	2,	'2018-03-02 00:59:54',	'2018-03-02 00:59:54'),
(2531,	376,	'Biaya',	'100000',	0,	0,	0,	0,	1,	1,	1,	3,	'2018-03-02 00:59:54',	'2018-03-02 00:59:54'),
(2532,	376,	'Contoh Aksesoris',	NULL,	0,	1,	0,	1,	0,	1,	1,	4,	'2018-03-02 00:59:54',	'2018-03-02 00:59:54'),
(2533,	376,	'Tema',	NULL,	0,	0,	0,	0,	0,	1,	1,	5,	'2018-03-02 00:59:54',	'2018-03-02 00:59:54'),
(2534,	376,	'Catatan',	NULL,	1,	0,	0,	1,	0,	1,	1,	6,	'2018-03-02 00:59:54',	'2018-03-02 00:59:54'),
(2535,	377,	'Nama',	NULL,	0,	0,	0,	0,	0,	1,	1,	0,	'2018-03-02 00:59:54',	'2018-03-02 00:59:54'),
(2536,	377,	'Kontak',	NULL,	0,	0,	0,	0,	0,	1,	1,	1,	'2018-03-02 00:59:54',	'2018-03-02 00:59:54'),
(2537,	377,	'Alamat',	NULL,	0,	0,	0,	0,	0,	1,	1,	2,	'2018-03-02 00:59:54',	'2018-03-02 00:59:54'),
(2538,	377,	'Biaya',	'100000',	0,	0,	0,	0,	1,	1,	1,	3,	'2018-03-02 00:59:54',	'2018-03-02 00:59:54'),
(2539,	377,	'Contoh Pengrias Wajah',	NULL,	0,	1,	0,	1,	0,	1,	1,	4,	'2018-03-02 00:59:54',	'2018-03-02 00:59:54'),
(2540,	377,	'Tema',	NULL,	0,	0,	0,	0,	0,	1,	1,	5,	'2018-03-02 00:59:54',	'2018-03-02 00:59:54'),
(2541,	377,	'Catatan',	NULL,	1,	0,	0,	1,	0,	1,	1,	6,	'2018-03-02 00:59:54',	'2018-03-02 00:59:54'),
(2542,	378,	'Nama',	NULL,	0,	0,	0,	0,	0,	1,	1,	0,	'2018-03-02 00:59:54',	'2018-03-02 00:59:54'),
(2543,	378,	'Kontak',	NULL,	0,	0,	0,	0,	0,	1,	1,	1,	'2018-03-02 00:59:54',	'2018-03-02 00:59:54'),
(2544,	378,	'Alamat',	NULL,	0,	0,	0,	0,	0,	1,	1,	2,	'2018-03-02 00:59:54',	'2018-03-02 00:59:54'),
(2545,	378,	'Biaya',	'100000',	0,	0,	0,	0,	1,	1,	1,	3,	'2018-03-02 00:59:54',	'2018-03-02 00:59:54'),
(2546,	378,	'Contoh Makanan',	NULL,	0,	1,	0,	1,	0,	1,	1,	4,	'2018-03-02 00:59:54',	'2018-03-02 00:59:54'),
(2547,	378,	'Catatan',	NULL,	1,	0,	0,	1,	0,	1,	1,	5,	'2018-03-02 00:59:54',	'2018-03-02 00:59:54'),
(2548,	379,	'Nama',	NULL,	0,	0,	0,	0,	0,	1,	1,	0,	'2018-03-02 00:59:54',	'2018-03-02 00:59:54'),
(2549,	379,	'Kontak',	NULL,	0,	0,	0,	0,	0,	1,	1,	1,	'2018-03-02 00:59:54',	'2018-03-02 00:59:54'),
(2550,	379,	'Alamat',	NULL,	0,	0,	0,	0,	0,	1,	1,	2,	'2018-03-02 00:59:54',	'2018-03-02 00:59:54'),
(2551,	379,	'Biaya',	'100000',	0,	0,	0,	0,	1,	1,	1,	3,	'2018-03-02 00:59:54',	'2018-03-02 00:59:54'),
(2552,	379,	'Contoh',	NULL,	0,	1,	0,	1,	0,	1,	1,	4,	'2018-03-02 00:59:54',	'2018-03-02 00:59:54'),
(2553,	379,	'Isi Undangan',	NULL,	0,	0,	0,	0,	0,	1,	1,	5,	'2018-03-02 00:59:54',	'2018-03-02 00:59:54'),
(2554,	379,	'Catatan',	NULL,	1,	0,	0,	1,	0,	1,	1,	6,	'2018-03-02 00:59:54',	'2018-03-02 00:59:54'),
(2555,	380,	'Nama',	NULL,	0,	0,	0,	0,	0,	1,	1,	0,	'2018-03-02 00:59:54',	'2018-03-02 00:59:54'),
(2556,	380,	'Kontak',	NULL,	0,	0,	0,	0,	0,	1,	1,	1,	'2018-03-02 00:59:54',	'2018-03-02 00:59:54'),
(2557,	380,	'Alamat',	NULL,	0,	0,	0,	0,	0,	1,	1,	2,	'2018-03-02 00:59:54',	'2018-03-02 00:59:54'),
(2558,	380,	'Biaya',	'100000',	0,	0,	0,	0,	1,	1,	1,	3,	'2018-03-02 00:59:54',	'2018-03-02 00:59:54'),
(2559,	380,	'Foto',	NULL,	0,	1,	0,	1,	0,	1,	1,	4,	'2018-03-02 00:59:54',	'2018-03-02 00:59:54'),
(2560,	380,	'Catatan',	NULL,	1,	0,	0,	1,	0,	1,	1,	5,	'2018-03-02 00:59:54',	'2018-03-02 00:59:54'),
(2561,	381,	'Nama Vendor',	NULL,	0,	0,	0,	0,	0,	1,	1,	0,	'2018-03-02 00:59:54',	'2018-03-02 00:59:54'),
(2562,	381,	'Kontak',	NULL,	0,	0,	0,	0,	0,	1,	1,	1,	'2018-03-02 00:59:54',	'2018-03-02 00:59:54'),
(2563,	381,	'Alamat',	NULL,	0,	0,	0,	0,	0,	1,	1,	2,	'2018-03-02 00:59:54',	'2018-03-02 00:59:54'),
(2564,	381,	'Biaya',	'100000',	0,	0,	0,	0,	1,	1,	1,	3,	'2018-03-02 00:59:54',	'2018-03-02 00:59:54'),
(2565,	381,	'Catatan',	NULL,	1,	0,	0,	1,	0,	1,	1,	4,	'2018-03-02 00:59:54',	'2018-03-02 00:59:54'),
(2566,	382,	'Nama Dekorator',	NULL,	0,	0,	0,	0,	0,	1,	1,	0,	'2018-03-02 00:59:54',	'2018-03-02 00:59:54'),
(2567,	382,	'Kontak',	NULL,	0,	0,	0,	0,	0,	1,	1,	1,	'2018-03-02 00:59:54',	'2018-03-02 00:59:54'),
(2568,	382,	'Alamat',	NULL,	0,	0,	0,	0,	0,	1,	1,	2,	'2018-03-02 00:59:54',	'2018-03-02 00:59:54'),
(2569,	382,	'Biaya',	'100000',	0,	0,	0,	0,	1,	1,	1,	3,	'2018-03-02 00:59:54',	'2018-03-02 00:59:54'),
(2570,	382,	'Foto Acuan Dekorasi',	NULL,	0,	1,	0,	1,	0,	1,	1,	4,	'2018-03-02 00:59:54',	'2018-03-02 00:59:54'),
(2571,	382,	'Tema Dekorasi',	NULL,	0,	0,	0,	0,	0,	1,	1,	5,	'2018-03-02 00:59:54',	'2018-03-02 00:59:54'),
(2572,	382,	'Nuansa Warna Bunga',	NULL,	0,	0,	0,	0,	0,	1,	1,	6,	'2018-03-02 00:59:54',	'2018-03-02 00:59:54'),
(2573,	382,	'Nuansa Warna Dekorasi',	NULL,	0,	0,	0,	0,	0,	1,	1,	7,	'2018-03-02 00:59:54',	'2018-03-02 00:59:54'),
(2574,	382,	'Kain Dekorasi',	NULL,	0,	0,	0,	0,	0,	1,	1,	8,	'2018-03-02 00:59:54',	'2018-03-02 00:59:54'),
(2575,	382,	'Catatan',	NULL,	1,	0,	0,	1,	0,	1,	1,	9,	'2018-03-02 00:59:54',	'2018-03-02 00:59:54'),
(2576,	383,	'Nama',	NULL,	0,	0,	0,	0,	0,	1,	1,	0,	'2018-03-02 00:59:54',	'2018-03-02 00:59:54'),
(2577,	383,	'Kontak',	NULL,	0,	0,	0,	0,	0,	1,	1,	1,	'2018-03-02 00:59:54',	'2018-03-02 00:59:54'),
(2578,	383,	'Alamat',	NULL,	0,	0,	0,	0,	0,	1,	1,	2,	'2018-03-02 00:59:54',	'2018-03-02 00:59:54'),
(2579,	383,	'Biaya',	'100000',	0,	0,	0,	0,	1,	1,	1,	3,	'2018-03-02 00:59:54',	'2018-03-02 00:59:54'),
(2580,	383,	'Foto Lokasi Acara',	NULL,	0,	1,	0,	1,	0,	1,	1,	4,	'2018-03-02 00:59:54',	'2018-03-02 00:59:54'),
(2581,	383,	'Catatan',	NULL,	1,	0,	0,	1,	0,	1,	1,	5,	'2018-03-02 00:59:54',	'2018-03-02 00:59:54'),
(2582,	384,	'Nama',	NULL,	0,	0,	0,	0,	0,	1,	1,	0,	'2018-03-02 00:59:54',	'2018-03-02 00:59:54'),
(2583,	384,	'Kontak',	NULL,	0,	0,	0,	0,	0,	1,	1,	1,	'2018-03-02 00:59:54',	'2018-03-02 00:59:54'),
(2584,	384,	'Alamat',	NULL,	0,	0,	0,	0,	0,	1,	1,	2,	'2018-03-02 00:59:54',	'2018-03-02 00:59:54'),
(2585,	384,	'Biaya',	'100000',	0,	0,	0,	0,	1,	1,	1,	3,	'2018-03-02 00:59:54',	'2018-03-02 00:59:54'),
(2586,	384,	'Foto Acuan Pernikahan',	NULL,	0,	1,	0,	1,	0,	1,	1,	4,	'2018-03-02 00:59:54',	'2018-03-02 00:59:54'),
(2587,	384,	'Catatan',	NULL,	1,	0,	0,	1,	0,	1,	1,	5,	'2018-03-02 00:59:54',	'2018-03-02 00:59:54'),
(2588,	385,	'Nama',	NULL,	0,	0,	0,	0,	0,	1,	1,	0,	'2018-03-02 00:59:54',	'2018-03-02 00:59:54'),
(2589,	385,	'Kontak',	NULL,	0,	0,	0,	0,	0,	1,	1,	1,	'2018-03-02 00:59:54',	'2018-03-02 00:59:54'),
(2590,	385,	'Alamat',	NULL,	0,	0,	0,	0,	0,	1,	1,	2,	'2018-03-02 00:59:54',	'2018-03-02 00:59:54'),
(2591,	385,	'Biaya',	'100000',	0,	0,	0,	0,	1,	1,	1,	3,	'2018-03-02 00:59:54',	'2018-03-02 00:59:54'),
(2592,	385,	'Video Acuan Pernikahan',	NULL,	0,	0,	1,	1,	0,	1,	1,	4,	'2018-03-02 00:59:54',	'2018-03-02 00:59:54'),
(2593,	385,	'Tema Video',	NULL,	0,	0,	0,	0,	0,	1,	1,	5,	'2018-03-02 00:59:54',	'2018-03-02 00:59:54'),
(2594,	385,	'Catatan',	NULL,	1,	0,	0,	1,	0,	1,	1,	6,	'2018-03-02 00:59:54',	'2018-03-02 00:59:54'),
(2595,	386,	'Nama',	NULL,	0,	0,	0,	0,	0,	1,	1,	0,	'2018-03-02 00:59:54',	'2018-03-02 00:59:54'),
(2596,	386,	'Kontak',	NULL,	0,	0,	0,	0,	0,	1,	1,	1,	'2018-03-02 00:59:54',	'2018-03-02 00:59:54'),
(2597,	386,	'Alamat',	NULL,	0,	0,	0,	0,	0,	1,	1,	2,	'2018-03-02 00:59:54',	'2018-03-02 00:59:54'),
(2598,	386,	'Biaya',	'100000',	0,	0,	0,	0,	1,	1,	1,	3,	'2018-03-02 00:59:54',	'2018-03-02 00:59:54'),
(2599,	386,	'Tema Busana',	NULL,	0,	0,	0,	0,	0,	1,	1,	4,	'2018-03-02 00:59:54',	'2018-03-02 00:59:54'),
(2600,	386,	'Nuansa Warna',	NULL,	0,	0,	0,	0,	0,	1,	1,	5,	'2018-03-02 00:59:54',	'2018-03-02 00:59:54'),
(2601,	386,	'Catatan',	NULL,	1,	0,	0,	1,	0,	1,	1,	6,	'2018-03-02 00:59:54',	'2018-03-02 00:59:54'),
(2602,	387,	'Nama',	NULL,	0,	0,	0,	0,	0,	1,	1,	0,	'2018-03-02 00:59:54',	'2018-03-02 00:59:54'),
(2603,	387,	'Kontak',	NULL,	0,	0,	0,	0,	0,	1,	1,	1,	'2018-03-02 00:59:54',	'2018-03-02 00:59:54'),
(2604,	387,	'Alamat',	NULL,	0,	0,	0,	0,	0,	1,	1,	2,	'2018-03-02 00:59:54',	'2018-03-02 00:59:54'),
(2605,	387,	'Biaya',	'100000',	0,	0,	0,	0,	1,	1,	1,	3,	'2018-03-02 00:59:54',	'2018-03-02 00:59:54'),
(2606,	387,	'Contoh Aksesoris',	NULL,	0,	1,	0,	1,	0,	1,	1,	4,	'2018-03-02 00:59:54',	'2018-03-02 00:59:54'),
(2607,	387,	'Tema',	NULL,	0,	0,	0,	0,	0,	1,	1,	5,	'2018-03-02 00:59:54',	'2018-03-02 00:59:54'),
(2608,	387,	'Catatan',	NULL,	1,	0,	0,	1,	0,	1,	1,	6,	'2018-03-02 00:59:54',	'2018-03-02 00:59:54'),
(2609,	388,	'Nama',	NULL,	0,	0,	0,	0,	0,	1,	1,	0,	'2018-03-02 00:59:54',	'2018-03-02 00:59:54'),
(2610,	388,	'Kontak',	NULL,	0,	0,	0,	0,	0,	1,	1,	1,	'2018-03-02 00:59:54',	'2018-03-02 00:59:54'),
(2611,	388,	'Alamat',	NULL,	0,	0,	0,	0,	0,	1,	1,	2,	'2018-03-02 00:59:54',	'2018-03-02 00:59:54'),
(2612,	388,	'Biaya',	'100000',	0,	0,	0,	0,	1,	1,	1,	3,	'2018-03-02 00:59:54',	'2018-03-02 00:59:54'),
(2613,	388,	'Contoh Pengrias Wajah',	NULL,	0,	1,	0,	1,	0,	1,	1,	4,	'2018-03-02 00:59:54',	'2018-03-02 00:59:54'),
(2614,	388,	'Tema',	NULL,	0,	0,	0,	0,	0,	1,	1,	5,	'2018-03-02 00:59:54',	'2018-03-02 00:59:54'),
(2615,	388,	'Catatan',	NULL,	1,	0,	0,	1,	0,	1,	1,	6,	'2018-03-02 00:59:54',	'2018-03-02 00:59:54'),
(2616,	389,	'Nama',	NULL,	0,	0,	0,	0,	0,	1,	1,	0,	'2018-03-02 00:59:54',	'2018-03-02 00:59:54'),
(2617,	389,	'Kontak',	NULL,	0,	0,	0,	0,	0,	1,	1,	1,	'2018-03-02 00:59:54',	'2018-03-02 00:59:54'),
(2618,	389,	'Alamat',	NULL,	0,	0,	0,	0,	0,	1,	1,	2,	'2018-03-02 00:59:54',	'2018-03-02 00:59:54'),
(2619,	389,	'Biaya',	'100000',	0,	0,	0,	0,	1,	1,	1,	3,	'2018-03-02 00:59:54',	'2018-03-02 00:59:54'),
(2620,	389,	'Contoh Makanan',	NULL,	0,	1,	0,	1,	0,	1,	1,	4,	'2018-03-02 00:59:54',	'2018-03-02 00:59:54'),
(2621,	389,	'Catatan',	NULL,	1,	0,	0,	1,	0,	1,	1,	5,	'2018-03-02 00:59:54',	'2018-03-02 00:59:54'),
(2622,	390,	'Nama',	NULL,	0,	0,	0,	0,	0,	1,	1,	0,	'2018-03-02 00:59:54',	'2018-03-02 00:59:54'),
(2623,	390,	'Kontak',	NULL,	0,	0,	0,	0,	0,	1,	1,	1,	'2018-03-02 00:59:54',	'2018-03-02 00:59:54'),
(2624,	390,	'Alamat',	NULL,	0,	0,	0,	0,	0,	1,	1,	2,	'2018-03-02 00:59:54',	'2018-03-02 00:59:54'),
(2625,	390,	'Biaya',	'100000',	0,	0,	0,	0,	1,	1,	1,	3,	'2018-03-02 00:59:54',	'2018-03-02 00:59:54'),
(2626,	390,	'Contoh',	NULL,	0,	1,	0,	1,	0,	1,	1,	4,	'2018-03-02 00:59:54',	'2018-03-02 00:59:54'),
(2627,	390,	'Isi Undangan',	NULL,	0,	0,	0,	0,	0,	1,	1,	5,	'2018-03-02 00:59:54',	'2018-03-02 00:59:54'),
(2628,	390,	'Catatan',	NULL,	1,	0,	0,	1,	0,	1,	1,	6,	'2018-03-02 00:59:54',	'2018-03-02 00:59:54'),
(2629,	391,	'Nama',	NULL,	0,	0,	0,	0,	0,	1,	1,	0,	'2018-03-02 00:59:54',	'2018-03-02 00:59:54'),
(2630,	391,	'Kontak',	NULL,	0,	0,	0,	0,	0,	1,	1,	1,	'2018-03-02 00:59:54',	'2018-03-02 00:59:54'),
(2631,	391,	'Alamat',	NULL,	0,	0,	0,	0,	0,	1,	1,	2,	'2018-03-02 00:59:54',	'2018-03-02 00:59:54'),
(2632,	391,	'Biaya',	'100000',	0,	0,	0,	0,	1,	1,	1,	3,	'2018-03-02 00:59:54',	'2018-03-02 00:59:54'),
(2633,	391,	'Foto',	NULL,	0,	1,	0,	1,	0,	1,	1,	4,	'2018-03-02 00:59:54',	'2018-03-02 00:59:54'),
(2634,	391,	'Catatan',	NULL,	1,	0,	0,	1,	0,	1,	1,	5,	'2018-03-02 00:59:54',	'2018-03-02 00:59:54'),
(2635,	392,	'Nama Vendor',	NULL,	0,	0,	0,	0,	0,	1,	1,	0,	'2018-03-02 00:59:54',	'2018-03-02 00:59:54'),
(2636,	392,	'Kontak',	NULL,	0,	0,	0,	0,	0,	1,	1,	1,	'2018-03-02 00:59:54',	'2018-03-02 00:59:54'),
(2637,	392,	'Alamat',	NULL,	0,	0,	0,	0,	0,	1,	1,	2,	'2018-03-02 00:59:54',	'2018-03-02 00:59:54'),
(2638,	392,	'Biaya',	'100000',	0,	0,	0,	0,	1,	1,	1,	3,	'2018-03-02 00:59:54',	'2018-03-02 00:59:54'),
(2639,	392,	'Catatan',	NULL,	1,	0,	0,	1,	0,	1,	1,	4,	'2018-03-02 00:59:54',	'2018-03-02 00:59:54'),
(2640,	393,	'Nama Dekorator',	NULL,	0,	0,	0,	0,	0,	1,	1,	0,	'2018-03-02 00:59:54',	'2018-03-02 00:59:54'),
(2641,	393,	'Kontak',	NULL,	0,	0,	0,	0,	0,	1,	1,	1,	'2018-03-02 00:59:54',	'2018-03-02 00:59:54'),
(2642,	393,	'Alamat',	NULL,	0,	0,	0,	0,	0,	1,	1,	2,	'2018-03-02 00:59:54',	'2018-03-02 00:59:54'),
(2643,	393,	'Biaya',	'100000',	0,	0,	0,	0,	1,	1,	1,	3,	'2018-03-02 00:59:54',	'2018-03-02 00:59:54'),
(2644,	393,	'Foto Acuan Dekorasi',	NULL,	0,	1,	0,	1,	0,	1,	1,	4,	'2018-03-02 00:59:54',	'2018-03-02 00:59:54'),
(2645,	393,	'Tema Dekorasi',	NULL,	0,	0,	0,	0,	0,	1,	1,	5,	'2018-03-02 00:59:54',	'2018-03-02 00:59:54'),
(2646,	393,	'Nuansa Warna Bunga',	NULL,	0,	0,	0,	0,	0,	1,	1,	6,	'2018-03-02 00:59:54',	'2018-03-02 00:59:54'),
(2647,	393,	'Nuansa Warna Dekorasi',	NULL,	0,	0,	0,	0,	0,	1,	1,	7,	'2018-03-02 00:59:54',	'2018-03-02 00:59:54'),
(2648,	393,	'Kain Dekorasi',	NULL,	0,	0,	0,	0,	0,	1,	1,	8,	'2018-03-02 00:59:54',	'2018-03-02 00:59:54'),
(2649,	393,	'Catatan',	NULL,	1,	0,	0,	1,	0,	1,	1,	9,	'2018-03-02 00:59:54',	'2018-03-02 00:59:54'),
(2650,	394,	'Nama',	NULL,	0,	0,	0,	0,	0,	1,	1,	0,	'2018-03-02 00:59:54',	'2018-03-02 00:59:54'),
(2651,	394,	'Kontak',	NULL,	0,	0,	0,	0,	0,	1,	1,	1,	'2018-03-02 00:59:54',	'2018-03-02 00:59:54'),
(2652,	394,	'Alamat',	NULL,	0,	0,	0,	0,	0,	1,	1,	2,	'2018-03-02 00:59:54',	'2018-03-02 00:59:54'),
(2653,	394,	'Biaya',	'100000',	0,	0,	0,	0,	1,	1,	1,	3,	'2018-03-02 00:59:54',	'2018-03-02 00:59:54'),
(2654,	394,	'Foto Lokasi Acara',	NULL,	0,	1,	0,	1,	0,	1,	1,	4,	'2018-03-02 00:59:54',	'2018-03-02 00:59:54'),
(2655,	394,	'Catatan',	NULL,	1,	0,	0,	1,	0,	1,	1,	5,	'2018-03-02 00:59:54',	'2018-03-02 00:59:54'),
(2656,	395,	'Nama',	NULL,	0,	0,	0,	0,	0,	1,	1,	0,	'2018-03-02 00:59:54',	'2018-03-02 00:59:54'),
(2657,	395,	'Kontak',	NULL,	0,	0,	0,	0,	0,	1,	1,	1,	'2018-03-02 00:59:54',	'2018-03-02 00:59:54'),
(2658,	395,	'Alamat',	NULL,	0,	0,	0,	0,	0,	1,	1,	2,	'2018-03-02 00:59:54',	'2018-03-02 00:59:54'),
(2659,	395,	'Biaya',	'100000',	0,	0,	0,	0,	1,	1,	1,	3,	'2018-03-02 00:59:54',	'2018-03-02 00:59:54'),
(2660,	395,	'Foto Acuan Pernikahan',	NULL,	0,	1,	0,	1,	0,	1,	1,	4,	'2018-03-02 00:59:54',	'2018-03-02 00:59:54'),
(2661,	395,	'Catatan',	NULL,	1,	0,	0,	1,	0,	1,	1,	5,	'2018-03-02 00:59:54',	'2018-03-02 00:59:54'),
(2662,	396,	'Nama',	NULL,	0,	0,	0,	0,	0,	1,	1,	0,	'2018-03-02 00:59:54',	'2018-03-02 00:59:54'),
(2663,	396,	'Kontak',	NULL,	0,	0,	0,	0,	0,	1,	1,	1,	'2018-03-02 00:59:54',	'2018-03-02 00:59:54'),
(2664,	396,	'Alamat',	NULL,	0,	0,	0,	0,	0,	1,	1,	2,	'2018-03-02 00:59:54',	'2018-03-02 00:59:54'),
(2665,	396,	'Biaya',	'100000',	0,	0,	0,	0,	1,	1,	1,	3,	'2018-03-02 00:59:54',	'2018-03-02 00:59:54'),
(2666,	396,	'Video Acuan Pernikahan',	NULL,	0,	0,	1,	1,	0,	1,	1,	4,	'2018-03-02 00:59:54',	'2018-03-02 00:59:54'),
(2667,	396,	'Tema Video',	NULL,	0,	0,	0,	0,	0,	1,	1,	5,	'2018-03-02 00:59:54',	'2018-03-02 00:59:54'),
(2668,	396,	'Catatan',	NULL,	1,	0,	0,	1,	0,	1,	1,	6,	'2018-03-02 00:59:54',	'2018-03-02 00:59:54'),
(2669,	397,	'Nama',	NULL,	0,	0,	0,	0,	0,	1,	1,	0,	'2018-03-02 00:59:54',	'2018-03-02 00:59:54'),
(2670,	397,	'Kontak',	NULL,	0,	0,	0,	0,	0,	1,	1,	1,	'2018-03-02 00:59:54',	'2018-03-02 00:59:54'),
(2671,	397,	'Alamat',	NULL,	0,	0,	0,	0,	0,	1,	1,	2,	'2018-03-02 00:59:54',	'2018-03-02 00:59:54'),
(2672,	397,	'Biaya',	'100000',	0,	0,	0,	0,	1,	1,	1,	3,	'2018-03-02 00:59:54',	'2018-03-02 00:59:54'),
(2673,	397,	'Tema Busana',	NULL,	0,	0,	0,	0,	0,	1,	1,	4,	'2018-03-02 00:59:54',	'2018-03-02 00:59:54'),
(2674,	397,	'Nuansa Warna',	NULL,	0,	0,	0,	0,	0,	1,	1,	5,	'2018-03-02 00:59:54',	'2018-03-02 00:59:54'),
(2675,	397,	'Catatan',	NULL,	1,	0,	0,	1,	0,	1,	1,	6,	'2018-03-02 00:59:54',	'2018-03-02 00:59:54'),
(2676,	398,	'Nama',	NULL,	0,	0,	0,	0,	0,	1,	1,	0,	'2018-03-02 00:59:54',	'2018-03-02 00:59:54'),
(2677,	398,	'Kontak',	NULL,	0,	0,	0,	0,	0,	1,	1,	1,	'2018-03-02 00:59:54',	'2018-03-02 00:59:54'),
(2678,	398,	'Alamat',	NULL,	0,	0,	0,	0,	0,	1,	1,	2,	'2018-03-02 00:59:54',	'2018-03-02 00:59:54'),
(2679,	398,	'Biaya',	'100000',	0,	0,	0,	0,	1,	1,	1,	3,	'2018-03-02 00:59:54',	'2018-03-02 00:59:54'),
(2680,	398,	'Contoh Aksesoris',	NULL,	0,	1,	0,	1,	0,	1,	1,	4,	'2018-03-02 00:59:54',	'2018-03-02 00:59:54'),
(2681,	398,	'Tema',	NULL,	0,	0,	0,	0,	0,	1,	1,	5,	'2018-03-02 00:59:54',	'2018-03-02 00:59:54'),
(2682,	398,	'Catatan',	NULL,	1,	0,	0,	1,	0,	1,	1,	6,	'2018-03-02 00:59:54',	'2018-03-02 00:59:54'),
(2683,	399,	'Nama',	NULL,	0,	0,	0,	0,	0,	1,	1,	0,	'2018-03-02 00:59:54',	'2018-03-02 00:59:54'),
(2684,	399,	'Kontak',	NULL,	0,	0,	0,	0,	0,	1,	1,	1,	'2018-03-02 00:59:54',	'2018-03-02 00:59:54'),
(2685,	399,	'Alamat',	NULL,	0,	0,	0,	0,	0,	1,	1,	2,	'2018-03-02 00:59:54',	'2018-03-02 00:59:54'),
(2686,	399,	'Biaya',	'100000',	0,	0,	0,	0,	1,	1,	1,	3,	'2018-03-02 00:59:54',	'2018-03-02 00:59:54'),
(2687,	399,	'Contoh Pengrias Wajah',	NULL,	0,	1,	0,	1,	0,	1,	1,	4,	'2018-03-02 00:59:54',	'2018-03-02 00:59:54'),
(2688,	399,	'Tema',	NULL,	0,	0,	0,	0,	0,	1,	1,	5,	'2018-03-02 00:59:54',	'2018-03-02 00:59:54'),
(2689,	399,	'Catatan',	NULL,	1,	0,	0,	1,	0,	1,	1,	6,	'2018-03-02 00:59:54',	'2018-03-02 00:59:54'),
(2690,	400,	'Nama',	NULL,	0,	0,	0,	0,	0,	1,	1,	0,	'2018-03-02 00:59:54',	'2018-03-02 00:59:54'),
(2691,	400,	'Kontak',	NULL,	0,	0,	0,	0,	0,	1,	1,	1,	'2018-03-02 00:59:54',	'2018-03-02 00:59:54'),
(2692,	400,	'Alamat',	NULL,	0,	0,	0,	0,	0,	1,	1,	2,	'2018-03-02 00:59:54',	'2018-03-02 00:59:54'),
(2693,	400,	'Biaya',	'100000',	0,	0,	0,	0,	1,	1,	1,	3,	'2018-03-02 00:59:54',	'2018-03-02 00:59:54'),
(2694,	400,	'Contoh Makanan',	NULL,	0,	1,	0,	1,	0,	1,	1,	4,	'2018-03-02 00:59:54',	'2018-03-02 00:59:54'),
(2695,	400,	'Nama Makanan',	NULL,	0,	0,	0,	0,	0,	1,	1,	5,	'2018-03-02 00:59:54',	'2018-03-02 00:59:54'),
(2696,	400,	'Catatan',	NULL,	1,	0,	0,	1,	0,	1,	1,	6,	'2018-03-02 00:59:54',	'2018-03-02 00:59:54'),
(2697,	401,	'Nama Vendor',	NULL,	0,	0,	0,	0,	0,	1,	1,	0,	'2018-03-02 00:59:54',	'2018-03-02 00:59:54'),
(2698,	401,	'Kontak',	NULL,	0,	0,	0,	0,	0,	1,	1,	1,	'2018-03-02 00:59:54',	'2018-03-02 00:59:54'),
(2699,	401,	'Alamat',	NULL,	0,	0,	0,	0,	0,	1,	1,	2,	'2018-03-02 00:59:54',	'2018-03-02 00:59:54'),
(2700,	401,	'Biaya',	'100000',	0,	0,	0,	0,	1,	1,	1,	3,	'2018-03-02 00:59:54',	'2018-03-02 00:59:54'),
(2701,	401,	'Catatan',	NULL,	1,	0,	0,	1,	0,	1,	1,	4,	'2018-03-02 00:59:54',	'2018-03-02 00:59:54'),
(2702,	402,	'Nama Dekorator',	NULL,	0,	0,	0,	0,	0,	1,	1,	0,	'2018-03-02 00:59:54',	'2018-03-02 00:59:54'),
(2703,	402,	'Kontak',	NULL,	0,	0,	0,	0,	0,	1,	1,	1,	'2018-03-02 00:59:54',	'2018-03-02 00:59:54'),
(2704,	402,	'Alamat',	NULL,	0,	0,	0,	0,	0,	1,	1,	2,	'2018-03-02 00:59:54',	'2018-03-02 00:59:54'),
(2705,	402,	'Biaya',	'100000',	0,	0,	0,	0,	1,	1,	1,	3,	'2018-03-02 00:59:54',	'2018-03-02 00:59:54'),
(2706,	402,	'Foto Acuan Dekorasi',	NULL,	0,	1,	0,	1,	0,	1,	1,	4,	'2018-03-02 00:59:54',	'2018-03-02 00:59:54'),
(2707,	402,	'Tema Dekorasi',	NULL,	0,	0,	0,	0,	0,	1,	1,	5,	'2018-03-02 00:59:54',	'2018-03-02 00:59:54'),
(2708,	402,	'Nuansa Warna Bunga',	NULL,	0,	0,	0,	0,	0,	1,	1,	6,	'2018-03-02 00:59:54',	'2018-03-02 00:59:54'),
(2709,	402,	'Nuansa Warna Dekorasi',	NULL,	0,	0,	0,	0,	0,	1,	1,	7,	'2018-03-02 00:59:54',	'2018-03-02 00:59:54'),
(2710,	402,	'Kain Dekorasi',	NULL,	0,	0,	0,	0,	0,	1,	1,	8,	'2018-03-02 00:59:54',	'2018-03-02 00:59:54'),
(2711,	402,	'Catatan',	NULL,	1,	0,	0,	1,	0,	1,	1,	9,	'2018-03-02 00:59:54',	'2018-03-02 00:59:54'),
(2712,	403,	'Nama',	NULL,	0,	0,	0,	0,	0,	1,	1,	0,	'2018-03-02 00:59:55',	'2018-03-02 00:59:55'),
(2713,	403,	'Kontak',	NULL,	0,	0,	0,	0,	0,	1,	1,	1,	'2018-03-02 00:59:55',	'2018-03-02 00:59:55'),
(2714,	403,	'Alamat',	NULL,	0,	0,	0,	0,	0,	1,	1,	2,	'2018-03-02 00:59:55',	'2018-03-02 00:59:55'),
(2715,	403,	'Biaya',	'100000',	0,	0,	0,	0,	1,	1,	1,	3,	'2018-03-02 00:59:55',	'2018-03-02 00:59:55'),
(2716,	403,	'Foto Lokasi Acara',	NULL,	0,	1,	0,	1,	0,	1,	1,	4,	'2018-03-02 00:59:55',	'2018-03-02 00:59:55'),
(2717,	403,	'Catatan',	NULL,	1,	0,	0,	1,	0,	1,	1,	5,	'2018-03-02 00:59:55',	'2018-03-02 00:59:55'),
(2718,	404,	'Nama',	NULL,	0,	0,	0,	0,	0,	1,	1,	0,	'2018-03-02 00:59:55',	'2018-03-02 00:59:55'),
(2719,	404,	'Kontak',	NULL,	0,	0,	0,	0,	0,	1,	1,	1,	'2018-03-02 00:59:55',	'2018-03-02 00:59:55'),
(2720,	404,	'Alamat',	NULL,	0,	0,	0,	0,	0,	1,	1,	2,	'2018-03-02 00:59:55',	'2018-03-02 00:59:55'),
(2721,	404,	'Biaya',	'100000',	0,	0,	0,	0,	1,	1,	1,	3,	'2018-03-02 00:59:55',	'2018-03-02 00:59:55'),
(2722,	404,	'Foto Acuan Pernikahan',	NULL,	0,	1,	0,	1,	0,	1,	1,	4,	'2018-03-02 00:59:55',	'2018-03-02 00:59:55'),
(2723,	404,	'Catatan',	NULL,	1,	0,	0,	1,	0,	1,	1,	5,	'2018-03-02 00:59:55',	'2018-03-02 00:59:55'),
(2724,	405,	'Nama',	NULL,	0,	0,	0,	0,	0,	1,	1,	0,	'2018-03-02 00:59:55',	'2018-03-02 00:59:55'),
(2725,	405,	'Kontak',	NULL,	0,	0,	0,	0,	0,	1,	1,	1,	'2018-03-02 00:59:55',	'2018-03-02 00:59:55'),
(2726,	405,	'Alamat',	NULL,	0,	0,	0,	0,	0,	1,	1,	2,	'2018-03-02 00:59:55',	'2018-03-02 00:59:55'),
(2727,	405,	'Biaya',	'100000',	0,	0,	0,	0,	1,	1,	1,	3,	'2018-03-02 00:59:55',	'2018-03-02 00:59:55'),
(2728,	405,	'Video Acuan Pernikahan',	NULL,	0,	0,	1,	1,	0,	1,	1,	4,	'2018-03-02 00:59:55',	'2018-03-02 00:59:55'),
(2729,	405,	'Tema Video',	NULL,	0,	0,	0,	0,	0,	1,	1,	5,	'2018-03-02 00:59:55',	'2018-03-02 00:59:55'),
(2730,	405,	'Catatan',	NULL,	1,	0,	0,	1,	0,	1,	1,	6,	'2018-03-02 00:59:55',	'2018-03-02 00:59:55'),
(2731,	406,	'Nama',	NULL,	0,	0,	0,	0,	0,	1,	1,	0,	'2018-03-02 00:59:55',	'2018-03-02 00:59:55'),
(2732,	406,	'Kontak',	NULL,	0,	0,	0,	0,	0,	1,	1,	1,	'2018-03-02 00:59:55',	'2018-03-02 00:59:55'),
(2733,	406,	'Alamat',	NULL,	0,	0,	0,	0,	0,	1,	1,	2,	'2018-03-02 00:59:55',	'2018-03-02 00:59:55'),
(2734,	406,	'Biaya',	'100000',	0,	0,	0,	0,	1,	1,	1,	3,	'2018-03-02 00:59:55',	'2018-03-02 00:59:55'),
(2735,	406,	'Tema Busana',	NULL,	0,	0,	0,	0,	0,	1,	1,	4,	'2018-03-02 00:59:55',	'2018-03-02 00:59:55'),
(2736,	406,	'Nuansa Warna',	NULL,	0,	0,	0,	0,	0,	1,	1,	5,	'2018-03-02 00:59:55',	'2018-03-02 00:59:55'),
(2737,	406,	'Catatan',	NULL,	1,	0,	0,	1,	0,	1,	1,	6,	'2018-03-02 00:59:55',	'2018-03-02 00:59:55'),
(2738,	407,	'Nama',	NULL,	0,	0,	0,	0,	0,	1,	1,	0,	'2018-03-02 00:59:55',	'2018-03-02 00:59:55'),
(2739,	407,	'Kontak',	NULL,	0,	0,	0,	0,	0,	1,	1,	1,	'2018-03-02 00:59:55',	'2018-03-02 00:59:55'),
(2740,	407,	'Alamat',	NULL,	0,	0,	0,	0,	0,	1,	1,	2,	'2018-03-02 00:59:55',	'2018-03-02 00:59:55'),
(2741,	407,	'Biaya',	'100000',	0,	0,	0,	0,	1,	1,	1,	3,	'2018-03-02 00:59:55',	'2018-03-02 00:59:55'),
(2742,	407,	'Contoh Aksesoris',	NULL,	0,	1,	0,	1,	0,	1,	1,	4,	'2018-03-02 00:59:55',	'2018-03-02 00:59:55'),
(2743,	407,	'Tema',	NULL,	0,	0,	0,	0,	0,	1,	1,	5,	'2018-03-02 00:59:55',	'2018-03-02 00:59:55'),
(2744,	407,	'Catatan',	NULL,	1,	0,	0,	1,	0,	1,	1,	6,	'2018-03-02 00:59:55',	'2018-03-02 00:59:55'),
(2745,	408,	'Nama',	NULL,	0,	0,	0,	0,	0,	1,	1,	0,	'2018-03-02 00:59:55',	'2018-03-02 00:59:55'),
(2746,	408,	'Kontak',	NULL,	0,	0,	0,	0,	0,	1,	1,	1,	'2018-03-02 00:59:55',	'2018-03-02 00:59:55'),
(2747,	408,	'Alamat',	NULL,	0,	0,	0,	0,	0,	1,	1,	2,	'2018-03-02 00:59:55',	'2018-03-02 00:59:55'),
(2748,	408,	'Biaya',	'100000',	0,	0,	0,	0,	1,	1,	1,	3,	'2018-03-02 00:59:55',	'2018-03-02 00:59:55'),
(2749,	408,	'Contoh Pengrias Wajah',	NULL,	0,	1,	0,	1,	0,	1,	1,	4,	'2018-03-02 00:59:55',	'2018-03-02 00:59:55'),
(2750,	408,	'Tema',	NULL,	0,	0,	0,	0,	0,	1,	1,	5,	'2018-03-02 00:59:55',	'2018-03-02 00:59:55'),
(2751,	408,	'Catatan',	NULL,	1,	0,	0,	1,	0,	1,	1,	6,	'2018-03-02 00:59:55',	'2018-03-02 00:59:55'),
(2752,	409,	'Nama',	NULL,	0,	0,	0,	0,	0,	1,	1,	0,	'2018-03-02 00:59:55',	'2018-03-02 00:59:55'),
(2753,	409,	'Kontak',	NULL,	0,	0,	0,	0,	0,	1,	1,	1,	'2018-03-02 00:59:55',	'2018-03-02 00:59:55'),
(2754,	409,	'Alamat',	NULL,	0,	0,	0,	0,	0,	1,	1,	2,	'2018-03-02 00:59:55',	'2018-03-02 00:59:55'),
(2755,	409,	'Biaya',	'100000',	0,	0,	0,	0,	1,	1,	1,	3,	'2018-03-02 00:59:55',	'2018-03-02 00:59:55'),
(2756,	409,	'Contoh Makanan',	NULL,	0,	1,	0,	1,	0,	1,	1,	4,	'2018-03-02 00:59:55',	'2018-03-02 00:59:55'),
(2757,	409,	'Nama Makanan',	NULL,	0,	0,	0,	0,	0,	1,	1,	5,	'2018-03-02 00:59:55',	'2018-03-02 00:59:55'),
(2758,	409,	'Catatan',	NULL,	1,	0,	0,	1,	0,	1,	1,	6,	'2018-03-02 00:59:55',	'2018-03-02 00:59:55'),
(2759,	410,	'Nama',	NULL,	0,	0,	0,	0,	0,	1,	1,	0,	'2018-03-02 00:59:55',	'2018-03-02 00:59:55'),
(2760,	410,	'Kontak',	NULL,	0,	0,	0,	0,	0,	1,	1,	1,	'2018-03-02 00:59:55',	'2018-03-02 00:59:55'),
(2761,	410,	'Alamat',	NULL,	0,	0,	0,	0,	0,	1,	1,	2,	'2018-03-02 00:59:55',	'2018-03-02 00:59:55'),
(2762,	410,	'Biaya',	'100000',	0,	0,	0,	0,	1,	1,	1,	3,	'2018-03-02 00:59:55',	'2018-03-02 00:59:55'),
(2763,	410,	'Contoh',	NULL,	0,	1,	0,	1,	0,	1,	1,	4,	'2018-03-02 00:59:55',	'2018-03-02 00:59:55'),
(2764,	410,	'Isi Undangan',	NULL,	0,	0,	0,	0,	0,	1,	1,	5,	'2018-03-02 00:59:55',	'2018-03-02 00:59:55'),
(2765,	410,	'Catatan',	NULL,	1,	0,	0,	1,	0,	1,	1,	6,	'2018-03-02 00:59:55',	'2018-03-02 00:59:55'),
(2766,	411,	'Nama',	NULL,	0,	0,	0,	0,	0,	1,	1,	0,	'2018-03-02 00:59:55',	'2018-03-02 00:59:55'),
(2767,	411,	'Kontak',	NULL,	0,	0,	0,	0,	0,	1,	1,	1,	'2018-03-02 00:59:55',	'2018-03-02 00:59:55'),
(2768,	411,	'Alamat',	NULL,	0,	0,	0,	0,	0,	1,	1,	2,	'2018-03-02 00:59:55',	'2018-03-02 00:59:55'),
(2769,	411,	'Biaya',	'100000',	0,	0,	0,	0,	1,	1,	1,	3,	'2018-03-02 00:59:55',	'2018-03-02 00:59:55'),
(2770,	411,	'Foto',	NULL,	0,	1,	0,	1,	0,	1,	1,	4,	'2018-03-02 00:59:55',	'2018-03-02 00:59:55'),
(2771,	411,	'Catatan',	NULL,	1,	0,	0,	1,	0,	1,	1,	5,	'2018-03-02 00:59:55',	'2018-03-02 00:59:55'),
(2772,	412,	'Nama Vendor',	NULL,	0,	0,	0,	0,	0,	1,	1,	0,	'2018-03-02 00:59:55',	'2018-03-02 00:59:55'),
(2773,	412,	'Kontak',	NULL,	0,	0,	0,	0,	0,	1,	1,	1,	'2018-03-02 00:59:55',	'2018-03-02 00:59:55'),
(2774,	412,	'Alamat',	NULL,	0,	0,	0,	0,	0,	1,	1,	2,	'2018-03-02 00:59:55',	'2018-03-02 00:59:55'),
(2775,	412,	'Biaya',	'100000',	0,	0,	0,	0,	1,	1,	1,	3,	'2018-03-02 00:59:55',	'2018-03-02 00:59:55'),
(2776,	412,	'Catatan',	NULL,	1,	0,	0,	1,	0,	1,	1,	4,	'2018-03-02 00:59:55',	'2018-03-02 00:59:55'),
(2777,	413,	'Nama Dekorator',	NULL,	0,	0,	0,	0,	0,	1,	1,	0,	'2018-03-02 00:59:55',	'2018-03-02 00:59:55'),
(2778,	413,	'Kontak',	NULL,	0,	0,	0,	0,	0,	1,	1,	1,	'2018-03-02 00:59:55',	'2018-03-02 00:59:55'),
(2779,	413,	'Alamat',	NULL,	0,	0,	0,	0,	0,	1,	1,	2,	'2018-03-02 00:59:55',	'2018-03-02 00:59:55'),
(2780,	413,	'Biaya',	'100000',	0,	0,	0,	0,	1,	1,	1,	3,	'2018-03-02 00:59:55',	'2018-03-02 00:59:55'),
(2781,	413,	'Foto Acuan Dekorasi',	NULL,	0,	1,	0,	1,	0,	1,	1,	4,	'2018-03-02 00:59:55',	'2018-03-02 00:59:55'),
(2782,	413,	'Tema Dekorasi',	NULL,	0,	0,	0,	0,	0,	1,	1,	5,	'2018-03-02 00:59:55',	'2018-03-02 00:59:55'),
(2783,	413,	'Nuansa Warna Bunga',	NULL,	0,	0,	0,	0,	0,	1,	1,	6,	'2018-03-02 00:59:55',	'2018-03-02 00:59:55'),
(2784,	413,	'Nuansa Warna Dekorasi',	NULL,	0,	0,	0,	0,	0,	1,	1,	7,	'2018-03-02 00:59:55',	'2018-03-02 00:59:55'),
(2785,	413,	'Kain Dekorasi',	NULL,	0,	0,	0,	0,	0,	1,	1,	8,	'2018-03-02 00:59:55',	'2018-03-02 00:59:55'),
(2786,	413,	'Catatan',	NULL,	1,	0,	0,	1,	0,	1,	1,	9,	'2018-03-02 00:59:55',	'2018-03-02 00:59:55'),
(2787,	414,	'Nama',	NULL,	0,	0,	0,	0,	0,	1,	1,	0,	'2018-03-02 00:59:55',	'2018-03-02 00:59:55'),
(2788,	414,	'Kontak',	NULL,	0,	0,	0,	0,	0,	1,	1,	1,	'2018-03-02 00:59:55',	'2018-03-02 00:59:55'),
(2789,	414,	'Alamat',	NULL,	0,	0,	0,	0,	0,	1,	1,	2,	'2018-03-02 00:59:55',	'2018-03-02 00:59:55'),
(2790,	414,	'Biaya',	'100000',	0,	0,	0,	0,	1,	1,	1,	3,	'2018-03-02 00:59:55',	'2018-03-02 00:59:55'),
(2791,	414,	'Foto Lokasi Acara',	NULL,	0,	1,	0,	1,	0,	1,	1,	4,	'2018-03-02 00:59:55',	'2018-03-02 00:59:55'),
(2792,	414,	'Catatan',	NULL,	1,	0,	0,	1,	0,	1,	1,	5,	'2018-03-02 00:59:55',	'2018-03-02 00:59:55'),
(2793,	415,	'Nama',	NULL,	0,	0,	0,	0,	0,	1,	1,	0,	'2018-03-02 00:59:55',	'2018-03-02 00:59:55'),
(2794,	415,	'Kontak',	NULL,	0,	0,	0,	0,	0,	1,	1,	1,	'2018-03-02 00:59:55',	'2018-03-02 00:59:55'),
(2795,	415,	'Alamat',	NULL,	0,	0,	0,	0,	0,	1,	1,	2,	'2018-03-02 00:59:55',	'2018-03-02 00:59:55'),
(2796,	415,	'Biaya',	'100000',	0,	0,	0,	0,	1,	1,	1,	3,	'2018-03-02 00:59:55',	'2018-03-02 00:59:55'),
(2797,	415,	'Foto Acuan Pernikahan',	NULL,	0,	1,	0,	1,	0,	1,	1,	4,	'2018-03-02 00:59:55',	'2018-03-02 00:59:55'),
(2798,	415,	'Catatan',	NULL,	1,	0,	0,	1,	0,	1,	1,	5,	'2018-03-02 00:59:55',	'2018-03-02 00:59:55'),
(2799,	416,	'Nama',	NULL,	0,	0,	0,	0,	0,	1,	1,	0,	'2018-03-02 00:59:55',	'2018-03-02 00:59:55'),
(2800,	416,	'Kontak',	NULL,	0,	0,	0,	0,	0,	1,	1,	1,	'2018-03-02 00:59:55',	'2018-03-02 00:59:55'),
(2801,	416,	'Alamat',	NULL,	0,	0,	0,	0,	0,	1,	1,	2,	'2018-03-02 00:59:55',	'2018-03-02 00:59:55'),
(2802,	416,	'Biaya',	'100000',	0,	0,	0,	0,	1,	1,	1,	3,	'2018-03-02 00:59:55',	'2018-03-02 00:59:55'),
(2803,	416,	'Video Acuan Pernikahan',	NULL,	0,	0,	1,	1,	0,	1,	1,	4,	'2018-03-02 00:59:55',	'2018-03-02 00:59:55'),
(2804,	416,	'Tema Video',	NULL,	0,	0,	0,	0,	0,	1,	1,	5,	'2018-03-02 00:59:55',	'2018-03-02 00:59:55'),
(2805,	416,	'Catatan',	NULL,	1,	0,	0,	1,	0,	1,	1,	6,	'2018-03-02 00:59:55',	'2018-03-02 00:59:55'),
(2806,	417,	'Nama',	NULL,	0,	0,	0,	0,	0,	1,	1,	0,	'2018-03-02 00:59:55',	'2018-03-02 00:59:55'),
(2807,	417,	'Kontak',	NULL,	0,	0,	0,	0,	0,	1,	1,	1,	'2018-03-02 00:59:55',	'2018-03-02 00:59:55'),
(2808,	417,	'Alamat',	NULL,	0,	0,	0,	0,	0,	1,	1,	2,	'2018-03-02 00:59:55',	'2018-03-02 00:59:55'),
(2809,	417,	'Biaya',	'100000',	0,	0,	0,	0,	1,	1,	1,	3,	'2018-03-02 00:59:55',	'2018-03-02 00:59:55'),
(2810,	417,	'Tema Busana',	NULL,	0,	0,	0,	0,	0,	1,	1,	4,	'2018-03-02 00:59:55',	'2018-03-02 00:59:55'),
(2811,	417,	'Nuansa Warna',	NULL,	0,	0,	0,	0,	0,	1,	1,	5,	'2018-03-02 00:59:55',	'2018-03-02 00:59:55'),
(2812,	417,	'Catatan',	NULL,	1,	0,	0,	1,	0,	1,	1,	6,	'2018-03-02 00:59:55',	'2018-03-02 00:59:55'),
(2813,	418,	'Nama',	NULL,	0,	0,	0,	0,	0,	1,	1,	0,	'2018-03-02 00:59:55',	'2018-03-02 00:59:55'),
(2814,	418,	'Kontak',	NULL,	0,	0,	0,	0,	0,	1,	1,	1,	'2018-03-02 00:59:55',	'2018-03-02 00:59:55'),
(2815,	418,	'Alamat',	NULL,	0,	0,	0,	0,	0,	1,	1,	2,	'2018-03-02 00:59:55',	'2018-03-02 00:59:55'),
(2816,	418,	'Biaya',	'100000',	0,	0,	0,	0,	1,	1,	1,	3,	'2018-03-02 00:59:55',	'2018-03-02 00:59:55'),
(2817,	418,	'Contoh Aksesoris',	NULL,	0,	1,	0,	1,	0,	1,	1,	4,	'2018-03-02 00:59:55',	'2018-03-02 00:59:55'),
(2818,	418,	'Tema',	NULL,	0,	0,	0,	0,	0,	1,	1,	5,	'2018-03-02 00:59:55',	'2018-03-02 00:59:55'),
(2819,	418,	'Catatan',	NULL,	1,	0,	0,	1,	0,	1,	1,	6,	'2018-03-02 00:59:55',	'2018-03-02 00:59:55'),
(2820,	419,	'Nama',	NULL,	0,	0,	0,	0,	0,	1,	1,	0,	'2018-03-02 00:59:55',	'2018-03-02 00:59:55'),
(2821,	419,	'Kontak',	NULL,	0,	0,	0,	0,	0,	1,	1,	1,	'2018-03-02 00:59:55',	'2018-03-02 00:59:55'),
(2822,	419,	'Alamat',	NULL,	0,	0,	0,	0,	0,	1,	1,	2,	'2018-03-02 00:59:55',	'2018-03-02 00:59:55'),
(2823,	419,	'Biaya',	'100000',	0,	0,	0,	0,	1,	1,	1,	3,	'2018-03-02 00:59:55',	'2018-03-02 00:59:55'),
(2824,	419,	'Contoh Pengrias Wajah',	NULL,	0,	1,	0,	1,	0,	1,	1,	4,	'2018-03-02 00:59:55',	'2018-03-02 00:59:55'),
(2825,	419,	'Tema',	NULL,	0,	0,	0,	0,	0,	1,	1,	5,	'2018-03-02 00:59:55',	'2018-03-02 00:59:55'),
(2826,	419,	'Catatan',	NULL,	1,	0,	0,	1,	0,	1,	1,	6,	'2018-03-02 00:59:55',	'2018-03-02 00:59:55'),
(2827,	420,	'Nama',	NULL,	0,	0,	0,	0,	0,	1,	1,	0,	'2018-03-02 00:59:55',	'2018-03-02 00:59:55'),
(2828,	420,	'Kontak',	NULL,	0,	0,	0,	0,	0,	1,	1,	1,	'2018-03-02 00:59:55',	'2018-03-02 00:59:55'),
(2829,	420,	'Alamat',	NULL,	0,	0,	0,	0,	0,	1,	1,	2,	'2018-03-02 00:59:55',	'2018-03-02 00:59:55'),
(2830,	420,	'Biaya',	'100000',	0,	0,	0,	0,	1,	1,	1,	3,	'2018-03-02 00:59:55',	'2018-03-02 00:59:55'),
(2831,	420,	'Contoh Makanan',	NULL,	0,	1,	0,	1,	0,	1,	1,	4,	'2018-03-02 00:59:55',	'2018-03-02 00:59:55'),
(2832,	420,	'Nama Makanan',	NULL,	0,	0,	0,	0,	0,	1,	1,	5,	'2018-03-02 00:59:55',	'2018-03-02 00:59:55'),
(2833,	420,	'Catatan',	NULL,	1,	0,	0,	1,	0,	1,	1,	6,	'2018-03-02 00:59:55',	'2018-03-02 00:59:55'),
(2834,	421,	'Nama',	NULL,	0,	0,	0,	0,	0,	1,	1,	0,	'2018-03-02 00:59:55',	'2018-03-02 00:59:55'),
(2835,	421,	'Kontak',	NULL,	0,	0,	0,	0,	0,	1,	1,	1,	'2018-03-02 00:59:55',	'2018-03-02 00:59:55'),
(2836,	421,	'Alamat',	NULL,	0,	0,	0,	0,	0,	1,	1,	2,	'2018-03-02 00:59:55',	'2018-03-02 00:59:55'),
(2837,	421,	'Biaya',	'100000',	0,	0,	0,	0,	1,	1,	1,	3,	'2018-03-02 00:59:55',	'2018-03-02 00:59:55'),
(2838,	421,	'Contoh',	NULL,	0,	1,	0,	1,	0,	1,	1,	4,	'2018-03-02 00:59:55',	'2018-03-02 00:59:55'),
(2839,	421,	'Isi Undangan',	NULL,	0,	0,	0,	0,	0,	1,	1,	5,	'2018-03-02 00:59:55',	'2018-03-02 00:59:55'),
(2840,	421,	'Catatan',	NULL,	1,	0,	0,	1,	0,	1,	1,	6,	'2018-03-02 00:59:55',	'2018-03-02 00:59:55'),
(2841,	422,	'Lokasi',	NULL,	0,	0,	0,	0,	0,	1,	1,	0,	'2018-03-02 00:59:55',	'2018-03-02 00:59:55'),
(2842,	422,	'Tanggal',	NULL,	0,	0,	0,	0,	0,	1,	1,	1,	'2018-03-02 00:59:55',	'2018-03-02 00:59:55'),
(2843,	422,	'Alamat',	NULL,	0,	0,	0,	0,	0,	1,	1,	2,	'2018-03-02 00:59:55',	'2018-03-02 00:59:55'),
(2844,	422,	'Biaya',	'100000',	0,	0,	0,	0,	1,	1,	1,	3,	'2018-03-02 00:59:55',	'2018-03-02 00:59:55'),
(2845,	422,	'Foto',	NULL,	0,	1,	0,	1,	0,	1,	1,	4,	'2018-03-02 00:59:55',	'2018-03-02 00:59:55'),
(2846,	422,	'Catatan',	NULL,	1,	0,	0,	1,	0,	1,	1,	5,	'2018-03-02 00:59:55',	'2018-03-02 00:59:55'),
(2847,	423,	'Nama',	NULL,	0,	0,	0,	0,	0,	1,	1,	0,	'2018-03-02 00:59:55',	'2018-03-02 00:59:55'),
(2848,	423,	'Kontak',	NULL,	0,	0,	0,	0,	0,	1,	1,	1,	'2018-03-02 00:59:55',	'2018-03-02 00:59:55'),
(2849,	423,	'Alamat',	NULL,	0,	0,	0,	0,	0,	1,	1,	2,	'2018-03-02 00:59:55',	'2018-03-02 00:59:55'),
(2850,	423,	'Biaya',	'100000',	0,	0,	0,	0,	1,	1,	1,	3,	'2018-03-02 00:59:55',	'2018-03-02 00:59:55'),
(2851,	423,	'Foto',	NULL,	0,	1,	0,	1,	0,	1,	1,	4,	'2018-03-02 00:59:55',	'2018-03-02 00:59:55'),
(2852,	423,	'Catatan',	NULL,	1,	0,	0,	1,	0,	1,	1,	5,	'2018-03-02 00:59:55',	'2018-03-02 00:59:55');

DROP TABLE IF EXISTS `content_detail_list`;
CREATE TABLE `content_detail_list` (
  `id` int(11) NOT NULL AUTO_INCREMENT,
  `content_detail_id` int(11) NOT NULL,
  `name` varchar(255) DEFAULT NULL,
  `value` text,
  `status` smallint(6) NOT NULL DEFAULT '1',
  `order` smallint(6) NOT NULL,
  `created_at` timestamp NULL DEFAULT NULL,
  `updated_at` timestamp NULL DEFAULT NULL,
  PRIMARY KEY (`id`),
  KEY `content_detail_id` (`content_detail_id`),
  CONSTRAINT `content_detail_list_ibfk_2` FOREIGN KEY (`content_detail_id`) REFERENCES `content_detail` (`id`) ON DELETE CASCADE ON UPDATE CASCADE
) ENGINE=InnoDB DEFAULT CHARSET=latin1;


SET NAMES utf8mb4;

DROP TABLE IF EXISTS `message`;
CREATE TABLE `message` (
  `id` int(11) NOT NULL AUTO_INCREMENT,
  `name` varchar(255) COLLATE utf8mb4_unicode_ci NOT NULL,
  `file` varchar(255) COLLATE utf8mb4_unicode_ci NOT NULL,
  `description` text COLLATE utf8mb4_unicode_ci NOT NULL,
  `start_date` date DEFAULT NULL,
  `end_date` date DEFAULT NULL,
  `is_all_date` smallint(6) NOT NULL DEFAULT '0',
  `message_at` timestamp NULL DEFAULT NULL,
  `status` smallint(6) NOT NULL,
  `created_at` timestamp NULL DEFAULT NULL,
  `updated_at` timestamp NULL DEFAULT NULL,
  PRIMARY KEY (`id`)
) ENGINE=InnoDB DEFAULT CHARSET=utf8mb4 COLLATE=utf8mb4_unicode_ci;


DROP TABLE IF EXISTS `migrations`;
CREATE TABLE `migrations` (
  `id` int(10) unsigned NOT NULL AUTO_INCREMENT,
  `migration` varchar(255) COLLATE utf8mb4_unicode_ci NOT NULL,
  `batch` int(11) NOT NULL,
  PRIMARY KEY (`id`)
) ENGINE=InnoDB DEFAULT CHARSET=utf8mb4 COLLATE=utf8mb4_unicode_ci;


DROP TABLE IF EXISTS `page`;
CREATE TABLE `page` (
  `id` int(11) NOT NULL AUTO_INCREMENT,
  `category` smallint(6) NOT NULL,
  `name` varchar(600) COLLATE utf8mb4_unicode_ci NOT NULL,
  `description` text COLLATE utf8mb4_unicode_ci NOT NULL,
  `created_at` timestamp NULL DEFAULT NULL,
  `updated_at` timestamp NULL DEFAULT NULL,
  PRIMARY KEY (`id`)
) ENGINE=InnoDB DEFAULT CHARSET=utf8mb4 COLLATE=utf8mb4_unicode_ci;

INSERT INTO `page` (`id`, `category`, `name`, `description`, `created_at`, `updated_at`) VALUES
(1,	1,	'Kebijakan Privasi',	'<p>Lorem Ipsum adalah contoh teks atau dummy dalam industri percetakan dan penataan huruf atau typesetting. Lorem Ipsum telah menjadi standar contoh teks sejak tahun 1500an, saat seorang tukang cetak yang tidak dikenal mengambil sebuah kumpulan teks dan mengacaknya untuk menjadi sebuah buku contoh huruf. Ia tidak hanya bertahan selama 5 abad, tapi juga telah beralih ke penataan huruf elektronik, tanpa ada perubahan apapun. Ia mulai dipopulerkan pada tahun 1960 dengan diluncurkannya lembaran-lembaran Letraset yang menggunakan kalimat-kalimat dari Lorem Ipsum, dan seiring munculnya perangkat lunak Desktop Publishing seperti Aldus PageMaker juga memiliki versi Lorem Ipsum.</p>\r\n<p>Dari mana asalnya?\r\nTidak seperti anggapan banyak orang, Lorem Ipsum bukanlah teks-teks yang diacak. Ia berakar dari sebuah naskah sastra latin klasik dari era 45 sebelum masehi, hingga bisa dipastikan usianya telah mencapai lebih dari 2000 tahun. Richard McClintock, seorang professor Bahasa Latin dari Hampden-Sidney College di Virginia, mencoba mencari makna salah satu kata latin yang dianggap paling tidak jelas, yakni consectetur, yang diambil dari salah satu bagian Lorem Ipsum. Setelah ia mencari maknanya di di literatur klasik, ia mendapatkan sebuah sumber yang tidak bisa diragukan. Lorem Ipsum berasal dari bagian 1.10.32 dan 1.10.33 dari naskah \"de Finibus Bonorum et Malorum\" (Sisi Ekstrim dari Kebaikan dan Kejahatan) karya Cicero, yang ditulis pada tahun 45 sebelum masehi. BUku ini adalah risalah dari teori etika yang sangat terkenal pada masa Renaissance. Baris pertama dari Lorem Ipsum, \"Lorem ipsum dolor sit amet..\", berasal dari sebuah baris di bagian 1.10.32.</p>',	'2018-02-24 02:48:34',	'2018-02-24 02:08:13'),
(2,	2,	'Tentang Kami',	'<p>Lorem Ipsum adalah contoh teks atau dummy dalam industri percetakan dan penataan huruf atau typesetting. Lorem Ipsum telah menjadi standar contoh teks sejak tahun 1500an, saat seorang tukang cetak yang tidak dikenal mengambil sebuah kumpulan teks dan mengacaknya untuk menjadi sebuah buku contoh huruf. Ia tidak hanya bertahan selama 5 abad, tapi juga telah beralih ke penataan huruf elektronik, tanpa ada perubahan apapun. Ia mulai dipopulerkan pada tahun 1960 dengan diluncurkannya lembaran-lembaran Letraset yang menggunakan kalimat-kalimat dari Lorem Ipsum, dan seiring munculnya perangkat lunak Desktop Publishing seperti Aldus PageMaker juga memiliki versi Lorem Ipsum.</p>\r\n<p>Dari mana asalnya?\r\nTidak seperti anggapan banyak orang, Lorem Ipsum bukanlah teks-teks yang diacak. Ia berakar dari sebuah naskah sastra latin klasik dari era 45 sebelum masehi, hingga bisa dipastikan usianya telah mencapai lebih dari 2000 tahun. Richard McClintock, seorang professor Bahasa Latin dari Hampden-Sidney College di Virginia, mencoba mencari makna salah satu kata latin yang dianggap paling tidak jelas, yakni consectetur, yang diambil dari salah satu bagian Lorem Ipsum. Setelah ia mencari maknanya di di literatur klasik, ia mendapatkan sebuah sumber yang tidak bisa diragukan. Lorem Ipsum berasal dari bagian 1.10.32 dan 1.10.33 dari naskah \"de Finibus Bonorum et Malorum\" (Sisi Ekstrim dari Kebaikan dan Kejahatan) karya Cicero, yang ditulis pada tahun 45 sebelum masehi. BUku ini adalah risalah dari teori etika yang sangat terkenal pada masa Renaissance. Baris pertama dari Lorem Ipsum, \"Lorem ipsum dolor sit amet..\", berasal dari sebuah baris di bagian 1.10.32.</p>',	'2018-02-24 02:48:50',	'2018-02-24 02:10:06'),
(3,	3,	'Ketentuan Penggunaan',	'<p>Lorem Ipsum adalah contoh teks atau dummy dalam industri percetakan dan penataan huruf atau typesetting. Lorem Ipsum telah menjadi standar contoh teks sejak tahun 1500an, saat seorang tukang cetak yang tidak dikenal mengambil sebuah kumpulan teks dan mengacaknya untuk menjadi sebuah buku contoh huruf. Ia tidak hanya bertahan selama 5 abad, tapi juga telah beralih ke penataan huruf elektronik, tanpa ada perubahan apapun. Ia mulai dipopulerkan pada tahun 1960 dengan diluncurkannya lembaran-lembaran Letraset yang menggunakan kalimat-kalimat dari Lorem Ipsum, dan seiring munculnya perangkat lunak Desktop Publishing seperti Aldus PageMaker juga memiliki versi Lorem Ipsum.</p>\r\n<p>Dari mana asalnya?\r\nTidak seperti anggapan banyak orang, Lorem Ipsum bukanlah teks-teks yang diacak. Ia berakar dari sebuah naskah sastra latin klasik dari era 45 sebelum masehi, hingga bisa dipastikan usianya telah mencapai lebih dari 2000 tahun. Richard McClintock, seorang professor Bahasa Latin dari Hampden-Sidney College di Virginia, mencoba mencari makna salah satu kata latin yang dianggap paling tidak jelas, yakni consectetur, yang diambil dari salah satu bagian Lorem Ipsum. Setelah ia mencari maknanya di di literatur klasik, ia mendapatkan sebuah sumber yang tidak bisa diragukan. Lorem Ipsum berasal dari bagian 1.10.32 dan 1.10.33 dari naskah \"de Finibus Bonorum et Malorum\" (Sisi Ekstrim dari Kebaikan dan Kejahatan) karya Cicero, yang ditulis pada tahun 45 sebelum masehi. BUku ini adalah risalah dari teori etika yang sangat terkenal pada masa Renaissance. Baris pertama dari Lorem Ipsum, \"Lorem ipsum dolor sit amet..\", berasal dari sebuah baris di bagian 1.10.32.</p>',	'2018-03-08 04:54:42',	NULL);

DROP TABLE IF EXISTS `procedure`;
CREATE TABLE `procedure` (
  `id` int(11) NOT NULL AUTO_INCREMENT,
  `name` varchar(255) NOT NULL,
  `description` varchar(600) DEFAULT NULL,
  `file` varchar(100) NOT NULL,
  `status` smallint(6) NOT NULL DEFAULT '1',
  `created_at` timestamp NULL DEFAULT NULL,
  `updated_at` timestamp NULL DEFAULT NULL,
  PRIMARY KEY (`id`)
) ENGINE=InnoDB DEFAULT CHARSET=latin1;

INSERT INTO `procedure` (`id`, `name`, `description`, `file`, `status`, `created_at`, `updated_at`) VALUES
(1,	'Prosedur',	NULL,	'prosedur-085359.png',	1,	'2018-02-20 03:00:00',	'2018-02-24 01:54:01');

DROP TABLE IF EXISTS `report_problem`;
CREATE TABLE `report_problem` (
  `id` int(11) NOT NULL AUTO_INCREMENT,
  `user_id` bigint(20) NOT NULL,
  `category` smallint(6) NOT NULL,
  `description` text COLLATE utf8mb4_unicode_ci NOT NULL,
  `status` smallint(6) NOT NULL DEFAULT '1',
  `created_at` timestamp NULL DEFAULT NULL,
  `updated_at` timestamp NULL DEFAULT NULL,
  PRIMARY KEY (`id`)
) ENGINE=InnoDB DEFAULT CHARSET=utf8mb4 COLLATE=utf8mb4_unicode_ci;


DROP TABLE IF EXISTS `user`;
CREATE TABLE `user` (
  `id` bigint(20) unsigned NOT NULL AUTO_INCREMENT,
  `name` varchar(255) COLLATE utf8mb4_unicode_ci DEFAULT NULL,
  `gender` smallint(6) DEFAULT NULL,
  `email` varchar(255) COLLATE utf8mb4_unicode_ci NOT NULL,
  `phone` varchar(30) COLLATE utf8mb4_unicode_ci DEFAULT NULL,
  `password` varchar(255) COLLATE utf8mb4_unicode_ci DEFAULT NULL,
  `remember_token` varchar(255) COLLATE utf8mb4_unicode_ci DEFAULT NULL,
  `firebase_token` varchar(255) COLLATE utf8mb4_unicode_ci DEFAULT NULL,
  `device_number` varchar(255) COLLATE utf8mb4_unicode_ci DEFAULT NULL,
  `registered_device_number` varchar(255) COLLATE utf8mb4_unicode_ci DEFAULT NULL,
  `registered_token` text COLLATE utf8mb4_unicode_ci,
  `registered_at` timestamp NULL DEFAULT NULL,
  `forgot_token` text COLLATE utf8mb4_unicode_ci,
  `token` text COLLATE utf8mb4_unicode_ci,
  `status` smallint(6) DEFAULT NULL,
  `role` smallint(6) DEFAULT NULL,
  `last_login_at` timestamp NULL DEFAULT NULL,
  `created_at` timestamp NULL DEFAULT NULL,
  `updated_at` timestamp NULL DEFAULT NULL,
  `deleted_at` timestamp NULL DEFAULT NULL,
  PRIMARY KEY (`id`)
) ENGINE=InnoDB DEFAULT CHARSET=utf8mb4 COLLATE=utf8mb4_unicode_ci;

INSERT INTO `user` (`id`, `name`, `gender`, `email`, `phone`, `password`, `remember_token`, `firebase_token`, `device_number`, `registered_device_number`, `registered_token`, `registered_at`, `forgot_token`, `token`, `status`, `role`, `last_login_at`, `created_at`, `updated_at`, `deleted_at`) VALUES
(1,	'Hendri Gunawan',	NULL,	'admin@wedding.com',	NULL,	'$2y$10$kIX7F7/JqN7itGh6oJnTGe.QAuYw.oL3nQJPXsQNF/BRyZs/RCPz.',	'gzTyIhamYEPgaf2PAD2Iod8NGUdKd5kPB8l1yfj1uJTf8IfovXdsvAi5MJDs',	NULL,	NULL,	NULL,	NULL,	NULL,	NULL,	NULL,	1,	1,	NULL,	'2018-02-19 02:54:13',	'2018-02-19 02:54:13',	NULL),
(17,	'Hendri Gunawan',	1,	'hendri.gnw@gmail.com',	'08561471500',	'$2y$10$.hMCSM1UbmkgLZn1m1Kx3.V4kQKlM7VerQziG6vrQvsJr9sQF9DeC',	NULL,	'xxx',	'xxx',	'xxx',	NULL,	'2018-03-02 00:59:54',	NULL,	'eyJ0eXAiOiJKV1QiLCJhbGciOiJIUzI1NiJ9.eyJzdWIiOjE3LCJpc3MiOiJodHRwOi8vbG9jYWxob3N0L3dlZGRpbmctcGxhbm5lci13ZWIvcHVibGljL2FwaS92MS9hdXRoL2xvZ2luIiwiaWF0IjoxNTIxNDYxODUxLCJleHAiOjE1MjI2NzE0NTEsIm5iZiI6MTUyMTQ2MTg1MSwianRpIjoiNmNXeWR3TjBHOHNEMmlzdiJ9.3BJzM0PqK6LfQ5pT2ZqwJ57Boj88V2Kg77N0kz4le0Q',	1,	10,	'2018-03-19 05:17:31',	'2018-03-02 00:59:54',	'2018-03-19 05:17:31',	NULL),
(18,	'Wina Marlina',	0,	'winamarlina97@gmail.com',	'085711202889',	'$2y$10$cljIE/mSJZokGpzaFVkyDeZTd2ecDgazT8EVxLbaj/IVd9STvXqQ6',	NULL,	NULL,	NULL,	NULL,	'PE7iMoFMPTqjQUvqCq1f0DXry',	NULL,	NULL,	NULL,	5,	10,	NULL,	'2018-03-02 00:59:54',	'2018-03-05 01:42:14',	NULL);

DROP TABLE IF EXISTS `user_relation`;
CREATE TABLE `user_relation` (
  `id` bigint(20) NOT NULL AUTO_INCREMENT,
  `male_user_id` bigint(20) unsigned NOT NULL,
  `female_user_id` bigint(20) unsigned NOT NULL,
  `wedding_day` date DEFAULT NULL,
  `venue` varchar(255) COLLATE utf8mb4_unicode_ci DEFAULT NULL,
  `photo` varchar(100) COLLATE utf8mb4_unicode_ci DEFAULT NULL,
  `created_at` date DEFAULT NULL,
  `updated_at` date DEFAULT NULL,
  PRIMARY KEY (`id`),
  KEY `male_user_id` (`male_user_id`),
  KEY `female_user_id` (`female_user_id`),
  CONSTRAINT `user_relation_ibfk_3` FOREIGN KEY (`male_user_id`) REFERENCES `user` (`id`) ON DELETE CASCADE ON UPDATE CASCADE,
  CONSTRAINT `user_relation_ibfk_4` FOREIGN KEY (`female_user_id`) REFERENCES `user` (`id`) ON DELETE CASCADE ON UPDATE CASCADE
) ENGINE=InnoDB DEFAULT CHARSET=utf8mb4 COLLATE=utf8mb4_unicode_ci;

INSERT INTO `user_relation` (`id`, `male_user_id`, `female_user_id`, `wedding_day`, `venue`, `photo`, `created_at`, `updated_at`) VALUES
(8,	17,	18,	NULL,	NULL,	'wina-marlina-hendri-gunawan-121857.jpg',	'2018-03-02',	'2018-03-19');

DROP TABLE IF EXISTS `vendor`;
CREATE TABLE `vendor` (
  `id` int(11) NOT NULL AUTO_INCREMENT,
  `category` varchar(255) COLLATE utf8mb4_unicode_ci NOT NULL,
  `name` varchar(255) COLLATE utf8mb4_unicode_ci NOT NULL,
  `description` text COLLATE utf8mb4_unicode_ci,
  `file` varchar(255) COLLATE utf8mb4_unicode_ci NOT NULL,
  `address` varchar(255) COLLATE utf8mb4_unicode_ci DEFAULT NULL,
  `phone` varchar(255) COLLATE utf8mb4_unicode_ci DEFAULT NULL,
  `instagram` varchar(255) COLLATE utf8mb4_unicode_ci DEFAULT NULL,
  `website` varchar(255) COLLATE utf8mb4_unicode_ci DEFAULT NULL,
  `status` smallint(6) NOT NULL DEFAULT '1',
  `order` smallint(6) NOT NULL,
  `created_at` timestamp NULL DEFAULT NULL,
  `updated_at` timestamp NULL DEFAULT NULL,
  PRIMARY KEY (`id`)
) ENGINE=InnoDB DEFAULT CHARSET=utf8mb4 COLLATE=utf8mb4_unicode_ci;

INSERT INTO `vendor` (`id`, `category`, `name`, `description`, `file`, `address`, `phone`, `instagram`, `website`, `status`, `order`, `created_at`, `updated_at`) VALUES
(2,	'',	'Hendri Photography',	'Lorem Ipsum is simply dummy text of the printing and typesetting industry. Lorem Ipsum has been the industry\'s standard dummy text ever since the 1500s, when an unknown printer took a galley of type and scrambled it to make a type specimen book. It has survived not only five centuries, but also the leap into electronic typesetting, remaining essentially unchanged. It was popularised in the 1960s with the release of Letraset sheets containing Lorem Ipsum passages, and more recently with desktop publishing software like Aldus PageMaker including versions of Lorem Ipsum.',	'hendri-photography-042524.jpg',	'Jl Arcana 2 No 219 Jakarta Pusat',	'021 999 2225',	'Hendri Gunawan',	'website.com',	1,	0,	'2018-03-18 21:25:24',	'2018-03-18 21:39:51');

DROP TABLE IF EXISTS `vendor_detail`;
CREATE TABLE `vendor_detail` (
  `id` int(11) NOT NULL AUTO_INCREMENT,
  `vendor_id` int(11) NOT NULL,
  `name` varchar(255) COLLATE utf8mb4_unicode_ci DEFAULT NULL,
  `file` varchar(255) COLLATE utf8mb4_unicode_ci NOT NULL,
  `status` smallint(6) NOT NULL DEFAULT '1',
  `order` smallint(6) NOT NULL,
  `created_at` timestamp NULL DEFAULT NULL,
  `updated_at` timestamp NULL DEFAULT NULL,
  PRIMARY KEY (`id`),
  KEY `vendor_id` (`vendor_id`),
  CONSTRAINT `vendor_detail_ibfk_2` FOREIGN KEY (`vendor_id`) REFERENCES `vendor` (`id`) ON DELETE CASCADE ON UPDATE CASCADE
) ENGINE=InnoDB DEFAULT CHARSET=utf8mb4 COLLATE=utf8mb4_unicode_ci;


-- 2018-03-20 11:12:44
